
  OPENSWMM ENGINE - VERSION 6.0.0-alpha.3
  -------------------------------------------
  ;;Project Title/Notes
  Imported SWMM Project
    WARNING 10: crest elevation is below downstream invert for regulator Link G60F61Yo1.
    WARNING 04: minimum elevation drop used for Conduit G60F090_G60F070_l1.
    WARNING 04: minimum elevation drop used for Conduit G61F060_G61F140_l1.
    WARNING 04: minimum elevation drop used for Conduit G62F012_G62F011_l1.
    WARNING 04: minimum elevation drop used for Conduit G70F301_G70F11P_l1.
    WARNING 04: minimum elevation drop used for Conduit G70F301_G70F11P_l2.
    WARNING 04: minimum elevation drop used for Conduit G71F290_G71F280_l1.
    WARNING 04: minimum elevation drop used for Conduit G71R050_G71U10F_l1.
    WARNING 04: minimum elevation drop used for Conduit G72K875_G72F874_l1.
    WARNING 04: minimum elevation drop used for Conduit G73F340_G73F330_l1.
    WARNING 04: minimum elevation drop used for Conduit G76R180_G76R185_l1.
    WARNING 02: maximum depth increased for Node G60K200.
    WARNING 02: maximum depth increased for Node G60K210.
    WARNING 02: maximum depth increased for Node G60U01F.
  
  ****************
  Analysis Options
  ****************
  Flow Units ............... CMS
  Process Models:
    Rainfall/Runoff ........ YES
    RDII ................... NO
    Snowmelt ............... NO
    Groundwater ............ NO
    Flow Routing ........... YES
    Ponding Allowed ........ YES
    Water Quality .......... NO
  Infiltration Method ...... HORTON
  Flow Routing Method ...... DYNWAVE
  Surcharge Method ......... EXTRAN
  Node Continuity .......... SEMI_IMPLICIT
  Anderson Acceleration .... YES
  Starting Date ............ 06/29/2012 00:01:00
  Ending Date .............. 06/30/2012 23:59:00
  Antecedent Dry Days ...... 0.0
  Report Time Step ......... 00:15:00
  Wet Time Step ............ 00:01:00
  Dry Time Step ............ 00:15:00
  Routing Time Step ........ 10.00 sec
  Variable Time Step ....... YES
  Maximum Trials ........... 20
  Number of Threads ........ 2
  Head Tolerance ........... 0.001500 ft
  
  
  WARNING: 2D outfall withdrawal was capped by the water available on the surface in 348 sync batch(es); check the outfall stage coupling and the 2D continuity block.
  **************************        Volume         Depth
  Runoff Quantity Continuity     hectare-m            mm
  **************************     ---------       -------
  Total Precipitation ......         8.275        30.594
  Evaporation Loss .........         0.000         0.000
  Infiltration Loss ........         5.684        21.015
  Surface Runoff ...........         2.600         9.613
  Final Storage ............         0.002         0.008
  Continuity Error (%) .....        -0.136
  
  
  **************************        Volume        Volume
  Flow Routing Continuity        hectare-m      10^6 ltr
  **************************     ---------     ---------
  Dry Weather Inflow .......         0.214         2.143
  Wet Weather Inflow .......         2.600        26.000
  Groundwater Inflow .......         0.000         0.000
  RDII Inflow ..............         0.000         0.000
  External Inflow ..........       171.596      1715.958
  External Outflow .........         3.887        38.875
  Flooding Loss ............       162.000      1620.004
  Evaporation Loss .........         0.000         0.000
  Exfiltration Loss ........         0.000         0.000
  Initial Stored Volume ....         0.000         0.000
  Final Stored Volume ......         1.351        13.512
  Continuity Error (%) .....         4.112
  
  
  **************************        Volume        Volume
  2D Surface Routing Continuity  cubic meters      10^6 ltr
  **************************     ---------     ---------
  Initial Stored Volume ....         0.000         0.000
  Rainfall Inflow ..........   1836390.969      1836.391
  1D -> 2D Spill Inflow ....   1576897.037      1576.897
  Outfall Inflow ...........     38911.824        38.912
  Boundary Inflow ..........         0.000         0.000
  2D -> 1D Drain Outflow ...   1643319.260      1643.319
  Outfall Withdrawal .......     73843.494        73.843
  Boundary Outflow .........         0.000         0.000
  Evaporation Loss .........         0.000         0.000
  Final Stored Volume ......   1807869.359      1807.869
  Continuity Error (%) .....        -2.110
  
  
  *************************
  2D Solver Statistics
  *************************
  Internal Steps ...........        657746
  Face-Kernel Evals ........    -512788655
  Avg Internal Step (s) ....        0.2625
  Last Internal Step (s) ...        0.1499
  Active Cells min/mean/max      9.4 / 50.7 /100.0  (%)
  LTS Tier 0 Occupancy (%) .           6.4
  LTS Tier 1 Occupancy (%) .           0.2
  LTS Tier 2 Occupancy (%) .           0.5
  LTS Tier 3 Occupancy (%) .          92.9
  
  
  **************************        Volume        Volume
  1D <-> 2D Exchange Reconcil.   hectare-m      10^6 ltr
  **************************     ---------     ---------
  1D -> 2D Spill ...........       157.689      1576.894
  2D -> 1D Drain ...........       164.332      1643.317
  Net 1D -> 2D .............        -6.642       -66.422
  Flow Continuity w/ Exchange Internal (%)    5.247
  
  
  *************************
  Highest Continuity Errors
  *************************
  Node G75S541 (-48.33%)
  Node G80F310 (-48.20%)
  Node H50S820 (-48.19%)
  Node G80F313 (-48.01%)
  Node G75S330 (-47.89%)
  
  
  ***************************
  Time-Step Critical Elements
  ***************************
  Link G72F061_G72K060_l1 (88.49%)
  Link G60K300_G60OU01_l1 (5.78%)
  Link G60F60Y_G60O220_l1 (2.46%)
  Link G70F300_G70F62Y_l1 (1.34%)
  Link G71F06R_G71F060_l1 (0.83%)
  
  
  ********************************
  Highest Flow Instability Indexes
  ********************************
  Link G75F65Yw1 (83)
  Link G80F66Yw1 (82)
  Link G80F66Yw2 (81)
  Link G70F62Yw1 (76)
  Link G80F66X_G80F66Y_l1 (63)
  
  
  *********************************
  Most Frequent Nonconverging Nodes
  *********************************
  Node G80F66Y (50.06%)
  Node G80F66X (41.26%)
  Node G70F62Y (28.09%)
  Node G75F65X (16.46%)
  Node G75F65Y (16.33%)
  
  
  *************************
  Routing Time Step Summary
  *************************
  Minimum Time Step           :     0.13 sec
  Average Time Step           :     0.76 sec
  Maximum Time Step           :    10.00 sec
  % of Time in Steady State   :     0.00
  Average Iterations per Step :    16.53
  % of Steps Not Converging   :    68.70
  Time Step Frequencies       :
     10.000 -  4.176 sec      :     0.01 %
      4.176 -  1.744 sec      :     1.72 %
      1.744 -  0.728 sec      :     0.18 %
      0.728 -  0.304 sec      :     1.30 %
      0.304 -  0.127 sec      :    96.79 %
  
  
  ***************************
  Subcatchment Runoff Summary
  ***************************

  ------------------------------------------------------------------------------------------------------------------------------
                            Total      Total      Total      Total     Imperv       Perv      Total       Total     Peak  Runoff
                           Precip      Runon       Evap      Infil     Runoff     Runoff     Runoff      Runoff   Runoff   Coeff
  Subcatchment                 mm         mm         mm         mm         mm         mm         mm    10^6 ltr      CMS
  ------------------------------------------------------------------------------------------------------------------------------
  BellAa_1358_17896_6       29.00       0.00       0.00      28.44       0.56       0.00       0.56        0.01     0.01   0.019
  G72R272_8122              29.00       0.00       0.00      13.30      15.80       0.00      15.80        0.02     0.02   0.545
  G72R280_8123              29.00       0.00       0.00      22.16       6.88       0.00       6.88        0.02     0.02   0.237
  G72R290_8124              29.00       0.00       0.00      29.00       0.00       0.00       0.00        0.00     0.00   0.000
  G72R291_8125              29.00       0.00       0.00      20.94       8.10       0.00       8.10        0.02     0.02   0.279
  G72R292_8126              29.00       0.00       0.00      18.02      11.07       0.00      11.07        0.01     0.01   0.382
  G72R293_8127              29.00       0.00       0.00      21.89       7.17       0.00       7.17        0.01     0.01   0.247
  G72R294_8128              29.00       0.00       0.00      23.11       5.92       0.00       5.92        0.02     0.01   0.204
  G72R295_8129              29.00       0.00       0.00      19.38       9.66       0.00       9.66        0.03     0.03   0.333
  G72R310_8130              29.00       0.00       0.00      17.22      11.83       0.00      11.83        0.03     0.02   0.408
  G72R330_8131              29.00       0.00       0.00      16.25      12.79       0.00      12.79        0.05     0.04   0.441
  G72R332_8132              29.00       0.00       0.00      16.63      12.43       0.00      12.43        0.02     0.02   0.429
  G72R333_8133              29.00       0.00       0.00      19.37       9.69       0.00       9.69        0.01     0.01   0.334
  G72R335_8134              29.00       0.00       0.00      19.81       9.24       0.00       9.24        0.02     0.02   0.319
  G72R33B_8135              29.00       0.00       0.00      28.57       0.43       0.00       0.43        0.00     0.00   0.015
  G72R340_8136              29.00       0.00       0.00      20.93       8.10       0.00       8.10        0.03     0.03   0.279
  G72R360_8137              29.00       0.00       0.00      20.30       8.72       0.00       8.72        0.04     0.04   0.301
  G72R370_8138              29.00       0.00       0.00      16.47      12.55       0.00      12.55        0.09     0.06   0.433
  G72R380_8139              29.00       0.00       0.00      16.24      12.79       0.00      12.79        0.06     0.05   0.441
  G72R390_8140              29.00       0.00       0.00      16.86      12.16       0.00      12.16        0.07     0.05   0.419
  G72R641_8141              29.00       0.00       0.00      12.06      17.08       0.00      17.08        0.01     0.01   0.589
  G72R642_8142              29.00       0.00       0.00      29.00       0.00       0.00       0.00        0.00     0.00   0.000
  G72R645_8143              29.00       0.00       0.00      23.53       5.52       0.00       5.52        0.01     0.01   0.190
  G72R646_8144              29.00       0.00       0.00      18.80      10.27       0.00      10.27        0.01     0.01   0.354
  G72R647_8145              29.00       0.00       0.00       9.74      19.46       0.00      19.46        0.00     0.00   0.671
  G72R648_8146              29.00       0.00       0.00      20.05       9.03       0.00       9.03        0.01     0.01   0.311
  G72R649_8147              29.00       0.00       0.00      16.04      13.03       0.00      13.03        0.02     0.02   0.449
  G72R650_8148              29.00       0.00       0.00      15.69      13.34       0.00      13.34        0.05     0.04   0.460
  G72R651_8149              29.00       0.00       0.00      18.32      10.75       0.00      10.75        0.01     0.01   0.371
  G72R653_8150              29.00       0.00       0.00      16.46      12.58       0.00      12.58        0.04     0.04   0.434
  G72F316_7958              29.00       0.00       0.00       7.71      21.45       0.00      21.45        0.01     0.01   0.740
  G72F317_7959              29.00       0.00       0.00      25.56       3.47       0.00       3.47        0.01     0.01   0.120
  G72F317_7960              29.00       0.00       0.00      16.13      12.94       0.00      12.94        0.02     0.02   0.446
  G72F317_7961              29.00       0.00       0.00       7.27      21.84       0.00      21.84        0.02     0.02   0.753
  G72F317_7962              29.00       0.00       0.00      19.18       9.90       0.00       9.90        0.01     0.01   0.341
  G72F320_7963              29.00       0.00       0.00      17.94      11.16       0.00      11.16        0.01     0.01   0.385
  G72F320_7964              29.00       0.00       0.00       5.08      24.09       0.00      24.09        0.01     0.01   0.831
  G72F330_7965              29.00       0.00       0.00      19.11       9.95       0.00       9.95        0.02     0.02   0.343
  G72F331_7966              29.00       0.00       0.00      22.24       6.83       0.00       6.83        0.01     0.01   0.236
  G72F332_7967              29.00       0.00       0.00      19.39       9.66       0.00       9.66        0.02     0.02   0.333
  G72F333_7968              29.00       0.00       0.00      21.19       7.87       0.00       7.87        0.01     0.01   0.271
  G72F334_7969              29.00       0.00       0.00      17.23      11.85       0.00      11.85        0.01     0.01   0.409
  G72F335_7970              29.00       0.00       0.00      19.99       9.07       0.00       9.07        0.01     0.01   0.313
  G72F336_7971              29.00       0.00       0.00      19.31       9.72       0.00       9.72        0.03     0.03   0.335
  G72F337_7972              29.00       0.00       0.00      22.72       6.35       0.00       6.35        0.01     0.01   0.219
  G72F337_7972_1            29.00       0.00       0.00      21.45       7.61       0.00       7.61        0.01     0.01   0.262
  G60O280_7268              34.80       0.00       0.00      20.46      14.39       0.00      14.39        0.10     0.07   0.413
  G60O320_7269              34.80       0.00       0.00      21.89      12.99       0.00      12.99        0.04     0.04   0.373
  G60O340_7270              34.80       0.00       0.00      26.54       8.29       0.00       8.29        0.07     0.06   0.238
  G60R011_7271              34.80       0.00       0.00      29.62       5.20       0.00       5.20        0.09     0.07   0.149
  G60R281_7272              34.80       0.00       0.00      20.55      14.34       0.00      14.34        0.04     0.04   0.412
  G60R282_7273              34.80       0.00       0.00      21.05      13.81       0.00      13.81        0.06     0.05   0.397
  G60R290_7274              34.80       0.00       0.00      19.73      15.15       0.00      15.15        0.05     0.05   0.435
  G60R291_7275              34.80       0.00       0.00      20.29      14.58       0.00      14.58        0.06     0.05   0.419
  G60R293_7277              34.80       0.00       0.00      20.73      14.14       0.00      14.14        0.05     0.05   0.406
  G60R295_7278              34.80       0.00       0.00      34.80       0.00       0.00       0.00        0.00     0.00   0.000
  G60R296_7279              34.80       0.00       0.00      20.95      13.93       0.00      13.93        0.04     0.04   0.400
  G60R305_7280              34.80       0.00       0.00      21.13      13.72       0.00      13.72        0.09     0.07   0.394
  G60R307_7281              34.80       0.00       0.00      22.30      12.54       0.00      12.54        0.09     0.06   0.360
  G60R308_7282              34.80       0.00       0.00      18.39      16.50       0.00      16.50        0.05     0.05   0.474
  G60R321_7283              34.80       0.00       0.00      21.04      13.84       0.00      13.84        0.05     0.04   0.398
  G60R322_7284              34.80       0.00       0.00      21.52      13.33       0.00      13.33        0.07     0.06   0.383
  G60R323_7285              34.80       0.00       0.00      21.52      13.36       0.00      13.36        0.05     0.05   0.384
  G60R342_7286              34.80       0.00       0.00      23.70      11.20       0.00      11.20        0.02     0.03   0.322
  G60R343_7287              34.80       0.00       0.00      23.87      10.98       0.00      10.98        0.05     0.05   0.316
  G60R380_7288              34.80       0.00       0.00      22.75      12.09       0.00      12.09        0.08     0.06   0.348
  G60R381_7289              34.80       0.00       0.00      26.02       8.84       0.00       8.84        0.04     0.04   0.254
  G60R382_7290              34.80       0.00       0.00      22.02      12.89       0.00      12.89        0.03     0.03   0.370
  G60R383_7291              34.80       0.00       0.00      23.66      11.20       0.00      11.20        0.04     0.04   0.322
  G61F011_7292              34.80       0.00       0.00      21.72      13.14       0.00      13.14        0.06     0.05   0.378
  G61F013_7293              34.80       0.00       0.00      23.39      11.50       0.00      11.50        0.03     0.03   0.330
  G61F030_7294              34.80       0.00       0.00      20.31      14.55       0.00      14.55        0.07     0.05   0.418
  G61F031_7295              34.80       0.00       0.00      21.33      13.54       0.00      13.54        0.05     0.05   0.389
  G61F032_7296              34.80       0.00       0.00      22.81      12.04       0.00      12.04        0.07     0.05   0.346
  G61F033_7297              34.80       0.00       0.00      22.92      11.93       0.00      11.93        0.07     0.05   0.343
  G61F034_7298              34.80       0.00       0.00      21.59      13.26       0.00      13.26        0.07     0.06   0.381
  G61F035_7299              34.80       0.00       0.00      22.63      12.23       0.00      12.23        0.05     0.04   0.352
  G61F041_7300              34.80       0.00       0.00      22.33      12.52       0.00      12.52        0.07     0.06   0.360
  G61F042_7301              34.80       0.00       0.00      23.05      11.80       0.00      11.80        0.07     0.05   0.339
  G61F043_7302              34.80       0.00       0.00      20.97      13.88       0.00      13.88        0.08     0.06   0.399
  G61F044_7303              34.80       0.00       0.00      20.55      14.33       0.00      14.33        0.05     0.05   0.412
  G61F045_7304              34.80       0.00       0.00      20.63      14.24       0.00      14.24        0.05     0.05   0.409
  G61F060_7305              34.80       0.00       0.00      20.06      14.80       0.00      14.80        0.07     0.06   0.425
  G61F061_7306              34.80       0.00       0.00      22.47      12.38       0.00      12.38        0.07     0.05   0.356
  G61F062_7307              34.80       0.00       0.00      21.94      12.91       0.00      12.91        0.07     0.06   0.371
  G61F063_7308              34.80       0.00       0.00      22.68      12.17       0.00      12.17        0.07     0.05   0.350
  G61F064_7309              34.80       0.00       0.00      21.83      13.03       0.00      13.03        0.05     0.05   0.375
  G61F065_7310              34.80       0.00       0.00      21.83      13.04       0.00      13.04        0.05     0.05   0.375
  G61F080_7311              34.80       0.00       0.00      30.79       4.04       0.00       4.04        0.04     0.04   0.116
  G61F120_7312              34.80       0.00       0.00      19.57      15.29       0.00      15.29        0.07     0.06   0.439
  G61F130_7313              34.80       0.00       0.00      24.51      10.33       0.00      10.33        0.06     0.05   0.297
  G61F140_7314              34.80       0.00       0.00      19.92      15.02       0.00      15.02        0.02     0.02   0.432
  G61F160_7315              34.80       0.00       0.00      15.53      19.34       0.00      19.34        0.08     0.06   0.556
  G61F161_7316              34.80       0.00       0.00      23.22      11.62       0.00      11.62        0.08     0.06   0.334
  G61F162_7317              34.80       0.00       0.00      26.03       8.81       0.00       8.81        0.05     0.05   0.253
  G61F163_7318              34.80       0.00       0.00      26.11       8.72       0.00       8.72        0.08     0.06   0.251
  G61F164_7319              34.80       0.00       0.00      26.21       8.64       0.00       8.64        0.05     0.04   0.248
  G61F170_7320              34.80       0.00       0.00      22.01      12.83       0.00      12.83        0.09     0.06   0.369
  G61F180_7321              34.80       0.00       0.00      18.41      16.47       0.00      16.47        0.06     0.05   0.473
  G61F210_7322              34.80       0.00       0.00      23.60      11.26       0.00      11.26        0.05     0.05   0.324
  G61F221_7323              34.80       0.00       0.00      20.00      14.85       0.00      14.85        0.08     0.06   0.427
  G61F222_7324              34.80       0.00       0.00      18.46      16.44       0.00      16.44        0.04     0.04   0.472
  G61F223_7325              34.80       0.00       0.00      20.71      14.22       0.00      14.22        0.02     0.03   0.409
  G61F224_7326              34.80       0.00       0.00      19.82      15.11       0.00      15.11        0.02     0.03   0.434
  G61F230_7327              34.80       0.00       0.00      24.07      10.79       0.00      10.79        0.04     0.04   0.310
  G61F231_7328              34.80       0.00       0.00      22.52      12.33       0.00      12.33        0.07     0.06   0.354
  G61F232_7329              34.80       0.00       0.00      21.94      12.97       0.00      12.97        0.02     0.03   0.373
  G61F233_7330              34.80       0.00       0.00      19.95      14.97       0.00      14.97        0.03     0.03   0.430
  G61F240_7331              34.80       0.00       0.00      23.52      11.33       0.00      11.33        0.07     0.06   0.326
  G61F241_7332              34.80       0.00       0.00      20.88      13.99       0.00      13.99        0.06     0.05   0.402
  G61F242_7333              34.80       0.00       0.00      19.64      15.26       0.00      15.26        0.04     0.04   0.438
  G61F243_7334              34.80       0.00       0.00      21.37      13.59       0.00      13.59        0.01     0.02   0.390
  G61F260_7335              34.80       0.00       0.00      22.81      12.04       0.00      12.04        0.06     0.05   0.346
  G61F261_7336              34.80       0.00       0.00      21.52      13.39       0.00      13.39        0.02     0.03   0.385
  G61F270_7337              34.80       0.00       0.00      20.25      14.61       0.00      14.61        0.07     0.06   0.420
  G61F280_7338              34.80       0.00       0.00      20.16      14.77       0.00      14.77        0.03     0.03   0.424
  G61F290_7339              34.80       0.00       0.00      15.95      19.00       0.00      19.00        0.03     0.03   0.546
  G61F320_7340              34.80       0.00       0.00      21.89      12.97       0.00      12.97        0.06     0.05   0.373
  G61F330_7341              34.80       0.00       0.00      20.34      14.53       0.00      14.53        0.05     0.05   0.418
  G61F331_7342              34.80       0.00       0.00      27.90       6.96       0.00       6.96        0.03     0.03   0.200
  G61F340_7343              34.80       0.00       0.00      19.86      15.00       0.00      15.00        0.07     0.06   0.431
  G61F350_7344              34.80       0.00       0.00      18.42      16.42       0.00      16.42        0.11     0.07   0.472
  G61F351_7345              34.80       0.00       0.00      16.61      18.31       0.00      18.31        0.03     0.04   0.526
  G61F352_7346              34.80       0.00       0.00      25.33       9.56       0.00       9.56        0.02     0.02   0.275
  G61F353_7347              34.80       0.00       0.00      25.10       9.74       0.00       9.74        0.06     0.05   0.280
  G61F354_7348              34.80       0.00       0.00      24.38      10.51       0.00      10.51        0.02     0.03   0.302
  G61F360_7349              34.80       0.00       0.00      21.66      13.23       0.00      13.23        0.03     0.03   0.380
  G61F362_7350              34.80       0.00       0.00      18.29      16.67       0.00      16.67        0.02     0.02   0.479
  G61F370_7351              34.80       0.00       0.00      25.88       8.96       0.00       8.96        0.06     0.05   0.258
  G61F373_7352              34.80       0.00       0.00      25.55       9.31       0.00       9.31        0.04     0.04   0.267
  G61F375_7353              34.80       0.00       0.00      28.78       6.09       0.00       6.09        0.01     0.01   0.175
  G61F376_7354              34.80       0.00       0.00      28.25       6.63       0.00       6.63        0.01     0.01   0.190
  G61F380_7355              34.80       0.00       0.00      27.47       7.37       0.00       7.37        0.04     0.04   0.212
  G61F390_7356              34.80       0.00       0.00      27.07       7.80       0.00       7.80        0.02     0.02   0.224
  G61F400_7357              34.80       0.00       0.00      25.05       9.84       0.00       9.84        0.02     0.03   0.283
  G61F410_7358              34.80       0.00       0.00      25.65       9.19       0.00       9.19        0.07     0.06   0.264
  G61F411_7359              34.80       0.00       0.00      28.31       6.56       0.00       6.56        0.02     0.02   0.188
  G61F412_7360              34.80       0.00       0.00      23.70      11.15       0.00      11.15        0.05     0.05   0.321
  G61F420_7361              34.80       0.00       0.00      21.81      13.04       0.00      13.04        0.08     0.06   0.375
  G61F430_7362              34.80       0.00       0.00      21.94      12.89       0.00      12.89        0.10     0.07   0.371
  G61F440_7363              34.80       0.00       0.00      21.51      13.34       0.00      13.34        0.08     0.06   0.383
  G61F460_7364              34.80       0.00       0.00      22.15      12.70       0.00      12.70        0.07     0.06   0.365
  G62F010_7416              34.80       0.00       0.00      22.79      12.06       0.00      12.06        0.07     0.06   0.346
  G62F011_7417              34.80       0.00       0.00      27.08       7.80       0.00       7.80        0.01     0.02   0.224
  G62F012_7418              34.80       0.00       0.00      24.29      10.58       0.00      10.58        0.04     0.04   0.304
  G62F014_7419              34.80       0.00       0.00      22.06      12.82       0.00      12.82        0.04     0.04   0.368
  G62F015_7420              34.80       0.00       0.00      23.86      11.01       0.00      11.01        0.03     0.04   0.316
  G62F020_7421              34.80       0.00       0.00      22.30      12.55       0.00      12.55        0.08     0.06   0.361
  G62F022_7422              34.80       0.00       0.00      21.29      13.57       0.00      13.57        0.07     0.05   0.390
  G62F023_7423              34.80       0.00       0.00      24.09      10.82       0.00      10.82        0.02     0.02   0.311
  G62F060_7424              34.80       0.00       0.00      21.84      13.02       0.00      13.02        0.07     0.05   0.374
  G62F070_7425              34.80       0.00       0.00      17.64      17.24       0.00      17.24        0.06     0.05   0.495
  G62F071_7426              34.80       0.00       0.00      20.09      14.74       0.00      14.74        0.11     0.07   0.424
  G62F072_7427              34.80       0.00       0.00      20.75      14.10       0.00      14.10        0.09     0.06   0.405
  G62F073_7428              34.80       0.00       0.00      23.04      11.83       0.00      11.83        0.04     0.04   0.340
  G62F090_7429              34.80       0.00       0.00      19.24      15.58       0.00      15.58        0.15     0.09   0.448
  G62F091_7430              34.80       0.00       0.00      22.61      12.23       0.00      12.23        0.08     0.06   0.352
  G62F092_7431              34.80       0.00       0.00      22.40      12.46       0.00      12.46        0.06     0.05   0.358
  G62F093_7432              34.80       0.00       0.00      22.99      11.87       0.00      11.87        0.06     0.05   0.341
  G62F094_7433              34.80       0.00       0.00      22.34      12.51       0.00      12.51        0.06     0.05   0.360
  G62F095_7434              34.80       0.00       0.00      21.47      13.39       0.00      13.39        0.07     0.05   0.385
  G62F110_7435              34.80       0.00       0.00      20.93      13.91       0.00      13.91        0.09     0.06   0.400
  G62F112_7436              34.80       0.00       0.00      22.46      12.37       0.00      12.37        0.10     0.07   0.356
  G62F113_7437              34.80       0.00       0.00      22.21      12.65       0.00      12.65        0.06     0.05   0.364
  G62F114_7438              34.80       0.00       0.00      20.65      14.23       0.00      14.23        0.05     0.05   0.409
  G62F115_7439              34.80       0.00       0.00      17.75      17.17       0.00      17.17        0.03     0.04   0.493
  G62F116_7440              34.80       0.00       0.00      18.25      16.62       0.00      16.62        0.06     0.05   0.478
  G62F117_7441              34.80       0.00       0.00      21.32      13.59       0.00      13.59        0.02     0.03   0.391
  G62F121_7442              34.80       0.00       0.00      23.42      11.42       0.00      11.42        0.08     0.06   0.328
  G62F122_7443              34.80       0.00       0.00      21.03      13.83       0.00      13.83        0.07     0.05   0.398
  G62F130_7444              34.80       0.00       0.00      20.88      13.99       0.00      13.99        0.05     0.05   0.402
  G62F140_7445              34.80       0.00       0.00      22.28      12.57       0.00      12.57        0.08     0.06   0.361
  G62F160_7446              34.80       0.00       0.00      22.34      12.51       0.00      12.51        0.08     0.06   0.359
  G62F170_7447              34.80       0.00       0.00      22.17      12.68       0.00      12.68        0.07     0.05   0.364
  G62F180_7448              34.80       0.00       0.00      22.57      12.26       0.00      12.26        0.10     0.07   0.352
  G62F191_7449              34.80       0.00       0.00      20.16      14.70       0.00      14.70        0.07     0.05   0.423
  G62F195_7450              34.80       0.00       0.00      15.86      19.03       0.00      19.03        0.06     0.05   0.547
  G62F197_7451              34.80       0.00       0.00      18.53      16.33       0.00      16.33        0.07     0.06   0.469
  G62F199_7452              34.80       0.00       0.00      19.85      15.04       0.00      15.04        0.05     0.05   0.432
  G62F402_7453              34.80       0.00       0.00      17.82      17.12       0.00      17.12        0.03     0.03   0.492
  G62F403_7454              34.80       0.00       0.00      13.71      21.21       0.00      21.21        0.04     0.04   0.610
  G70F105_76812             34.80       0.00       0.00      33.33       1.48       0.00       1.48        0.03     0.03   0.042
  G70F123_7682              34.80       0.00       0.00      25.54       9.30       0.00       9.30        0.05     0.05   0.267
  G70F125_7683              34.80       0.00       0.00      27.31       7.56       0.00       7.56        0.02     0.03   0.217
  G70F130_7684              34.80       0.00       0.00      20.48      14.48       0.00      14.48        0.01     0.02   0.416
  G70F143_7685              34.80       0.00       0.00      20.99      13.85       0.00      13.85        0.09     0.07   0.398
  G70F160_7686              34.80       0.00       0.00      25.51       9.39       0.00       9.39        0.01     0.01   0.270
  G70F161_7687              34.80       0.00       0.00      22.93      11.93       0.00      11.93        0.06     0.05   0.343
  G70F162_7688              34.80       0.00       0.00      20.43      14.46       0.00      14.46        0.04     0.04   0.415
  G70F163_7689              29.00       0.00       0.00      17.61      11.43       0.00      11.43        0.03     0.03   0.394
  G70F164_7690              29.00       0.00       0.00      18.63      10.41       0.00      10.41        0.03     0.03   0.359
  G70F165_7691              29.00       0.00       0.00      20.00       9.03       0.00       9.03        0.03     0.03   0.311
  G70F166_7692              29.00       0.00       0.00      18.64      10.45       0.00      10.45        0.01     0.01   0.360
  G70F210_7693              29.00       0.00       0.00      17.69      11.34       0.00      11.34        0.05     0.04   0.391
  G70F211_7694              29.00       0.00       0.00      18.82      10.21       0.00      10.21        0.05     0.04   0.352
  G70F220_7695              29.00       0.00       0.00      19.01      10.02       0.00      10.02        0.04     0.03   0.346
  G70F230_7696              29.00       0.00       0.00      20.45       8.60       0.00       8.60        0.02     0.02   0.296
  G70F232_7697              29.00       0.00       0.00      18.41      10.60       0.00      10.60        0.11     0.07   0.366
  G70F234_7698              29.00       0.00       0.00      18.28      10.75       0.00      10.75        0.06     0.05   0.371
  G70F235_7699              29.00       0.00       0.00      19.71       9.34       0.00       9.34        0.02     0.02   0.322
  G70F236_7700              29.00       0.00       0.00      18.17      10.89       0.00      10.89        0.02     0.02   0.376
  G70F330_7701              34.80       0.00       0.00      22.37      12.50       0.00      12.50        0.05     0.04   0.359
  G70F331_7702              34.80       0.00       0.00      24.35      10.52       0.00      10.52        0.04     0.04   0.302
  G70F332_7703              34.80       0.00       0.00      22.85      12.01       0.00      12.01        0.05     0.05   0.345
  G70F333_7704              34.80       0.00       0.00      18.94      15.98       0.00      15.98        0.03     0.03   0.459
  G70F334_7705              34.80       0.00       0.00      21.28      13.61       0.00      13.61        0.04     0.04   0.391
  G70F335_7706              29.00       0.00       0.00       4.67      24.48       0.00      24.48        0.02     0.02   0.844
  G70F340_7707              34.80       0.00       0.00      23.91      10.92       0.00      10.92        0.09     0.07   0.314
  G70F341_7708              34.80       0.00       0.00      33.13       1.69       0.00       1.69        0.01     0.01   0.049
  G70F370_7709              34.80       0.00       0.00      24.27      10.57       0.00      10.57        0.06     0.05   0.304
  G70F371_7710              34.80       0.00       0.00      23.49      11.36       0.00      11.36        0.07     0.05   0.326
  G70F373_7711              34.80       0.00       0.00      20.17      14.70       0.00      14.70        0.06     0.05   0.422
  G70F374_7712              34.80       0.00       0.00      21.20      13.75       0.00      13.75        0.01     0.02   0.395
  G70F375_7713              34.80       0.00       0.00      22.53      12.38       0.00      12.38        0.02     0.02   0.356
  G70F377_7714              34.80       0.00       0.00      23.73      11.14       0.00      11.14        0.05     0.04   0.320
  G70R193_7763              29.00       0.00       0.00      18.65      10.40       0.00      10.40        0.02     0.02   0.359
  G70R261_7775              34.80       0.00       0.00      23.96      10.96       0.00      10.96        0.01     0.02   0.315
  G70R262_7776              34.80       0.00       0.00      26.74       8.14       0.00       8.14        0.02     0.02   0.234
  G71F041_7827              29.00       0.00       0.00      21.23       7.82       0.00       7.82        0.02     0.02   0.270
  G71F041_7828              29.00       0.00       0.00       8.92      20.16       0.00      20.16        0.03     0.03   0.695
  G71F046_7829              29.00       0.00       0.00      11.90      17.20       0.00      17.20        0.02     0.02   0.593
  G71F047_7830              29.00       0.00       0.00      23.64       5.38       0.00       5.38        0.03     0.03   0.185
  G71F057_7831              34.80       0.00       0.00      34.71       0.09       0.00       0.09        0.00     0.00   0.003
  G71F057_7832              34.80       0.00       0.00       8.15      26.86       0.00      26.86        0.03     0.03   0.772
  G71F057_7833              34.80       0.00       0.00      31.71       3.11       0.00       3.11        0.00     0.00   0.089
  G71F058_7834              34.80       0.00       0.00      25.47       9.44       0.00       9.44        0.01     0.01   0.271
  G71F058_7835              34.80       0.00       0.00      25.07       9.84       0.00       9.84        0.00     0.00   0.283
  G71F090_7836              29.00       0.00       0.00      27.72       1.30       0.00       1.30        0.00     0.00   0.045
  G71F090_7836_1            29.00       0.00       0.00      24.94       4.09       0.00       4.09        0.01     0.01   0.141
  G71F090_7837              29.00       0.00       0.00      11.69      17.41       0.00      17.41        0.02     0.02   0.600
  G71F100_7838              29.00       0.00       0.00      28.99       0.01       0.00       0.01        0.00     0.00   0.000
  G71F100_7838_1            29.00       0.00       0.00      25.34       3.69       0.00       3.69        0.01     0.01   0.127
  G71F100_7839              29.00       0.00       0.00      11.98      17.14       0.00      17.14        0.01     0.01   0.591
  G71F110_7840              29.00       0.00       0.00      23.93       5.12       0.00       5.12        0.01     0.01   0.176
  G71F110_7840_1            29.00       0.00       0.00      22.62       6.42       0.00       6.42        0.02     0.02   0.221
  G71F110_7841              29.00       0.00       0.00      10.19      18.93       0.00      18.93        0.02     0.02   0.653
  G71F110_7842              29.00       0.00       0.00      10.23      19.00       0.00      19.00        0.00     0.00   0.655
  G71F120_7843              29.00       0.00       0.00      23.80       5.25       0.00       5.25        0.00     0.00   0.181
  G71F120_7843_1            29.00       0.00       0.00      19.70       9.33       0.00       9.33        0.04     0.03   0.322
  G71F120_7844              29.00       0.00       0.00       7.94      21.15       0.00      21.15        0.03     0.02   0.729
  G71F121_7845              29.00       0.00       0.00      17.17      11.85       0.00      11.85        0.08     0.06   0.408
  G71F122_7846              29.00       0.00       0.00      22.04       7.00       0.00       7.00        0.02     0.02   0.241
  G71F123_7847              29.00       0.00       0.00      22.06       6.97       0.00       6.97        0.03     0.02   0.240
  G71F125_7848              29.00       0.00       0.00      22.84       6.18       0.00       6.18        0.05     0.04   0.213
  G71F126_7849              29.00       0.00       0.00      21.00       8.04       0.00       8.04        0.02     0.02   0.277
  G71F127_7850              29.00       0.00       0.00      22.18       6.86       0.00       6.86        0.02     0.02   0.237
  G71F128_7851              29.00       0.00       0.00      22.69       6.35       0.00       6.35        0.02     0.01   0.219
  G71F12P_7852              34.80       0.00       0.00      17.97      16.87       0.00      16.87        0.12     0.08   0.485
  G71F140_7853              29.00       0.00       0.00      18.40      10.63       0.00      10.63        0.04     0.04   0.366
  G71F141_7854              29.00       0.00       0.00      19.95       9.09       0.00       9.09        0.03     0.02   0.314
  G71F142_7855              29.00       0.00       0.00      17.20      11.83       0.00      11.83        0.05     0.04   0.408
  G71F143_7856              29.00       0.00       0.00      20.56       8.49       0.00       8.49        0.02     0.02   0.293
  G71F144_7857              29.00       0.00       0.00      21.59       7.43       0.00       7.43        0.06     0.05   0.256
  G71F145_7858              29.00       0.00       0.00      21.78       7.25       0.00       7.25        0.03     0.03   0.250
  G71F146_7859              29.00       0.00       0.00      23.36       5.68       0.00       5.68        0.01     0.01   0.196
  G71F147_7860              29.00       0.00       0.00      21.29       7.77       0.00       7.77        0.01     0.01   0.268
  G71F148_7861              29.00       0.00       0.00      19.91       9.13       0.00       9.13        0.03     0.03   0.315
  G71F160_7862              29.00       0.00       0.00      18.33      10.68       0.00      10.68        0.07     0.05   0.368
  G71F170_7863              29.00       0.00       0.00      16.50      12.54       0.00      12.54        0.04     0.04   0.432
  G71F171_7864              29.00       0.00       0.00      21.10       7.92       0.00       7.92        0.05     0.04   0.273
  G71F172_7865              29.00       0.00       0.00      22.28       6.74       0.00       6.74        0.05     0.04   0.233
  G71F174_7866              29.00       0.00       0.00      19.71       9.33       0.00       9.33        0.03     0.03   0.322
  G71F175_7867              29.00       0.00       0.00      20.77       8.26       0.00       8.26        0.04     0.04   0.285
  G71F176_7868              29.00       0.00       0.00      23.54       5.50       0.00       5.50        0.02     0.02   0.190
  G71F177_7869              29.00       0.00       0.00      18.59      10.44       0.00      10.44        0.04     0.04   0.360
  G71F180_7870              29.00       0.00       0.00      20.10       8.93       0.00       8.93        0.04     0.03   0.308
  G71F190_7871              29.00       0.00       0.00      18.59      10.44       0.00      10.44        0.05     0.04   0.360
  G71F200_7872              29.00       0.00       0.00      18.72      10.30       0.00      10.30        0.06     0.05   0.355
  G71F300_7873              29.00       0.00       0.00      18.57      10.45       0.00      10.45        0.05     0.04   0.360
  G71F301_7874              29.00       0.00       0.00      18.08      10.96       0.00      10.96        0.03     0.03   0.378
  G71F302_7875              29.00       0.00       0.00      19.11       9.93       0.00       9.93        0.04     0.03   0.342
  G71F303_7876              29.00       0.00       0.00      18.96      10.12       0.00      10.12        0.01     0.01   0.349
  G71F304_7877              29.00       0.00       0.00      25.14       3.89       0.00       3.89        0.01     0.01   0.134
  G71F305_7878              29.00       0.00       0.00      19.08       9.93       0.00       9.93        0.07     0.05   0.343
  G71F306_7879              29.00       0.00       0.00      17.25      11.83       0.00      11.83        0.01     0.01   0.408
  G71F306_78792             29.00       0.00       0.00      22.01       7.06       0.00       7.06        0.01     0.01   0.243
  G71F310_7880              29.00       0.00       0.00      20.23       8.79       0.00       8.79        0.04     0.04   0.303
  G71F311_7881              34.80       0.00       0.00      25.60       9.25       0.00       9.25        0.05     0.05   0.266
  G71F312_7882              34.80       0.00       0.00      25.54       9.29       0.00       9.29        0.10     0.07   0.267
  G71F313_7883              34.80       0.00       0.00      22.93      11.97       0.00      11.97        0.03     0.03   0.344
  G71F314_7884              34.80       0.00       0.00      25.86       9.01       0.00       9.01        0.03     0.03   0.259
  G71F315_7885              29.00       0.00       0.00      18.15      10.89       0.00      10.89        0.04     0.03   0.376
  G71F360_7886              29.00       0.00       0.00      21.91       7.13       0.00       7.13        0.02     0.02   0.246
  G71F360_7887              29.00       0.00       0.00      18.57      10.56       0.00      10.56        0.00     0.00   0.364
  G71F370_7888              29.00       0.00       0.00      20.57       8.46       0.00       8.46        0.04     0.03   0.292
  G71F380_7889              29.00       0.00       0.00      20.87       8.17       0.00       8.17        0.02     0.02   0.282
  G71F390_7890              29.00       0.00       0.00      19.22       9.81       0.00       9.81        0.05     0.04   0.338
  G71F391_7891              29.00       0.00       0.00      20.50       8.54       0.00       8.54        0.02     0.02   0.294
  G71F392_7892              29.00       0.00       0.00      20.27       8.77       0.00       8.77        0.02     0.02   0.302
  G71F393_7893              29.00       0.00       0.00      22.16       6.85       0.00       6.85        0.05     0.04   0.236
  G71F394_7894              29.00       0.00       0.00      20.75       8.29       0.00       8.29        0.02     0.02   0.286
  G71R060_7895              29.00       0.00       0.00      17.09      11.91       0.00      11.91        0.21     0.10   0.411
  G71R130_7896              29.00       0.00       0.00       6.95      22.15       0.00      22.15        0.03     0.02   0.764
  G71R132_7897              29.00       0.00       0.00       4.60      24.49       0.00      24.49        0.03     0.03   0.844
  G72F011_7902              29.00       0.00       0.00      18.37      10.68       0.00      10.68        0.02     0.02   0.368
  G72F011_7903              29.00       0.00       0.00      11.68      17.47       0.00      17.47        0.01     0.01   0.602
  G72F012_7904              29.00       0.00       0.00      22.68       6.34       0.00       6.34        0.04     0.03   0.219
  G72F012_7905              29.00       0.00       0.00       9.73      19.37       0.00      19.37        0.02     0.02   0.668
  G72F013_7906              29.00       0.00       0.00      23.89       5.16       0.00       5.16        0.01     0.01   0.178
  G72F013_7907              29.00       0.00       0.00       7.55      21.62       0.00      21.62        0.01     0.01   0.746
  G72F014_7908              29.00       0.00       0.00      25.08       3.98       0.00       3.98        0.00     0.00   0.137
  G72F014_7909              29.00       0.00       0.00       8.03      21.17       0.00      21.17        0.01     0.01   0.730
  G72F015_7910              29.00       0.00       0.00      22.03       7.02       0.00       7.02        0.01     0.01   0.242
  G72F015_7911              29.00       0.00       0.00      10.28      18.87       0.00      18.87        0.01     0.01   0.651
  G72F030_7912              29.00       0.00       0.00       7.29      21.88       0.00      21.88        0.01     0.01   0.754
  G72F710_8051              29.00       0.00       0.00      11.44      17.61       0.00      17.61        0.05     0.04   0.607
  G72F720_8052              29.00       0.00       0.00      21.22       7.81       0.00       7.81        0.03     0.03   0.269
  G72F730_8053              29.00       0.00       0.00      19.11       9.93       0.00       9.93        0.04     0.03   0.342
  G72F740_8054              29.00       0.00       0.00      21.52       7.53       0.00       7.53        0.01     0.01   0.260
  G72F760_8055              29.00       0.00       0.00      18.15      10.88       0.00      10.88        0.05     0.04   0.375
  G72F766_8056              29.00       0.00       0.00      19.17       9.88       0.00       9.88        0.02     0.02   0.341
  G72F767_8057              29.00       0.00       0.00      18.21      10.86       0.00      10.86        0.01     0.01   0.375
  G72F768_8058              29.00       0.00       0.00      20.10       8.96       0.00       8.96        0.01     0.01   0.309
  G72F770_8059              29.00       0.00       0.00      17.12      11.91       0.00      11.91        0.06     0.05   0.411
  G72F771_8060              29.00       0.00       0.00      17.33      11.70       0.00      11.70        0.05     0.04   0.403
  G72F771_80602             29.00       0.00       0.00      19.51       9.58       0.00       9.58        0.01     0.01   0.330
  G72F773_8061              29.00       0.00       0.00      21.32       7.71       0.00       7.71        0.03     0.02   0.266
  G72F774_8062              29.00       0.00       0.00      20.93       8.11       0.00       8.11        0.02     0.02   0.280
  G72F810_8063              29.00       0.00       0.00      17.89      11.14       0.00      11.14        0.05     0.04   0.384
  G72F812_8064              29.00       0.00       0.00      19.41       9.65       0.00       9.65        0.02     0.02   0.333
  G72F813_8065              29.00       0.00       0.00      19.46       9.57       0.00       9.57        0.03     0.03   0.330
  G73F360_8232              29.00       0.00       0.00      25.90       3.13       0.00       3.13        0.01     0.01   0.108
  G73F361_8233              29.00       0.00       0.00      24.83       4.19       0.00       4.19        0.03     0.02   0.144
  G73F363_8234              29.00       0.00       0.00      22.44       6.60       0.00       6.60        0.02     0.02   0.228
  G73F363_8235              29.00       0.00       0.00      23.47       5.59       0.00       5.59        0.01     0.01   0.193
  G73F363_8236              29.00       0.00       0.00      23.84       5.23       0.00       5.23        0.00     0.00   0.180
  G73F381_8237              29.00       0.00       0.00      20.43       8.61       0.00       8.61        0.02     0.02   0.297
  G73F382_8238              29.00       0.00       0.00      18.04      11.00       0.00      11.00        0.03     0.03   0.379
  G73F385_8239              29.00       0.00       0.00      24.31       4.71       0.00       4.71        0.02     0.02   0.162
  G73F400_8240              29.00       0.00       0.00      24.27       4.75       0.00       4.75        0.03     0.03   0.164
  G73F410_8241              29.00       0.00       0.00      23.80       5.22       0.00       5.22        0.03     0.03   0.180
  G73F420_8242              29.00       0.00       0.00      24.15       4.88       0.00       4.88        0.01     0.01   0.168
  G73F430_8243              29.00       0.00       0.00      27.53       1.48       0.00       1.48        0.02     0.02   0.051
  G73F500_8244              29.00       0.00       0.00      20.92       8.12       0.00       8.12        0.02     0.02   0.280
  G73F510_8245              29.00       0.00       0.00      19.60       9.45       0.00       9.45        0.02     0.02   0.326
  G73F510_8246              29.00       0.00       0.00      10.90      18.24       0.00      18.24        0.01     0.01   0.629
  G73F520_8247              29.00       0.00       0.00      19.59       9.47       0.00       9.47        0.01     0.01   0.327
  G72F040_7913              29.00       0.00       0.00      16.39      12.66       0.00      12.66        0.03     0.03   0.436
  G72F040_7914              29.00       0.00       0.00       8.89      20.30       0.00      20.30        0.01     0.01   0.700
  G72F050_7915              29.00       0.00       0.00      11.95      17.12       0.00      17.12        0.03     0.03   0.590
  G72F060_7916              29.00       0.00       0.00      12.27      16.77       0.00      16.77        0.05     0.04   0.578
  G72F062_7917              29.00       0.00       0.00      14.60      14.43       0.00      14.43        0.07     0.05   0.498
  G72F067_7918              29.00       0.00       0.00      15.64      13.43       0.00      13.43        0.02     0.02   0.463
  G72F068_7919              29.00       0.00       0.00      26.77       2.24       0.00       2.24        0.02     0.02   0.077
  G72F069_7920              29.00       0.00       0.00      20.06       8.97       0.00       8.97        0.03     0.03   0.309
  G72F070_7921              29.00       0.00       0.00       6.16      22.93       0.00      22.93        0.03     0.03   0.791
  G72F071_7922              29.00       0.00       0.00      19.85       9.21       0.00       9.21        0.01     0.01   0.318
  G72F080_7923              29.00       0.00       0.00      22.90       6.12       0.00       6.12        0.05     0.04   0.211
  G72F080_7924              29.00       0.00       0.00       5.56      23.61       0.00      23.61        0.01     0.01   0.814
  G72F082_7925              29.00       0.00       0.00      18.92      10.10       0.00      10.10        0.06     0.05   0.348
  G72F083_7926              29.00       0.00       0.00      18.60      10.43       0.00      10.43        0.06     0.04   0.359
  G72F084_7927              29.00       0.00       0.00      22.74       6.30       0.00       6.30        0.02     0.02   0.217
  G72F086_7928              29.00       0.00       0.00      23.09       5.95       0.00       5.95        0.01     0.01   0.205
  G72F090_7929              29.00       0.00       0.00       6.65      22.46       0.00      22.46        0.02     0.02   0.775
  G72F091_7930              29.00       0.00       0.00      22.37       6.66       0.00       6.66        0.03     0.02   0.230
  G72F092_7931              29.00       0.00       0.00      22.04       7.01       0.00       7.01        0.01     0.01   0.242
  G72F093_7932              29.00       0.00       0.00      15.95      13.07       0.00      13.07        0.07     0.05   0.451
  G72F095_7933              29.00       0.00       0.00      21.65       7.38       0.00       7.38        0.03     0.03   0.254
  G72F100_7934              29.00       0.00       0.00       9.49      19.62       0.00      19.62        0.02     0.02   0.677
  G72F101_7935              29.00       0.00       0.00      26.71       2.32       0.00       2.32        0.00     0.00   0.080
  G72F110_7936              29.00       0.00       0.00      28.93       0.07       0.00       0.07        0.00     0.00   0.002
  G72F110_7936_1            29.00       0.00       0.00      17.31      11.83       0.00      11.83        0.00     0.00   0.408
  G72F120_7937              29.00       0.00       0.00      15.14      13.89       0.00      13.89        0.04     0.04   0.479
  G72F250_7938              29.00       0.00       0.00      23.53       5.51       0.00       5.51        0.01     0.01   0.190
  G72F252_7939              29.00       0.00       0.00      19.85       9.18       0.00       9.18        0.04     0.04   0.316
  G72F252_7940              29.00       0.00       0.00      23.08       5.93       0.00       5.93        0.04     0.04   0.205
  G72F253_7941              29.00       0.00       0.00      16.02      13.08       0.00      13.08        0.01     0.01   0.451
  G72F260_7942              29.00       0.00       0.00       7.76      21.42       0.00      21.42        0.01     0.01   0.739
  G72F260_7943              29.00       0.00       0.00       6.40      22.69       0.00      22.69        0.03     0.02   0.783
  G72F280_7944              29.00       0.00       0.00       7.41      21.74       0.00      21.74        0.01     0.01   0.750
  G72F281_7945              29.00       0.00       0.00      15.88      13.21       0.00      13.21        0.01     0.01   0.456
  G72F290_7946              29.00       0.00       0.00      19.10       9.93       0.00       9.93        0.04     0.04   0.342
  G72F300_7947              29.00       0.00       0.00      10.92      18.29       0.00      18.29        0.00     0.00   0.631
  G72F310_7948              29.00       0.00       0.00      22.27       6.80       0.00       6.80        0.01     0.01   0.234
  G72F310_7949              29.00       0.00       0.00       7.54      21.71       0.00      21.71        0.00     0.00   0.749
  G72F311_7950              29.00       0.00       0.00       7.22      21.89       0.00      21.89        0.02     0.02   0.755
  G72F311_7951              29.00       0.00       0.00      22.92       6.13       0.00       6.13        0.01     0.01   0.211
  G72F313_7952              29.00       0.00       0.00      23.67       5.35       0.00       5.35        0.02     0.02   0.185
  G72F314_7953              29.00       0.00       0.00      17.39      11.66       0.00      11.66        0.02     0.02   0.402
  G72F314_7954              29.00       0.00       0.00      17.28      11.78       0.00      11.78        0.02     0.02   0.406
  G72F315_7955              29.00       0.00       0.00       9.30      19.84       0.00      19.84        0.01     0.01   0.684
  G72F316_7956              29.00       0.00       0.00      14.61      14.44       0.00      14.44        0.03     0.03   0.498
  G72F316_7957              29.00       0.00       0.00      23.15       5.91       0.00       5.91        0.01     0.01   0.204
  G72F340_7973              29.00       0.00       0.00       8.29      20.93       0.00      20.93        0.01     0.01   0.722
  G72F350_7974              29.00       0.00       0.00      20.54       8.47       0.00       8.47        0.11     0.07   0.292
  G72F350_7975              29.00       0.00       0.00      10.34      18.78       0.00      18.78        0.01     0.01   0.648
  G72F360_17874             29.00       0.00       0.00      14.70      14.34       0.00      14.34        0.04     0.03   0.494
  G72F380_7976              29.00       0.00       0.00      13.02      16.15       0.00      16.15        0.01     0.01   0.557
  G72F390_7977              29.00       0.00       0.00      28.59       0.42       0.00       0.42        0.00     0.00   0.014
  G72F390_7978              29.00       0.00       0.00      13.45      15.66       0.00      15.66        0.01     0.01   0.540
  G72F390_7979              29.00       0.00       0.00      15.85      13.27       0.00      13.27        0.01     0.01   0.458
  G72F410_7980              29.00       0.00       0.00      28.67       0.34       0.00       0.34        0.00     0.00   0.012
  G72F410_7980_1            29.00       0.00       0.00      24.54       4.48       0.00       4.48        0.02     0.02   0.154
  G72F410_7981              29.00       0.00       0.00      11.25      17.86       0.00      17.86        0.02     0.01   0.616
  G72F420_7982              29.00       0.00       0.00      26.71       2.32       0.00       2.32        0.01     0.01   0.080
  G72F420_7983              29.00       0.00       0.00      16.84      12.31       0.00      12.31        0.00     0.00   0.424
  G72F420_7984              29.00       0.00       0.00      12.77      16.37       0.00      16.37        0.01     0.01   0.564
  G72F420_7985              29.00       0.00       0.00      15.82      13.33       0.00      13.33        0.00     0.00   0.460
  G72F430_7986              29.00       0.00       0.00      28.66       0.35       0.00       0.35        0.00     0.00   0.012
  G72F430_7987              29.00       0.00       0.00      13.65      15.49       0.00      15.49        0.01     0.01   0.534
  G72F430_7988              29.00       0.00       0.00      16.10      13.05       0.00      13.05        0.00     0.00   0.450
  G72F440_7989              29.00       0.00       0.00      28.64       0.37       0.00       0.37        0.00     0.00   0.013
  G72F440_7990              29.00       0.00       0.00      15.09      14.05       0.00      14.05        0.01     0.01   0.484
  G72F440_7991              29.00       0.00       0.00       7.79      21.40       0.00      21.40        0.01     0.01   0.738
  G72F460_7992              29.00       0.00       0.00      28.67       0.33       0.00       0.33        0.00     0.00   0.011
  G72F460_7993              29.00       0.00       0.00      11.97      17.18       0.00      17.18        0.01     0.01   0.592
  G72F460_7994              29.00       0.00       0.00      13.78      15.37       0.00      15.37        0.01     0.01   0.530
  G72F470_7995              29.00       0.00       0.00      21.16       7.93       0.00       7.93        0.00     0.00   0.274
  G72F470_7996              29.00       0.00       0.00      11.32      17.84       0.00      17.84        0.01     0.01   0.615
  G72F480_7997              29.00       0.00       0.00      28.65       0.35       0.00       0.35        0.00     0.00   0.012
  G72F480_7998              29.00       0.00       0.00      15.22      13.91       0.00      13.91        0.01     0.01   0.480
  G72F490_7999              29.00       0.00       0.00      28.67       0.33       0.00       0.33        0.00     0.00   0.011
  G72F490_8000              29.00       0.00       0.00      15.40      13.75       0.00      13.75        0.00     0.00   0.474
  G72F491_8001              29.00       0.00       0.00      26.90       2.12       0.00       2.12        0.01     0.01   0.073
  G72F491_8002              29.00       0.00       0.00      13.99      15.13       0.00      15.13        0.01     0.01   0.522
  G72F492_8003              29.00       0.00       0.00      23.43       5.63       0.00       5.63        0.01     0.01   0.194
  G72F492_8004              29.00       0.00       0.00      14.42      14.74       0.00      14.74        0.00     0.00   0.508
  G72F494_8005              29.00       0.00       0.00      16.21      12.77       0.00      12.77        0.47     0.15   0.440
  G72F494_8006              29.00       0.00       0.00      15.47      13.68       0.00      13.68        0.00     0.00   0.472
  G72F550_8007              29.00       0.00       0.00       6.59      22.57       0.00      22.57        0.01     0.01   0.778
  G72F550_8008              29.00       0.00       0.00      23.95       5.11       0.00       5.11        0.00     0.00   0.176
  G72F561_8009              29.00       0.00       0.00      23.07       5.94       0.00       5.94        0.06     0.05   0.205
  G72F562_8010              29.00       0.00       0.00      18.33      10.71       0.00      10.71        0.04     0.03   0.369
  G72F580_8011              29.00       0.00       0.00      14.54      14.51       0.00      14.51        0.04     0.03   0.500
  G72F581_8012              29.00       0.00       0.00      22.60       6.43       0.00       6.43        0.03     0.02   0.222
  G72F582_8013              29.00       0.00       0.00      18.39      10.64       0.00      10.64        0.05     0.04   0.367
  G72F584_8014              29.00       0.00       0.00      17.35      11.68       0.00      11.68        0.04     0.04   0.403
  G72F585_8015              29.00       0.00       0.00      17.82      11.22       0.00      11.22        0.04     0.03   0.387
  G72F586_8016              29.00       0.00       0.00      16.92      12.13       0.00      12.13        0.03     0.03   0.418
  G72F588_8017              29.00       0.00       0.00      18.37      10.65       0.00      10.65        0.08     0.06   0.367
  G72F590_8018              29.00       0.00       0.00      21.62       7.40       0.00       7.40        0.05     0.04   0.255
  G72F610_8019              29.00       0.00       0.00      25.02       3.99       0.00       3.99        0.04     0.03   0.138
  G72F620_8020              29.00       0.00       0.00      20.60       8.43       0.00       8.43        0.03     0.03   0.291
  G72F630_8021              29.00       0.00       0.00      21.15       7.87       0.00       7.87        0.04     0.04   0.271
  G72F631_8022              29.00       0.00       0.00      17.12      11.92       0.00      11.92        0.04     0.04   0.411
  G72F632_8023              29.00       0.00       0.00      20.80       8.25       0.00       8.25        0.01     0.01   0.285
  G72F633_8024              29.00       0.00       0.00      19.65       9.43       0.00       9.43        0.01     0.01   0.325
  G72F635_8025              29.00       0.00       0.00      16.60      12.46       0.00      12.46        0.02     0.02   0.430
  G72F636_8026              29.00       0.00       0.00      21.39       7.67       0.00       7.67        0.01     0.01   0.264
  G72F637_8027              29.00       0.00       0.00      22.08       6.97       0.00       6.97        0.01     0.01   0.240
  G72F642_8028              29.00       0.00       0.00      20.53       8.52       0.00       8.52        0.02     0.02   0.294
  G72F644_8029              29.00       0.00       0.00      17.72      11.34       0.00      11.34        0.02     0.02   0.391
  G72F645_8030              29.00       0.00       0.00      21.73       7.35       0.00       7.35        0.00     0.00   0.253
  G72F647_8031              29.00       0.00       0.00      24.11       4.92       0.00       4.92        0.01     0.01   0.170
  G72F647_8031_1            29.00       0.00       0.00      29.00       0.00       0.00       0.00        0.00     0.00   0.000
  G72F648_8032              29.00       0.00       0.00      24.47       4.58       0.00       4.58        0.01     0.01   0.158
  G72F660_8033              29.00       0.00       0.00      20.85       8.18       0.00       8.18        0.03     0.02   0.282
  G72F660_8034              29.00       0.00       0.00      11.13      18.02       0.00      18.02        0.01     0.01   0.621
  G72F661_8035              29.00       0.00       0.00      28.73       0.27       0.00       0.27        0.00     0.00   0.009
  G72F661_8036              29.00       0.00       0.00      12.72      16.43       0.00      16.43        0.01     0.01   0.567
  G72F662_8037              29.00       0.00       0.00      24.38       4.67       0.00       4.67        0.01     0.01   0.161
  G72F662_8038              29.00       0.00       0.00       9.55      19.63       0.00      19.63        0.01     0.01   0.677
  G72F663_8039              29.00       0.00       0.00      21.24       7.82       0.00       7.82        0.01     0.01   0.270
  G72F663_8040              29.00       0.00       0.00      13.91      15.26       0.00      15.26        0.00     0.00   0.526
  G72F664_8041              29.00       0.00       0.00      18.20      10.83       0.00      10.83        0.06     0.05   0.373
  G72F664_8042              29.00       0.00       0.00      18.51      10.61       0.00      10.61        0.00     0.00   0.366
  G72F670_8043              29.00       0.00       0.00      20.74       8.32       0.00       8.32        0.01     0.01   0.287
  G72F671_8044              29.00       0.00       0.00      23.19       5.83       0.00       5.83        0.04     0.03   0.201
  G72F672_8045              29.00       0.00       0.00      19.80       9.23       0.00       9.23        0.03     0.02   0.318
  G72F674_8046              29.00       0.00       0.00      15.75      13.29       0.00      13.29        0.04     0.03   0.458
  G72F676_8047              29.00       0.00       0.00      17.81      11.23       0.00      11.23        0.04     0.03   0.387
  G72F677_8048              29.00       0.00       0.00      20.13       8.90       0.00       8.90        0.04     0.03   0.307
  G72F678_8049              29.00       0.00       0.00      19.33       9.70       0.00       9.70        0.03     0.03   0.335
  G72F700_8050              29.00       0.00       0.00      20.33       8.71       0.00       8.71        0.02     0.02   0.300
  G72F814_8066              29.00       0.00       0.00      18.80      10.23       0.00      10.23        0.04     0.03   0.353
  G72F820_8067              29.00       0.00       0.00      18.22      10.81       0.00      10.81        0.03     0.03   0.373
  G72F821_8068              29.00       0.00       0.00      19.39       9.64       0.00       9.64        0.04     0.03   0.333
  G72F830_8069              29.00       0.00       0.00      17.12      11.93       0.00      11.93        0.02     0.02   0.412
  G72F831_8070              29.00       0.00       0.00      18.22      10.86       0.00      10.86        0.01     0.01   0.375
  G72F832_8071              29.00       0.00       0.00      20.26       8.78       0.00       8.78        0.03     0.03   0.303
  G72F833_8072              29.00       0.00       0.00      21.07       7.96       0.00       7.96        0.03     0.03   0.275
  G72F834_8073              29.00       0.00       0.00      19.32       9.75       0.00       9.75        0.01     0.01   0.336
  G72F835_8074              29.00       0.00       0.00      21.29       7.73       0.00       7.73        0.04     0.03   0.267
  G72F870_8075              29.00       0.00       0.00      15.14      13.90       0.00      13.90        0.05     0.04   0.479
  G72F872_8076              29.00       0.00       0.00      13.89      15.15       0.00      15.15        0.05     0.04   0.522
  G72F873_8077              29.00       0.00       0.00      24.54       4.48       0.00       4.48        0.03     0.02   0.155
  G72F874_8078              29.00       0.00       0.00      19.48       9.56       0.00       9.56        0.02     0.02   0.330
  G72F880_8079              29.00       0.00       0.00      14.06      14.97       0.00      14.97        0.06     0.05   0.516
  G72F881_8080              29.00       0.00       0.00      15.64      13.41       0.00      13.41        0.03     0.03   0.463
  G72F890_8081              29.00       0.00       0.00      18.70      10.34       0.00      10.34        0.03     0.03   0.357
  G72F891_8082              29.00       0.00       0.00      18.01      11.01       0.00      11.01        0.06     0.05   0.380
  G72F893_8083              29.00       0.00       0.00      11.82      17.22       0.00      17.22        0.06     0.05   0.594
  G72F894_8084              29.00       0.00       0.00      21.27       7.76       0.00       7.76        0.03     0.03   0.268
  G72K050_8085              29.00       0.00       0.00       5.80      23.38       0.00      23.38        0.01     0.01   0.806
  G72K100_8086              29.00       0.00       0.00      22.52       6.53       0.00       6.53        0.01     0.01   0.225
  G72K100_8086_1            29.00       0.00       0.00      17.51      11.59       0.00      11.59        0.01     0.01   0.400
  G72K100_8087              29.00       0.00       0.00       8.24      20.90       0.00      20.90        0.01     0.01   0.721
  G72K256_8088              29.00       0.00       0.00      24.94       4.09       0.00       4.09        0.01     0.01   0.141
  G72K258_8089              29.00       0.00       0.00      22.01       7.02       0.00       7.02        0.02     0.02   0.242
  G72K312_8090              29.00       0.00       0.00       7.88      21.22       0.00      21.22        0.02     0.02   0.732
  G72K312_8091              29.00       0.00       0.00      22.97       6.06       0.00       6.06        0.03     0.02   0.209
  G72K330_8092              29.00       0.00       0.00       9.74      19.47       0.00      19.47        0.00     0.00   0.671
  G72K332_8093              29.00       0.00       0.00      15.52      13.54       0.00      13.54        0.03     0.03   0.467
  G72K560_8094              29.00       0.00       0.00      17.09      11.96       0.00      11.96        0.02     0.02   0.412
  G72K563_8095              29.00       0.00       0.00      14.64      14.38       0.00      14.38        0.07     0.05   0.496
  G72R161_8108              29.00       0.00       0.00      17.82      11.18       0.00      11.18        0.26     0.12   0.385
  G72R170_8110              29.00       0.00       0.00      16.21      12.92       0.00      12.92        0.01     0.01   0.445
  G72R171_8111              29.00       0.00       0.00      16.83      12.27       0.00      12.27        0.01     0.01   0.423
  G72R180_8112              29.00       0.00       0.00      10.21      18.91       0.00      18.91        0.02     0.01   0.652
  G72R200_17750_1           29.00       0.00       0.00      28.66       0.34       0.00       0.34        0.01     0.01   0.012
  G72R200_17750_2           29.00       0.00       0.00      20.31       8.70       0.00       8.70        0.08     0.06   0.300
  G72R200_17750_3           29.00       0.00       0.00      18.46      10.55       0.00      10.55        0.14     0.08   0.364
  G72R200_17750_7           29.00       0.00       0.00      28.79       0.21       0.00       0.21        0.00     0.00   0.007
  G72R205_17757_10          29.00       0.00       0.00      15.92      13.09       0.00      13.09        0.08     0.06   0.451
  G72R205_17757_11          29.00       0.00       0.00      17.29      11.71       0.00      11.71        0.13     0.08   0.404
  G72R205_17757_19          29.00       0.00       0.00      28.93       0.07       0.00       0.07        0.00     0.00   0.002
  G72R205_17757_20          29.00       0.00       0.00      28.36       0.65       0.00       0.65        0.00     0.00   0.022
  G72R205_17757_22          29.00       0.00       0.00      29.00       0.00       0.00       0.00        0.00     0.00   0.000
  G72R211_8116              29.00       0.00       0.00      17.17      11.83       0.00      11.83        0.13     0.08   0.408
  G72R211_81162             29.00       0.00       0.00      15.41      13.64       0.00      13.64        0.04     0.03   0.470
  G72R230_8117              29.00       0.00       0.00      15.56      13.45       0.00      13.45        0.09     0.06   0.464
  G72R240_8118              29.00       0.00       0.00      15.54      13.52       0.00      13.52        0.03     0.02   0.466
  G72R260_8119              29.00       0.00       0.00      21.69       7.36       0.00       7.36        0.02     0.02   0.254
  G72R270_8120              29.00       0.00       0.00      19.22       9.84       0.00       9.84        0.02     0.02   0.339
  G72R271_8121              29.00       0.00       0.00      16.03      13.04       0.00      13.04        0.02     0.02   0.450
  G72R654_8151              29.00       0.00       0.00      16.96      12.07       0.00      12.07        0.06     0.05   0.416
  G72R655_8152              29.00       0.00       0.00      27.26       1.76       0.00       1.76        0.01     0.01   0.061
  G72R656_8153              29.00       0.00       0.00      19.58       9.44       0.00       9.44        0.06     0.05   0.326
  G72R657_8154              29.00       0.00       0.00      18.72      10.30       0.00      10.30        0.05     0.04   0.355
  G72R658_8155              29.00       0.00       0.00      14.29      14.78       0.00      14.78        0.02     0.02   0.510
  G72R659_8156              29.00       0.00       0.00      27.75       1.26       0.00       1.26        0.00     0.00   0.044
  G72R659_8157              29.00       0.00       0.00      18.03      10.99       0.00      10.99        0.05     0.04   0.379
  G72R661_8158              29.00       0.00       0.00      20.62       8.41       0.00       8.41        0.04     0.03   0.290
  G72R662_8159              29.00       0.00       0.00      20.93       8.11       0.00       8.11        0.02     0.02   0.280
  G72R820_8160              29.00       0.00       0.00      17.66      11.39       0.00      11.39        0.03     0.03   0.393
  G72R890_8161              29.00       0.00       0.00      19.96       9.10       0.00       9.10        0.02     0.02   0.314
  G72R891_8162              29.00       0.00       0.00      18.33      10.69       0.00      10.69        0.06     0.05   0.369
  G72R892_8163              29.00       0.00       0.00      15.97      13.05       0.00      13.05        0.07     0.05   0.450
  G72R893_8164              29.00       0.00       0.00      24.30       4.73       0.00       4.73        0.01     0.01   0.163
  G72R894_8165              29.00       0.00       0.00      15.52      13.53       0.00      13.53        0.03     0.03   0.467
  G73F000_8166              29.00       0.00       0.00      16.15      12.90       0.00      12.90        0.03     0.03   0.445
  G73F001_8167              29.00       0.00       0.00      18.51      10.58       0.00      10.58        0.01     0.01   0.365
  G73F002_8168              29.00       0.00       0.00      16.88      12.16       0.00      12.16        0.04     0.04   0.419
  G73F003_8169              29.00       0.00       0.00      19.45       9.59       0.00       9.59        0.03     0.03   0.331
  G73F004_8170              29.00       0.00       0.00      17.11      11.90       0.00      11.90        0.09     0.06   0.410
  G73F005_8171              29.00       0.00       0.00      19.26       9.83       0.00       9.83        0.01     0.01   0.339
  G73F006_8172              29.00       0.00       0.00      20.36       8.67       0.00       8.67        0.05     0.04   0.299
  G73F006_8173              29.00       0.00       0.00      24.61       4.42       0.00       4.42        0.01     0.01   0.152
  G73F007_8174              29.00       0.00       0.00      18.57      10.49       0.00      10.49        0.02     0.02   0.362
  G73F008_8175              29.00       0.00       0.00      19.04       9.99       0.00       9.99        0.05     0.04   0.344
  G73F010_8176              29.00       0.00       0.00      21.24       7.80       0.00       7.80        0.02     0.02   0.269
  G73F020_8177              29.00       0.00       0.00      20.95       8.11       0.00       8.11        0.01     0.01   0.280
  G73F030_8178              29.00       0.00       0.00      23.04       6.00       0.00       6.00        0.01     0.01   0.207
  G73F030_8179              29.00       0.00       0.00      19.65       9.40       0.00       9.40        0.02     0.02   0.324
  G73F040_8180              29.00       0.00       0.00      19.04       9.99       0.00       9.99        0.04     0.03   0.344
  G73F042_8181              29.00       0.00       0.00      21.12       7.91       0.00       7.91        0.04     0.03   0.273
  G73F042_8182              29.00       0.00       0.00      15.16      13.92       0.00      13.92        0.02     0.02   0.480
  G73F050_8183              29.00       0.00       0.00      16.35      12.69       0.00      12.69        0.03     0.03   0.438
  G73F060_8184              29.00       0.00       0.00      19.96       9.09       0.00       9.09        0.02     0.02   0.313
  G73F070_8185              29.00       0.00       0.00      17.80      11.23       0.00      11.23        0.05     0.04   0.387
  G73F071_8186              29.00       0.00       0.00      18.92      10.12       0.00      10.12        0.03     0.02   0.349
  G73F072_8187              29.00       0.00       0.00      20.36       8.66       0.00       8.66        0.04     0.03   0.299
  G73F080_8188              29.00       0.00       0.00      19.07       9.98       0.00       9.98        0.03     0.03   0.344
  G73F090_8189              29.00       0.00       0.00      20.55       8.49       0.00       8.49        0.03     0.03   0.293
  G73F100_8190              29.00       0.00       0.00      20.31       8.73       0.00       8.73        0.03     0.03   0.301
  G73F110_8191              29.00       0.00       0.00      17.76      11.27       0.00      11.27        0.05     0.04   0.389
  G73F111_8192              29.00       0.00       0.00      20.55       8.52       0.00       8.52        0.01     0.01   0.294
  G73F112_8193              29.00       0.00       0.00      19.04       9.99       0.00       9.99        0.04     0.03   0.344
  G73F113_8194              29.00       0.00       0.00      17.62      11.42       0.00      11.42        0.04     0.04   0.394
  G73F114_8195              29.00       0.00       0.00      21.70       7.33       0.00       7.33        0.03     0.02   0.253
  G73F115_8196              29.00       0.00       0.00      21.21       7.81       0.00       7.81        0.05     0.04   0.269
  G73F116_8197              29.00       0.00       0.00      18.65      10.38       0.00      10.38        0.04     0.04   0.358
  G73F117_8198              29.00       0.00       0.00      16.75      12.30       0.00      12.30        0.03     0.03   0.424
  G73F120_8199              29.00       0.00       0.00      19.82       9.22       0.00       9.22        0.03     0.03   0.318
  G73F130_8200              29.00       0.00       0.00      19.98       9.04       0.00       9.04        0.05     0.04   0.312
  G73F140_8201              29.00       0.00       0.00      18.99      10.04       0.00      10.04        0.04     0.03   0.346
  G73F150_8202              29.00       0.00       0.00      19.18       9.85       0.00       9.85        0.04     0.03   0.340
  G73F160_8203              29.00       0.00       0.00      17.86      11.18       0.00      11.18        0.03     0.03   0.386
  G73F170_8205              29.00       0.00       0.00      20.84       8.19       0.00       8.19        0.04     0.03   0.282
  G73F180_8206              29.00       0.00       0.00      17.80      11.24       0.00      11.24        0.03     0.03   0.388
  G73F190_8207              29.00       0.00       0.00      19.40       9.64       0.00       9.64        0.03     0.02   0.332
  G73F210_8208              29.00       0.00       0.00      17.28      11.74       0.00      11.74        0.06     0.05   0.405
  G73F211_8209              29.00       0.00       0.00      18.88      10.20       0.00      10.20        0.01     0.01   0.352
  G73F220_8210              29.00       0.00       0.00      20.00       9.03       0.00       9.03        0.05     0.04   0.311
  G73F221_8211              29.00       0.00       0.00      20.77       8.26       0.00       8.26        0.03     0.03   0.285
  G73F222_8212              29.00       0.00       0.00      21.11       7.95       0.00       7.95        0.01     0.01   0.274
  G73F230_8213              29.00       0.00       0.00      15.30      13.71       0.00      13.71        0.09     0.06   0.473
  G73F231_8214              29.00       0.00       0.00      18.01      11.03       0.00      11.03        0.04     0.03   0.380
  G73F232_8215              29.00       0.00       0.00      18.75      10.30       0.00      10.30        0.02     0.02   0.355
  G73F233_8216              29.00       0.00       0.00      20.69       8.33       0.00       8.33        0.06     0.05   0.287
  G73F234_8217              29.00       0.00       0.00      20.80       8.23       0.00       8.23        0.03     0.03   0.284
  G73F235_8218              29.00       0.00       0.00      20.45       8.59       0.00       8.59        0.03     0.03   0.296
  G73F240_8219              29.00       0.00       0.00      13.10      15.92       0.00      15.92        0.10     0.07   0.549
  G73F260_8220              29.00       0.00       0.00      20.44       8.59       0.00       8.59        0.03     0.03   0.296
  G73F270_8221              29.00       0.00       0.00      15.74      13.28       0.00      13.28        0.08     0.06   0.458
  G73F271_8222              29.00       0.00       0.00      11.85      17.17       0.00      17.17        0.11     0.07   0.592
  G73F272_8223              29.00       0.00       0.00      17.86      11.14       0.00      11.14        0.17     0.09   0.384
  G73F274_8224              29.00       0.00       0.00      15.23      13.77       0.00      13.77        0.21     0.10   0.475
  G73F310_8225              29.00       0.00       0.00      17.84      11.17       0.00      11.17        0.08     0.06   0.385
  G73F311_8226              29.00       0.00       0.00      18.96      10.06       0.00      10.06        0.05     0.04   0.347
  G73F312_8227              29.00       0.00       0.00      16.39      12.67       0.00      12.67        0.02     0.02   0.437
  G73F320_8228              29.00       0.00       0.00      19.27       9.75       0.00       9.75        0.06     0.04   0.336
  G73F330_8229              29.00       0.00       0.00      25.59       3.44       0.00       3.44        0.01     0.01   0.119
  G73F340_8230              29.00       0.00       0.00      17.91      11.19       0.00      11.19        0.01     0.01   0.386
  G73F350_8231              29.00       0.00       0.00      21.62       7.45       0.00       7.45        0.01     0.01   0.257
  G73F520_8248              29.00       0.00       0.00      14.67      14.48       0.00      14.48        0.01     0.01   0.499
  G73F530_8249              29.00       0.00       0.00      21.20       7.88       0.00       7.88        0.01     0.01   0.272
  G73F530_8250              29.00       0.00       0.00      15.07      14.09       0.00      14.09        0.00     0.00   0.486
  G73F540_8251              29.00       0.00       0.00      19.02      10.06       0.00      10.06        0.01     0.01   0.347
  G73F540_8252              29.00       0.00       0.00      14.24      14.92       0.00      14.92        0.00     0.01   0.514
  G73F560_8253              29.00       0.00       0.00      20.57       8.48       0.00       8.48        0.02     0.02   0.292
  G73F560_8254              29.00       0.00       0.00      14.17      14.98       0.00      14.98        0.01     0.01   0.517
  G73F570_8255              29.00       0.00       0.00      21.80       7.23       0.00       7.23        0.02     0.02   0.249
  G73F570_8256              29.00       0.00       0.00      12.60      16.54       0.00      16.54        0.01     0.01   0.570
  G73F590_8257              29.00       0.00       0.00      10.52      18.57       0.00      18.57        0.02     0.02   0.640
  G73F614_8258              29.00       0.00       0.00      18.95      10.11       0.00      10.11        0.02     0.02   0.348
  G73F620_8259              29.00       0.00       0.00      18.70      10.30       0.00      10.30        0.15     0.08   0.355
  G73F620_8260              29.00       0.00       0.00      11.26      17.84       0.00      17.84        0.02     0.02   0.615
  G73F660_8261              29.00       0.00       0.00      22.75       6.32       0.00       6.32        0.01     0.01   0.218
  G73F660_8261_1            29.00       0.00       0.00      22.68       6.34       0.00       6.34        0.03     0.02   0.219
  G73F671_8262              29.00       0.00       0.00      20.70       8.34       0.00       8.34        0.03     0.02   0.288
  G73F672_8263              29.00       0.00       0.00      19.20       9.83       0.00       9.83        0.04     0.03   0.339
  G73F673_8264              29.00       0.00       0.00      20.86       8.17       0.00       8.17        0.03     0.03   0.282
  G73F674_8265              29.00       0.00       0.00      18.56      10.46       0.00      10.46        0.07     0.05   0.361
  G73G384_8266              29.00       0.00       0.00      22.95       6.07       0.00       6.07        0.03     0.03   0.209
  G73K370_8267              29.00       0.00       0.00      24.77       4.25       0.00       4.25        0.03     0.03   0.147
  G73K380_8268              29.00       0.00       0.00      16.86      12.19       0.00      12.19        0.03     0.03   0.420
  G73K613_8269              29.00       0.00       0.00      19.68       9.37       0.00       9.37        0.02     0.02   0.323
  G73R430_8270              29.00       0.00       0.00      15.45      13.65       0.00      13.65        0.01     0.01   0.471
  G73R440_8271              29.00       0.00       0.00      14.33      14.82       0.00      14.82        0.01     0.01   0.511
  G73R450_8272              29.00       0.00       0.00      16.25      12.82       0.00      12.82        0.02     0.02   0.442
  G73R451_8273              29.00       0.00       0.00      19.75       9.27       0.00       9.27        0.06     0.05   0.320
  G73R452_8274              29.00       0.00       0.00      17.61      11.43       0.00      11.43        0.04     0.03   0.394
  G73R453_8275              29.00       0.00       0.00      19.96       9.09       0.00       9.09        0.02     0.02   0.313
  G73R454_8276              29.00       0.00       0.00      16.27      12.79       0.00      12.79        0.02     0.02   0.441
  G73R455_8277              29.00       0.00       0.00      22.70       6.36       0.00       6.36        0.01     0.01   0.219
  G73R460_8278              29.00       0.00       0.00      14.60      14.47       0.00      14.47        0.03     0.02   0.499
  G73R640_7970              29.00       0.00       0.00      17.68      11.30       0.00      11.30        0.35     0.14   0.390
  G73R711_8279              29.00       0.00       0.00      11.95      17.18       0.00      17.18        0.01     0.01   0.592
  G73R713_8280              29.00       0.00       0.00      16.03      13.00       0.00      13.00        0.05     0.04   0.448
  G73R716_8281              29.00       0.00       0.00      18.55      10.51       0.00      10.51        0.02     0.01   0.362
  G73R718_8282              29.00       0.00       0.00      19.45       9.63       0.00       9.63        0.01     0.01   0.332
  G73R719_8283              29.00       0.00       0.00      15.85      13.19       0.00      13.19        0.03     0.03   0.455
  G73R722_8284              29.00       0.00       0.00      12.37      16.68       0.00      16.68        0.04     0.03   0.575
  G73R724_8285              29.00       0.00       0.00      15.52      13.51       0.00      13.51        0.06     0.05   0.466
  G74F130_8286              29.00       0.00       0.00       6.88      22.26       0.00      22.26        0.02     0.02   0.768
  G74F140_8287              29.00       0.00       0.00      20.58       8.48       0.00       8.48        0.01     0.01   0.293
  G74F140_8288              29.00       0.00       0.00      10.95      18.12       0.00      18.12        0.03     0.03   0.625
  G74F180_8289              29.00       0.00       0.00      20.62       8.41       0.00       8.41        0.03     0.02   0.290
  G74F190_8290              29.00       0.00       0.00      18.48      10.54       0.00      10.54        0.06     0.05   0.363
  G74F191_8291              29.00       0.00       0.00      21.10       7.93       0.00       7.93        0.02     0.02   0.274
  G74F210_8292              29.00       0.00       0.00      18.31      10.71       0.00      10.71        0.08     0.06   0.369
  G74F211_8293              29.00       0.00       0.00      21.53       7.51       0.00       7.51        0.02     0.02   0.259
  G74F220_8294              29.00       0.00       0.00      17.36      11.66       0.00      11.66        0.05     0.04   0.402
  G74F221_8295              29.00       0.00       0.00      18.44      10.59       0.00      10.59        0.04     0.03   0.365
  G74F222_8296              29.00       0.00       0.00      22.87       6.16       0.00       6.16        0.02     0.02   0.213
  G74F230_8297              29.00       0.00       0.00      18.32      10.70       0.00      10.70        0.07     0.05   0.369
  G74F231_8298              29.00       0.00       0.00      17.64      11.41       0.00      11.41        0.03     0.03   0.393
  G74F232_8299              29.00       0.00       0.00      19.34       9.69       0.00       9.69        0.04     0.03   0.334
  G74F240_8300              29.00       0.00       0.00      17.00      12.02       0.00      12.02        0.06     0.05   0.415
  G74F241_8301              29.00       0.00       0.00      19.57       9.47       0.00       9.47        0.03     0.03   0.327
  G74F242_8302              29.00       0.00       0.00      20.59       8.43       0.00       8.43        0.06     0.05   0.291
  G74F243_8303              29.00       0.00       0.00      21.98       7.04       0.00       7.04        0.03     0.03   0.243
  G74F250_8304              29.00       0.00       0.00      22.53       6.49       0.00       6.49        0.05     0.04   0.224
  G74F260_8305              29.00       0.00       0.00      16.14      12.91       0.00      12.91        0.04     0.03   0.445
  G74F261_8306              29.00       0.00       0.00      25.55       3.48       0.00       3.48        0.01     0.01   0.120
  G74F270_8307              29.00       0.00       0.00      18.43      10.59       0.00      10.59        0.06     0.05   0.365
  G74F271_8308              29.00       0.00       0.00      20.44       8.59       0.00       8.59        0.03     0.03   0.296
  G74F272_8309              29.00       0.00       0.00      20.54       8.49       0.00       8.49        0.03     0.03   0.293
  G74F280_8310              29.00       0.00       0.00      17.68      11.34       0.00      11.34        0.06     0.05   0.391
  G74F281_8311              29.00       0.00       0.00      18.55      10.48       0.00      10.48        0.03     0.03   0.361
  G74F282_8312              29.00       0.00       0.00      26.04       2.99       0.00       2.99        0.01     0.01   0.103
  G74F282_8313              29.00       0.00       0.00      22.44       6.59       0.00       6.59        0.03     0.02   0.227
  G74F290_8314              29.00       0.00       0.00      19.56       9.51       0.00       9.51        0.01     0.01   0.328
  G74F310_8315              29.00       0.00       0.00      19.14       9.88       0.00       9.88        0.04     0.04   0.341
  G74F311_8316              29.00       0.00       0.00      18.37      10.67       0.00      10.67        0.04     0.03   0.368
  G74F312_8317              29.00       0.00       0.00      20.97       8.06       0.00       8.06        0.03     0.03   0.278
  G74F320_8318              29.00       0.00       0.00      17.59      11.44       0.00      11.44        0.04     0.04   0.395
  G74F321_8319              29.00       0.00       0.00      19.04       9.99       0.00       9.99        0.04     0.03   0.345
  G74F322_8320              29.00       0.00       0.00      20.10       8.93       0.00       8.93        0.03     0.03   0.308
  G74F323_8321              29.00       0.00       0.00      19.87       9.16       0.00       9.16        0.03     0.03   0.316
  G75F65Y_8322              29.00       0.00       0.00      23.85       5.19       0.00       5.19        0.01     0.01   0.179
  G75F65Y_8323              29.00       0.00       0.00      26.97       2.04       0.00       2.04        0.21     0.10   0.070
  G80F313_8341              29.00       0.00       0.00      18.42      10.61       0.00      10.61        0.05     0.04   0.366
  G80F350_8342              29.00       0.00       0.00      19.38       9.71       0.00       9.71        0.01     0.01   0.335
  G80F390_8343              29.00       0.00       0.00      18.79      10.23       0.00      10.23        0.07     0.05   0.353
  G80F410_8344              29.00       0.00       0.00      25.68       3.33       0.00       3.33        0.03     0.03   0.115
  G80F421_8345              29.00       0.00       0.00      20.18       8.84       0.00       8.84        0.05     0.04   0.305
  G80F422_8346              29.00       0.00       0.00      19.24       9.79       0.00       9.79        0.05     0.04   0.337
  G80F423_8347              29.00       0.00       0.00      18.38      10.65       0.00      10.65        0.04     0.03   0.367
  G80F424_8348              29.00       0.00       0.00      17.87      11.18       0.00      11.18        0.02     0.02   0.385
  G80F425_8349              29.00       0.00       0.00      15.81      13.24       0.00      13.24        0.03     0.03   0.456
  G80F460_8350              29.00       0.00       0.00      20.14       8.89       0.00       8.89        0.03     0.03   0.307
  G80F461_8351              29.00       0.00       0.00      19.99       9.03       0.00       9.03        0.05     0.04   0.311
  G80F462_8352              29.00       0.00       0.00      16.92      12.12       0.00      12.12        0.04     0.03   0.418
  G80F463_8353              29.00       0.00       0.00      19.82       9.22       0.00       9.22        0.03     0.03   0.318
  G80F470_8354              29.00       0.00       0.00      19.92       9.11       0.00       9.11        0.06     0.05   0.314
  G80F492_8355              29.00       0.00       0.00      22.28       6.75       0.00       6.75        0.04     0.03   0.233
  G80F493_8356              29.00       0.00       0.00      25.03       3.99       0.00       3.99        0.03     0.02   0.137
  G80F494_8357              29.00       0.00       0.00      23.73       5.29       0.00       5.29        0.04     0.04   0.182
  G80F495_8358              29.00       0.00       0.00      21.31       7.73       0.00       7.73        0.02     0.02   0.267
  G80F496_8359              29.00       0.00       0.00      19.98       9.03       0.00       9.03        0.09     0.06   0.311
  G80F510_8360              29.00       0.00       0.00      19.04      10.00       0.00      10.00        0.03     0.03   0.345
  G80F520_8361              29.00       0.00       0.00      21.43       7.59       0.00       7.59        0.05     0.04   0.262
  G80F540_8362              29.00       0.00       0.00      19.62       9.40       0.00       9.40        0.06     0.04   0.324
  G80F560_8363              29.00       0.00       0.00      18.06      10.97       0.00      10.97        0.04     0.03   0.378
  G80F570_8364              29.00       0.00       0.00      21.64       7.38       0.00       7.38        0.05     0.04   0.254
  G80F580_8365              29.00       0.00       0.00      16.03      13.05       0.00      13.05        0.02     0.02   0.450
  G80F610_8366              29.00       0.00       0.00      13.22      15.81       0.00      15.81        0.05     0.04   0.545
  G80F620_8367              29.00       0.00       0.00      20.90       8.12       0.00       8.12        0.07     0.05   0.280
  G80F621_8368              29.00       0.00       0.00      19.34       9.72       0.00       9.72        0.02     0.02   0.335
  G80F622_8369              29.00       0.00       0.00      25.42       3.62       0.00       3.62        0.01     0.01   0.125
  G80F670_8370              29.00       0.00       0.00      22.57       6.45       0.00       6.45        0.05     0.04   0.222
  G80F680_8371              29.00       0.00       0.00      20.14       8.88       0.00       8.88        0.06     0.04   0.306
  G80F690_8372              29.00       0.00       0.00      24.36       4.65       0.00       4.65        0.06     0.05   0.160
  G80F710_8373              29.00       0.00       0.00      23.48       5.54       0.00       5.54        0.04     0.03   0.191
  G80F720_8374              29.00       0.00       0.00      23.71       5.30       0.00       5.30        0.07     0.05   0.183
  G80F730_8375              29.00       0.00       0.00      23.20       5.82       0.00       5.82        0.03     0.03   0.201
  G80F740_8376              29.00       0.00       0.00      23.41       5.60       0.00       5.60        0.07     0.05   0.193
  G80F741_8377              29.00       0.00       0.00      20.14       8.90       0.00       8.90        0.02     0.02   0.307
  G80F743_8378              29.00       0.00       0.00      26.51       2.51       0.00       2.51        0.02     0.02   0.086
  G80F743_8379              29.00       0.00       0.00      20.80       8.28       0.00       8.28        0.01     0.01   0.286
  G80S744_8380              29.00       0.00       0.00       5.51      23.61       0.00      23.61        0.02     0.02   0.814
  
  
  
  
  
  ******************
  Node Depth Summary
  ******************

  ---------------------------------------------------------------------------------
                                 Average  Maximum  Maximum  Time of Max    Reported
                                   Depth    Depth      HGL   Occurrence   Max Depth
  Node                 Type       Meters   Meters   Meters  days hr:min      Meters
  ---------------------------------------------------------------------------------
  F74F370              JUNCTION     3.33     3.81    13.23     1  23:57        3.81
  F74F380              JUNCTION     3.31     3.77    13.23     1  23:57        3.77
  F74F390              JUNCTION     3.30     3.72    13.24     1  23:57        3.72
  F74F410              JUNCTION     3.26     3.64    13.29     1  23:57        3.64
  F74F420              JUNCTION     3.26     3.60    13.35     1  23:57        3.60
  F74F430              JUNCTION     3.27     3.60    13.38     1  23:57        3.60
  F74F440              JUNCTION     3.24     3.54    13.42     1  23:57        3.54
  F74F445              JUNCTION     3.08     3.37    13.44     1  23:57        3.37
  G60F010              JUNCTION     3.03     3.31    13.46     1  23:57        3.31
  G60F020              JUNCTION     2.93     3.19    13.50     1  23:57        3.19
  G60F030              JUNCTION     2.88     3.07    13.51     1  23:57        3.07
  G60F040              JUNCTION     2.69     2.83    13.57     1  23:24        2.83
  G60F060              JUNCTION     2.62     2.75    13.68     1  11:06        2.75
  G60F070              JUNCTION     2.41     2.63    13.90     0  08:16        2.63
  G60F090              JUNCTION     2.56     2.86    14.13     0  08:23        2.86
  G60F110              JUNCTION     2.49     2.75    14.24     0  19:36        2.75
  G60F120              JUNCTION     2.53     2.70    14.25     0  19:34        2.70
  G60F130              JUNCTION     2.50     2.69    14.43     0  19:01        2.69
  G60F140              JUNCTION     2.50     2.71    14.52     0  18:55        2.71
  G60F141              JUNCTION     2.49     2.70    14.52     0  18:55        2.70
  G60F160              JUNCTION     2.50     2.72    14.61     0  18:58        2.72
  G60F170              JUNCTION     2.58     2.82    14.77     0  18:58        2.82
  G60F180              JUNCTION     2.45     2.70    14.84     0  18:58        2.70
  G60F190              JUNCTION     2.40     2.66    14.88     0  18:57        2.66
  G60F210              JUNCTION     2.40     2.65    14.89     0  18:57        2.65
  G60F230              JUNCTION     0.54     1.90    14.86     0  06:38        1.90
  G60F240              JUNCTION     0.23     1.99    16.31     0  06:38        1.99
  G60F260              JUNCTION     0.21     1.75    17.79     0  06:36        1.75
  G60F280              JUNCTION     0.23     1.38    19.69     0  06:35        1.38
  G60F320              JUNCTION     0.20     1.39    21.04     0  06:35        1.39
  G60F330              JUNCTION     0.16     1.50    21.33     0  06:35        1.50
  G60F340              JUNCTION     0.24     1.58    21.74     0  06:35        1.58
  G60F350              JUNCTION     0.25     1.70    22.06     0  06:34        1.70
  G60F360              JUNCTION     0.25     1.78    22.26     0  06:34        1.78
  G60F380              JUNCTION     0.25     1.86    22.45     0  06:34        1.86
  G60F60X              JUNCTION     0.35     1.09    13.08     0  06:35        1.09
  G60F60Y              JUNCTION     1.45     1.87    13.86     0  08:13        1.87
  G60F61Y              JUNCTION     0.25     1.70    22.88     0  06:33        1.70
  G60K009              JUNCTION     0.06     1.64    23.65     0  06:33        1.64
  G60K200              JUNCTION     2.01     2.28    12.20     1  15:21        2.28
  G60K210              JUNCTION     2.10     2.38    12.20     1  15:21        2.38
  G60K300              JUNCTION     0.06     0.86    18.08     0  06:27        0.86
  G60K301              JUNCTION     0.17     0.90    18.72     0  06:36        0.90
  G60K309              JUNCTION     0.02     0.91    25.67     0  06:26        0.91
  G60K311              JUNCTION     0.03     0.85    25.72     0  06:26        0.85
  G60O220              JUNCTION     1.20     1.40    13.38     0  07:54        1.40
  G60O230              JUNCTION     0.05     0.99    14.51     0  06:30        0.99
  G60O240              JUNCTION     0.05     0.42    15.58     0  06:30        0.42
  G60O260              JUNCTION     0.06     0.60    16.77     0  06:28        0.60
  G60O280              JUNCTION     0.05     0.96    18.77     0  06:26        0.96
  G60O320              JUNCTION     0.03     0.44    19.26     0  06:26        0.44
  G60O330              JUNCTION     0.03     0.24    19.64     0  06:24        0.24
  G60O340              JUNCTION     0.05     0.26    20.52     0  06:24        0.26
  G60O360              JUNCTION     0.02     0.20    21.67     0  06:24        0.20
  G60O361              JUNCTION     0.01     0.20    22.74     0  06:34        0.20
  G60OU01              JUNCTION     0.26     1.11    18.03     0  06:27        1.11
  G60R011              JUNCTION     0.03     1.31    23.96     0  06:27        1.31
  G60R281              JUNCTION     0.02     0.64    19.20     0  06:26        0.64
  G60R282              JUNCTION     0.01     0.15    19.64     0  06:24        0.15
  G60R290              JUNCTION     0.05     1.52    19.80     0  06:27        1.52
  G60R292              JUNCTION     0.04     1.31    20.60     0  06:26        1.31
  G60R293              JUNCTION     0.04     0.99    20.89     0  06:26        0.99
  G60R294              JUNCTION     0.03     0.78    20.91     0  06:26        0.78
  G60R295              JUNCTION     0.02     0.10    23.04     0  06:24        0.10
  G60R296              JUNCTION     0.00     0.14    23.76     0  06:24        0.14
  G60R302              JUNCTION     0.03     0.29    18.16     0  06:28        0.29
  G60R303              JUNCTION     0.12     1.61    20.48     0  08:13        1.61
  G60R304              JUNCTION     0.06     1.49    22.41     0  06:37        1.49
  G60R307              JUNCTION     0.06     1.38    25.16     0  06:30        1.38
  G60R308              JUNCTION     0.01     0.88    25.74     0  06:25        0.88
  G60R321              JUNCTION     0.01     1.01    21.04     0  06:25        1.01
  G60R322              JUNCTION     0.01     0.18    21.78     0  06:25        0.18
  G60R323              JUNCTION     0.00     0.11    24.20     0  06:24        0.11
  G60R341              JUNCTION     0.00     0.10    21.43     0  06:24        0.10
  G60R342              JUNCTION     0.01     0.24    24.16     0  06:25        0.24
  G60R343              JUNCTION     0.01     0.15    24.88     0  06:24        0.15
  G60R380              JUNCTION     0.01     0.22    22.12     0  06:24        0.22
  G60R382              JUNCTION     0.01     0.34    23.91     0  06:25        0.34
  G60R383              JUNCTION     0.01     0.40    24.28     0  06:25        0.40
  G60R385              JUNCTION     0.01     0.13    22.55     0  06:24        0.13
  G60U01F              JUNCTION     0.79     1.00    12.20     0  06:28        1.00
  G61F010              JUNCTION     0.19     1.44    23.01     0  06:33        1.44
  G61F011              JUNCTION     0.04     1.20    23.03     0  06:33        1.20
  G61F012              JUNCTION     0.01     0.11    23.18     0  06:24        0.11
  G61F013              JUNCTION     0.01     0.82    25.05     0  06:25        0.82
  G61F020              JUNCTION     0.22     1.35    23.09     0  06:33        1.35
  G61F030              JUNCTION     0.08     1.24    23.32     0  06:32        1.24
  G61F031              JUNCTION     0.05     1.01    24.70     0  06:27        1.01
  G61F032              JUNCTION     0.05     1.32    26.01     0  06:27        1.32
  G61F033              JUNCTION     0.02     1.20    26.55     0  06:27        1.20
  G61F034              JUNCTION     0.02     1.15    26.78     0  06:27        1.15
  G61F035              JUNCTION     0.01     0.84    26.81     0  06:27        0.84
  G61F040              JUNCTION     0.09     0.93    23.85     0  06:31        0.93
  G61F041              JUNCTION     0.07     0.41    24.27     0  06:27        0.41
  G61F042              JUNCTION     0.22     0.93    24.67     0  06:27        0.93
  G61F043              JUNCTION     0.08     1.12    25.28     0  06:26        1.12
  G61F044              JUNCTION     0.08     1.38    25.99     0  06:26        1.38
  G61F045              JUNCTION     0.05     1.09    26.15     0  06:25        1.09
  G61F060              JUNCTION     0.17     0.67    24.59     0  06:27        0.67
  G61F061              JUNCTION     0.04     0.79    25.11     0  06:27        0.79
  G61F062              JUNCTION     0.02     0.71    25.42     0  06:27        0.71
  G61F063              JUNCTION     0.02     0.72    25.71     0  06:27        0.72
  G61F064              JUNCTION     0.01     0.76    26.16     0  06:26        0.76
  G61F065              JUNCTION     0.01     0.19    26.22     0  06:26        0.19
  G61F070              JUNCTION     0.02     0.39    25.11     0  06:27        0.39
  G61F080              JUNCTION     0.18     1.25    23.09     0  06:33        1.25
  G61F090              JUNCTION     0.22     1.17    23.25     0  06:33        1.17
  G61F110              JUNCTION     0.23     1.11    23.47     0  06:32        1.11
  G61F120              JUNCTION     0.18     1.00    23.83     0  06:31        1.00
  G61F130              JUNCTION     0.15     0.63    24.43     0  06:30        0.63
  G61F140              JUNCTION     0.18     0.67    24.58     0  06:30        0.67
  G61F160              JUNCTION     0.17     0.70    25.42     0  06:27        0.70
  G61F161              JUNCTION     0.04     0.61    25.97     0  06:26        0.61
  G61F162              JUNCTION     0.02     0.47    26.25     0  06:26        0.47
  G61F163              JUNCTION     0.01     0.24    26.40     0  06:25        0.24
  G61F164              JUNCTION     0.01     0.13    27.01     0  06:24        0.13
  G61F170              JUNCTION     0.02     0.11    25.80     0  06:26        0.11
  G61F180              JUNCTION     0.22     1.21    26.02     0  06:28        1.21
  G61F210              JUNCTION     0.14     0.86    23.84     0  06:32        0.86
  G61F220              JUNCTION     0.15     0.96    24.17     0  06:31        0.96
  G61F221              JUNCTION     0.05     1.08    24.70     0  06:26        1.08
  G61F222              JUNCTION     0.03     0.90    24.87     0  06:26        0.90
  G61F223              JUNCTION     0.02     0.55    24.89     0  06:26        0.55
  G61F224              JUNCTION     0.01     0.46    24.88     0  06:27        0.46
  G61F230              JUNCTION     0.13     0.99    24.63     0  06:28        0.99
  G61F231              JUNCTION     0.05     0.99    25.03     0  06:26        0.99
  G61F232              JUNCTION     0.05     0.77    25.12     0  06:26        0.77
  G61F233              JUNCTION     0.03     0.33    25.14     0  06:25        0.33
  G61F240              JUNCTION     0.12     0.99    24.97     0  06:27        0.99
  G61F241              JUNCTION     0.05     0.99    25.36     0  06:26        0.99
  G61F242              JUNCTION     0.04     0.83    25.48     0  06:26        0.83
  G61F243              JUNCTION     0.02     0.36    25.50     0  06:25        0.36
  G61F260              JUNCTION     0.10     0.77    25.18     0  06:28        0.77
  G61F261              JUNCTION     0.02     0.56    25.19     0  06:27        0.56
  G61F270              JUNCTION     0.09     0.59    25.28     0  06:28        0.59
  G61F280              JUNCTION     0.06     0.50    25.47     0  06:28        0.50
  G61F290              JUNCTION     0.05     0.38    25.59     0  06:29        0.38
  G61F310              JUNCTION     0.02     0.27    25.90     0  06:24        0.27
  G61F320              JUNCTION     0.02     0.44    27.47     0  06:26        0.44
  G61F330              JUNCTION     0.02     0.65    28.56     0  06:26        0.65
  G61F331              JUNCTION     0.01     0.15    28.72     0  06:24        0.15
  G61F340              JUNCTION     0.03     0.91    29.06     0  06:26        0.91
  G61F350              JUNCTION     0.04     0.73    29.17     0  06:26        0.73
  G61F351              JUNCTION     0.01     0.18    29.78     0  06:24        0.18
  G61F352              JUNCTION     0.00     0.10    30.28     0  06:24        0.10
  G61F353              JUNCTION     0.04     0.74    29.77     0  06:26        0.74
  G61F354              JUNCTION     0.02     0.27    29.81     0  06:26        0.27
  G61F361              JUNCTION     0.02     0.40    26.32     0  06:25        0.40
  G61F362              JUNCTION     0.02     0.55    26.79     0  06:24        0.55
  G61F370              JUNCTION     0.05     0.60    26.41     0  06:26        0.60
  G61F371              JUNCTION     0.03     0.17    26.70     0  06:25        0.17
  G61F372              JUNCTION     0.02     0.12    26.91     0  06:25        0.12
  G61F373              JUNCTION     0.03     0.57    27.58     0  06:25        0.57
  G61F374              JUNCTION     0.02     0.36    27.63     0  06:25        0.36
  G61F375              JUNCTION     0.02     0.29    27.64     0  06:25        0.29
  G61F376              JUNCTION     0.00     0.16    27.64     0  06:25        0.16
  G61F380              JUNCTION     0.05     0.61    26.60     0  06:26        0.61
  G61F390              JUNCTION     0.04     0.64    26.89     0  06:26        0.64
  G61F400              JUNCTION     0.04     0.63    26.97     0  06:26        0.63
  G61F410              JUNCTION     0.03     0.56    27.07     0  06:25        0.56
  G61F411              JUNCTION     0.01     0.12    27.08     0  06:24        0.12
  G61F412              JUNCTION     0.02     0.36    27.55     0  06:25        0.36
  G61F413              JUNCTION     0.00     0.00    28.13     0  00:00        0.00
  G61F414              JUNCTION     0.00     0.00    28.98     0  00:00        0.00
  G61F420              JUNCTION     0.02     0.21    23.99     0  06:25        0.21
  G61F430              JUNCTION     0.03     0.66    24.78     0  06:27        0.66
  G61F440              JUNCTION     0.04     0.83    25.05     0  06:26        0.83
  G61F460              JUNCTION     0.02     0.50    25.10     0  06:26        0.50
  G61K360              JUNCTION     0.05     0.61    26.18     0  06:26        0.61
  G62F010              JUNCTION     0.07     0.89    27.45     0  06:30        0.89
  G62F011              JUNCTION     0.02     0.69    28.10     0  06:28        0.69
  G62F012              JUNCTION     0.04     0.74    28.39     0  06:27        0.74
  G62F014              JUNCTION     0.01     0.57    28.52     0  06:26        0.57
  G62F015              JUNCTION     0.01     0.58    29.09     0  06:25        0.58
  G62F020              JUNCTION     0.08     0.87    27.52     0  06:29        0.87
  G62F022              JUNCTION     0.04     0.85    28.58     0  06:29        0.85
  G62F023              JUNCTION     0.05     0.48    27.54     0  06:28        0.48
  G62F060              JUNCTION     0.16     1.31    26.44     0  06:29        1.31
  G62F070              JUNCTION     0.16     1.39    26.87     0  06:29        1.39
  G62F071              JUNCTION     0.04     0.77    26.96     0  06:28        0.77
  G62F072              JUNCTION     0.11     0.89    27.82     0  06:26        0.89
  G62F073              JUNCTION     0.01     0.49    27.91     0  06:25        0.49
  G62F080              JUNCTION     0.07     1.36    27.40     0  06:30        1.36
  G62F090              JUNCTION     0.07     1.42    27.96     0  06:30        1.42
  G62F091              JUNCTION     0.05     1.17    28.03     0  06:30        1.17
  G62F092              JUNCTION     0.04     0.96    28.13     0  06:30        0.96
  G62F093              JUNCTION     0.04     0.73    28.22     0  06:29        0.73
  G62F094              JUNCTION     0.04     0.88    28.63     0  06:27        0.88
  G62F095              JUNCTION     0.02     0.76    28.78     0  06:27        0.76
  G62F110              JUNCTION     0.07     1.45    28.30     0  06:31        1.45
  G62F111              JUNCTION     0.06     1.40    28.53     0  06:31        1.40
  G62F112              JUNCTION     0.06     1.57    29.25     0  06:28        1.57
  G62F113              JUNCTION     0.05     1.61    29.58     0  06:27        1.61
  G62F114              JUNCTION     0.06     1.55    29.70     0  06:26        1.55
  G62F115              JUNCTION     0.05     1.39    29.73     0  06:25        1.39
  G62F116              JUNCTION     0.03     1.00    29.71     0  06:26        1.00
  G62F117              JUNCTION     0.01     0.23    29.59     0  06:26        0.23
  G62F118              JUNCTION     0.07     1.65    29.49     0  06:27        1.65
  G62F120              JUNCTION     0.05     1.31    28.41     0  06:30        1.31
  G62F121              JUNCTION     0.05     1.11    28.90     0  06:29        1.11
  G62F122              JUNCTION     0.01     0.82    29.31     0  06:28        0.82
  G62F130              JUNCTION     0.09     1.36    27.14     0  06:29        1.36
  G62F140              JUNCTION     0.09     1.33    27.37     0  06:29        1.33
  G62F160              JUNCTION     0.16     1.65    27.76     0  06:29        1.65
  G62F170              JUNCTION     0.09     1.71    28.04     0  06:29        1.71
  G62F180              JUNCTION     0.08     1.55    28.27     0  06:29        1.55
  G62F190              JUNCTION     0.08     1.48    28.41     0  06:29        1.48
  G62F191              JUNCTION     0.07     1.34    28.81     0  06:28        1.34
  G62F192              JUNCTION     0.07     1.77    29.63     0  06:28        1.77
  G62F193              JUNCTION     0.05     1.63    29.84     0  06:27        1.63
  G62F194              JUNCTION     0.03     1.57    29.85     0  06:27        1.57
  G62F195              JUNCTION     0.05     1.75    30.10     0  06:27        1.75
  G62F196              JUNCTION     0.03     1.66    30.12     0  06:27        1.66
  G62F197              JUNCTION     0.05     1.71    30.29     0  06:26        1.71
  G62F198              JUNCTION     0.04     1.62    30.30     0  06:26        1.62
  G62F199              JUNCTION     0.01     0.22    30.40     0  06:24        0.22
  G62F200              JUNCTION     0.06     1.75    30.17     0  06:27        1.75
  G62F201              JUNCTION     0.03     0.21    30.33     0  06:27        0.21
  G62F401              JUNCTION     0.02     0.83    29.85     0  06:28        0.83
  G62F402              JUNCTION     0.00     0.29    30.11     0  06:24        0.29
  G62F403              JUNCTION     0.03     1.47    30.16     0  06:26        1.47
  G63F010              JUNCTION     2.45     2.72    14.99     0  18:57        2.72
  G63F020              JUNCTION     2.41     2.68    15.06     0  18:56        2.68
  G63F030              JUNCTION     2.37     2.65    15.14     0  18:56        2.65
  G63F040              JUNCTION     2.36     2.64    15.21     0  18:56        2.64
  G63F060              JUNCTION     2.29     2.58    15.29     0  18:55        2.58
  G63F070              JUNCTION     2.27     2.56    15.36     0  18:54        2.56
  G63F080              JUNCTION     2.22     2.51    15.43     0  18:53        2.51
  G63F090              JUNCTION     2.18     2.48    15.51     0  18:52        2.48
  G63S021              JUNCTION     0.02     0.08    20.08     0  06:29        0.08
  G63S022              JUNCTION     0.03     0.11    22.11     0  06:28        0.11
  G63S023              JUNCTION     0.03     0.77    25.07     0  06:27        0.77
  G64F010              JUNCTION     2.13     2.44    15.59     0  18:51        2.44
  G64F020              JUNCTION     2.16     2.47    15.65     0  18:50        2.47
  G64F030              JUNCTION     2.12     2.43    15.73     0  18:48        2.43
  G64F040              JUNCTION     2.16     2.49    15.81     0  18:47        2.49
  G64F060              JUNCTION     2.11     2.45    15.89     0  18:46        2.45
  G64F070              JUNCTION     2.12     2.46    15.96     0  18:45        2.46
  G64F080              JUNCTION     2.17     2.52    16.04     0  18:44        2.52
  G65F010              JUNCTION     2.00     2.33    16.09     0  18:45        2.33
  G65F020              JUNCTION     2.01     2.33    16.14     0  18:45        2.33
  G65F030              JUNCTION     1.98     2.29    16.19     0  18:46        2.29
  G65F040              JUNCTION     1.98     2.28    16.24     0  18:46        2.28
  G65F060              JUNCTION     1.96     2.25    16.30     0  18:45        2.25
  G65F070              JUNCTION     1.92     2.20    16.35     0  18:45        2.20
  G65F080              JUNCTION     1.94     2.20    16.40     0  18:44        2.20
  G65F090              JUNCTION     1.90     2.16    16.44     0  18:44        2.16
  G65F110              JUNCTION     1.95     2.18    16.48     0  18:44        2.18
  G65F120              JUNCTION     1.88     2.10    16.51     0  18:44        2.10
  G65F130              JUNCTION     1.84     2.05    16.55     0  18:46        2.05
  G70F010              JUNCTION     1.81     2.01    16.59     0  18:50        2.01
  G70F020              JUNCTION     1.75     1.93    16.62     0  18:54        1.93
  G70F030              JUNCTION     1.75     1.93    16.65     0  19:10        1.93
  G70F040              JUNCTION     1.66     1.83    16.67     0  19:26        1.83
  G70F050              JUNCTION     1.47     1.63    16.73     0  19:26        1.63
  G70F060              JUNCTION     1.39     1.54    16.78     0  19:25        1.54
  G70F070              JUNCTION     1.24     1.38    16.83     0  19:25        1.38
  G70F100              JUNCTION     1.92     2.12    17.34     0  19:08        2.12
  G70F105              JUNCTION     1.10     1.29    15.71     0  06:25        1.29
  G70F11P              JUNCTION     4.39     4.59    15.51     0  06:31        4.59
  G70F120              JUNCTION     0.53     1.11    16.14     0  06:26        1.11
  G70F121              JUNCTION     0.32     1.55    16.83     0  06:27        1.55
  G70F122              JUNCTION     0.23     1.46    16.84     0  06:28        1.46
  G70F123              JUNCTION     0.08     1.30    16.85     0  06:28        1.30
  G70F124              JUNCTION     0.04     0.77    16.86     0  06:28        0.77
  G70F125              JUNCTION     0.02     0.12    16.97     0  06:24        0.12
  G70F130              JUNCTION     0.05     0.37    16.73     0  06:25        0.37
  G70F140              JUNCTION     0.05     0.34    17.41     0  06:24        0.34
  G70F141              JUNCTION     0.04     0.19    17.42     0  06:25        0.19
  G70F142              JUNCTION     0.03     0.53    18.74     0  06:34        0.53
  G70F143              JUNCTION     0.07     3.54    22.73     0  06:28        3.54
  G70F160              JUNCTION     0.02     0.20    17.77     0  06:24        0.20
  G70F161              JUNCTION     0.02     0.20    19.27     0  06:24        0.20
  G70F162              JUNCTION     0.02     0.14    21.97     0  06:17        0.14
  G70F163              JUNCTION     0.02     0.35    25.19     0  06:18        0.35
  G70F164              JUNCTION     0.02     0.17    25.52     0  06:18        0.17
  G70F165              JUNCTION     0.00     0.11    28.10     0  06:18        0.11
  G70F166              JUNCTION     0.00     0.06    26.20     0  06:17        0.06
  G70F170              JUNCTION     0.01     0.09    18.91     0  06:20        0.09
  G70F180              JUNCTION     0.01     0.09    21.36     0  06:20        0.09
  G70F190              JUNCTION     0.01     0.12    23.40     0  06:19        0.12
  G70F210              JUNCTION     0.02     0.76    24.97     0  06:19        0.76
  G70F211              JUNCTION     0.01     0.88    25.94     0  06:19        0.88
  G70F212              JUNCTION     0.01     0.67    25.87     0  06:21        0.67
  G70F220              JUNCTION     0.01     0.20    26.30     0  06:18        0.20
  G70F230              JUNCTION     0.01     0.17    27.86     0  06:18        0.17
  G70F231              JUNCTION     0.01     0.45    29.00     0  06:22        0.45
  G70F232              JUNCTION     0.01     0.96    30.36     0  06:20        0.96
  G70F233              JUNCTION     0.01     1.02    30.81     0  06:21        1.02
  G70F234              JUNCTION     0.01     1.08    31.26     0  06:20        1.08
  G70F235              JUNCTION     0.01     0.72    31.30     0  06:20        0.72
  G70F236              JUNCTION     0.01     0.27    30.39     0  06:20        0.27
  G70F237              JUNCTION     0.00     0.00    29.03     0  00:00        0.00
  G70F300              JUNCTION     1.82     1.94    15.61     0  06:25        1.94
  G70F301              JUNCTION     4.50     4.63    15.55     0  06:29        4.63
  G70F320              JUNCTION     0.31     0.62    15.88     0  06:25        0.62
  G70F330              JUNCTION     0.03     0.66    17.52     0  06:26        0.66
  G70F331              JUNCTION     0.01     0.43    17.59     0  06:26        0.43
  G70F332              JUNCTION     0.01     0.26    17.85     0  06:24        0.26
  G70F333              JUNCTION     0.01     0.13    20.36     0  06:24        0.13
  G70F334              JUNCTION     0.01     0.12    21.97     0  06:24        0.12
  G70F335              JUNCTION     0.00     0.13    22.52     0  06:17        0.13
  G70F340              JUNCTION     0.03     0.35    17.86     0  06:26        0.35
  G70F341              JUNCTION     0.00     0.07    18.40     0  06:23        0.07
  G70F370              JUNCTION     0.04     0.47    18.31     0  06:25        0.47
  G70F371              JUNCTION     0.03     0.49    18.74     0  06:26        0.49
  G70F372              JUNCTION     0.04     0.60    19.06     0  06:26        0.60
  G70F373              JUNCTION     0.03     0.82    19.72     0  06:25        0.82
  G70F374              JUNCTION     0.01     0.16    19.82     0  06:25        0.16
  G70F376              JUNCTION     0.03     0.87    19.88     0  06:25        0.87
  G70F377              JUNCTION     0.03     1.33    20.74     0  06:25        1.33
  G70F378              JUNCTION     0.03     0.55    19.21     0  06:26        0.55
  G70F379              JUNCTION     0.00     0.10    21.52     0  06:24        0.10
  G70F62X              JUNCTION     1.40     1.48    15.58     0  06:20        1.48
  G70F62Y              JUNCTION     1.90     2.01    15.59     0  08:38        2.01
  G70K340              JUNCTION     0.04     0.38    17.97     0  06:26        0.38
  G70R213              JUNCTION     0.00     0.00    26.00     0  00:00        0.00
  G70R214              JUNCTION     0.00     0.00    27.50     0  00:00        0.00
  G70S010              JUNCTION     1.68     1.81    16.96     1  12:57        1.81
  G70S020              JUNCTION     1.92     2.10    17.46     1  23:57        2.10
  G70S030              JUNCTION     2.08     2.26    17.82     1  23:57        2.26
  G70S040              JUNCTION     2.11     2.28    18.08     1  23:47        2.28
  G70S050              JUNCTION     1.20     1.34    18.82     1  23:57        1.34
  G70S060              JUNCTION     1.33     1.47    18.64     1  23:57        1.47
  G70S070              JUNCTION     1.33     1.49    19.29     1  23:57        1.49
  G70S080              JUNCTION     1.66     1.95    20.13     0  06:30        1.95
  G70S200              JUNCTION     1.67     1.90    20.59     1  14:05        1.90
  G70S210              JUNCTION     2.01     2.22    21.13     1  23:57        2.22
  G70S213              JUNCTION     0.00     0.19    25.89     0  06:21        0.19
  G70S214              JUNCTION     0.00     0.00    27.00     0  00:00        0.00
  G70S250              JUNCTION     2.53     2.79    22.08     1  23:57        2.79
  G71F010              JUNCTION     1.16     1.28    16.89     0  18:46        1.28
  G71F020              JUNCTION     1.02     1.13    16.95     0  18:45        1.13
  G71F030              JUNCTION     0.83     0.93    17.01     0  18:43        0.93
  G71F040              JUNCTION     0.70     0.79    17.07     0  18:43        0.79
  G71F041              JUNCTION     0.30     2.42    15.38     0  08:02        2.42
  G71F043              JUNCTION     0.26     2.03    15.24     0  08:02        2.03
  G71F044              JUNCTION     0.26     1.89    15.15     0  08:54        1.89
  G71F045              JUNCTION     0.22     1.77    15.20     0  08:03        1.77
  G71F046              JUNCTION     0.17     1.59    15.35     0  06:55        1.59
  G71F047              JUNCTION     0.13     1.32    15.49     0  06:25        1.32
  G71F048              JUNCTION     0.09     1.16    15.70     0  06:23        1.16
  G71F052              JUNCTION     0.04     0.49    16.41     0  08:12        0.49
  G71F053              JUNCTION     0.30     2.71    18.83     0  06:37        2.71
  G71F054              JUNCTION     0.10     1.24    22.46     0  06:45        1.24
  G71F056              JUNCTION     0.07     1.12    22.74     0  06:25        1.12
  G71F058              JUNCTION     0.02     0.40    24.22     0  06:24        0.40
  G71F060              JUNCTION     0.50     0.59    17.24     0  07:53        0.59
  G71F06R              JUNCTION     0.45     0.57    17.29     0  06:18        0.57
  G71F06R_ovl          JUNCTION     0.08     0.15    16.45     0  06:19        0.15
  G71F070              JUNCTION     0.50     0.68    17.50     0  06:26        0.68
  G71F100              JUNCTION     0.59     1.03    18.32     0  06:27        1.03
  G71F110              JUNCTION     0.55     1.05    18.44     0  06:27        1.05
  G71F120              JUNCTION     0.53     1.09    18.55     0  06:26        1.09
  G71F121              JUNCTION     0.02     0.18    20.40     0  06:18        0.18
  G71F122              JUNCTION     0.03     0.24    21.01     0  06:18        0.24
  G71F123              JUNCTION     0.02     0.21    22.18     0  06:18        0.21
  G71F124              JUNCTION     0.02     0.14    24.09     0  06:18        0.14
  G71F125              JUNCTION     0.02     0.15    25.09     0  06:18        0.15
  G71F126              JUNCTION     0.02     0.10    26.58     0  06:17        0.10
  G71F127              JUNCTION     0.00     0.06    24.20     0  06:17        0.06
  G71F128              JUNCTION     0.00     0.06    21.87     0  06:17        0.06
  G71F12P              JUNCTION     0.82     4.83    15.65     0  08:13        4.83
  G71F130              JUNCTION     0.51     1.09    18.60     0  06:26        1.09
  G71F140              JUNCTION     0.54     1.18    18.71     0  06:26        1.18
  G71F141              JUNCTION     0.50     1.16    18.73     0  06:20        1.16
  G71F142              JUNCTION     0.23     0.99    18.84     0  06:20        0.99
  G71F143              JUNCTION     0.12     1.12    19.14     0  06:19        1.12
  G71F144              JUNCTION     0.05     1.20    19.36     0  06:19        1.20
  G71F145              JUNCTION     0.04     1.10    19.42     0  06:19        1.10
  G71F146              JUNCTION     0.02     0.81    19.50     0  06:19        0.81
  G71F147              JUNCTION     0.07     0.83    18.90     0  06:19        0.83
  G71F148              JUNCTION     0.02     0.83    19.04     0  06:18        0.83
  G71F160              JUNCTION     0.47     1.15    18.78     0  06:26        1.15
  G71F170              JUNCTION     0.42     1.11    18.87     0  06:25        1.11
  G71F171              JUNCTION     0.46     1.15    18.87     0  06:26        1.15
  G71F172              JUNCTION     0.34     1.02    18.86     0  06:26        1.02
  G71F173              JUNCTION     0.18     0.87    18.87     0  06:20        0.87
  G71F174              JUNCTION     0.03     0.73    19.08     0  06:19        0.73
  G71F175              JUNCTION     0.01     0.64    19.20     0  06:19        0.64
  G71F176              JUNCTION     0.02     0.52    19.12     0  06:19        0.52
  G71F177              JUNCTION     0.01     1.60    20.40     0  06:19        1.60
  G71F180              JUNCTION     0.42     1.10    18.92     0  06:25        1.10
  G71F190              JUNCTION     0.34     0.95    18.96     0  06:25        0.95
  G71F200              JUNCTION     0.37     0.93    19.21     0  06:24        0.93
  G71F265              JUNCTION     1.00     1.49    18.34     0  06:27        1.49
  G71F280              JUNCTION     0.09     0.26    17.36     0  06:18        0.26
  G71F290              JUNCTION     0.11     0.36    17.46     0  06:18        0.36
  G71F300              JUNCTION     0.08     0.39    17.72     0  06:18        0.39
  G71F301              JUNCTION     0.04     0.24    18.53     0  06:18        0.24
  G71F302              JUNCTION     0.04     0.22    19.62     0  06:18        0.22
  G71F303              JUNCTION     0.01     0.08    19.70     0  06:17        0.08
  G71F304              JUNCTION     0.02     0.24    17.76     0  06:18        0.24
  G71F305              JUNCTION     0.03     0.23    20.13     0  06:18        0.23
  G71F306              JUNCTION     0.00     0.08    20.94     0  06:17        0.08
  G71F310              JUNCTION     0.04     0.35    17.98     0  06:25        0.35
  G71F311              JUNCTION     0.04     0.42    18.25     0  06:25        0.42
  G71F312              JUNCTION     0.03     0.30    18.54     0  06:25        0.30
  G71F313              JUNCTION     0.01     0.42    18.77     0  06:25        0.42
  G71F314              JUNCTION     0.01     0.39    18.98     0  06:25        0.39
  G71F315              JUNCTION     0.01     0.11    19.99     0  06:18        0.11
  G71F350              JUNCTION     0.01     0.16    19.89     0  06:18        0.16
  G71F360              JUNCTION     0.01     0.19    21.82     0  06:18        0.19
  G71F370              JUNCTION     0.01     0.28    22.93     0  06:18        0.28
  G71F380              JUNCTION     0.01     0.60    25.00     0  06:20        0.60
  G71F390              JUNCTION     0.01     0.59    26.39     0  06:19        0.59
  G71F391              JUNCTION     0.01     0.12    26.76     0  06:18        0.12
  G71F392              JUNCTION     0.01     0.10    27.21     0  06:17        0.10
  G71F393              JUNCTION     0.01     0.16    27.34     0  06:18        0.16
  G71F394              JUNCTION     0.00     0.08    28.50     0  06:17        0.08
  G71O020              JUNCTION     2.32     4.03    15.16     0  08:13        4.03
  G71R062              JUNCTION     0.37     0.75    13.75     1  23:56        0.75
  G71R070              JUNCTION     0.02     0.13    19.05     0  06:19        0.13
  G71R080              JUNCTION     0.03     0.11    20.26     0  06:19        0.11
  G71R090              JUNCTION     0.06     0.20    20.37     0  06:19        0.20
  G71R110              JUNCTION     0.01     0.25    20.48     0  06:19        0.25
  G71R130              JUNCTION     0.01     0.37    20.64     0  06:19        0.37
  G71R131              JUNCTION     0.00     0.10    21.27     0  06:18        0.10
  G71R132              JUNCTION     0.00     0.10    22.67     0  06:18        0.10
  G71R133              JUNCTION     0.01     0.08    22.65     0  06:21        0.08
  G71R134              JUNCTION     0.00     0.00    25.47     0  00:00        0.00
  G72F010              JUNCTION     0.50     1.10    19.32     0  06:24        1.10
  G72F011              JUNCTION     0.01     0.46    20.18     0  06:20        0.46
  G72F012              JUNCTION     0.02     0.88    20.86     0  06:19        0.88
  G72F013              JUNCTION     0.01     0.57    21.31     0  06:19        0.57
  G72F014              JUNCTION     0.01     0.31    21.46     0  06:19        0.31
  G72F015              JUNCTION     0.01     0.11    21.57     0  06:17        0.11
  G72F020              JUNCTION     0.68     1.38    19.47     0  06:24        1.38
  G72F030              JUNCTION     0.29     1.03    19.66     0  06:23        1.03
  G72F040              JUNCTION     0.29     0.95    20.23     0  06:23        0.95
  G72F050              JUNCTION     0.29     0.94    20.36     0  06:23        0.94
  G72F060              JUNCTION     0.29     0.91    20.65     0  06:22        0.91
  G72F061              JUNCTION     0.04     0.08    21.51     0  06:19        0.08
  G72F062              JUNCTION     0.10     1.30    23.34     0  06:20        1.30
  G72F063              JUNCTION     0.08     1.02    23.61     0  06:20        1.02
  G72F065              JUNCTION     0.08     0.88    23.79     0  06:23        0.88
  G72F066              JUNCTION     0.10     0.90    24.01     0  06:23        0.90
  G72F067              JUNCTION     0.07     0.49    24.39     0  06:24        0.49
  G72F068              JUNCTION     0.04     0.57    25.15     0  06:20        0.57
  G72F069              JUNCTION     0.04     0.50    25.55     0  06:19        0.50
  G72F070              JUNCTION     0.27     0.90    20.94     0  06:22        0.90
  G72F071              JUNCTION     0.04     0.29    25.64     0  06:19        0.29
  G72F080              JUNCTION     0.33     1.01    21.15     0  06:22        1.01
  G72F081              JUNCTION     0.01     0.35    23.79     0  06:23        0.35
  G72F082              JUNCTION     0.02     1.10    24.96     0  06:20        1.10
  G72F083              JUNCTION     0.01     0.76    25.74     0  06:21        0.76
  G72F084              JUNCTION     0.01     0.13    26.40     0  06:18        0.13
  G72F085              JUNCTION     0.00     0.09    26.88     0  06:18        0.09
  G72F086              JUNCTION     0.00     0.08    27.52     0  06:17        0.08
  G72F090              JUNCTION     0.26     0.90    21.63     0  06:22        0.90
  G72F091              JUNCTION     0.01     0.14    24.69     0  06:18        0.14
  G72F092              JUNCTION     0.01     0.12    26.76     0  06:18        0.12
  G72F093              JUNCTION     0.01     0.12    28.80     0  06:18        0.12
  G72F095              JUNCTION     0.27     0.96    21.73     0  06:23        0.96
  G72F100              JUNCTION     0.24     0.87    22.06     0  06:22        0.87
  G72F101              JUNCTION     0.02     0.05    22.58     0  06:23        0.05
  G72F110              JUNCTION     0.26     0.92    22.63     0  06:22        0.92
  G72F111              JUNCTION     0.03     0.63    22.53     0  06:22        0.63
  G72F120              JUNCTION     0.24     0.86    22.99     0  06:21        0.86
  G72F250              JUNCTION     0.04     0.41    19.91     0  06:22        0.41
  G72F252              JUNCTION     0.06     0.42    20.58     0  06:18        0.42
  G72F253              JUNCTION     0.05     0.19    21.11     0  06:18        0.19
  G72F257              JUNCTION     0.04     0.10    21.22     0  06:18        0.10
  G72F260              JUNCTION     0.06     0.35    20.10     0  06:21        0.35
  G72F270              JUNCTION     0.07     0.46    20.44     0  06:21        0.46
  G72F280              JUNCTION     0.07     0.41    20.71     0  06:20        0.41
  G72F281              JUNCTION     0.06     0.38    21.00     0  06:19        0.38
  G72F290              JUNCTION     0.02     0.33    21.01     0  06:19        0.33
  G72F300              JUNCTION     0.01     0.04    21.06     0  06:18        0.04
  G72F310              JUNCTION     0.06     0.37    21.57     0  06:18        0.37
  G72F311              JUNCTION     0.02     0.89    26.20     0  06:23        0.89
  G72F312              JUNCTION     0.01     1.09    30.22     0  06:20        1.09
  G72F313              JUNCTION     0.00     0.09    33.07     0  06:17        0.09
  G72F314              JUNCTION     0.02     1.21    31.33     0  06:25        1.21
  G72F315              JUNCTION     0.02     1.68    32.76     0  06:21        1.68
  G72F316              JUNCTION     0.02     1.49    34.11     0  06:20        1.49
  G72F317              JUNCTION     0.01     1.12    35.03     0  06:19        1.12
  G72F320              JUNCTION     0.05     0.32    21.60     0  06:18        0.32
  G72F330              JUNCTION     0.04     0.23    22.29     0  06:18        0.23
  G72F331              JUNCTION     0.03     0.21    22.94     0  06:18        0.21
  G72F332              JUNCTION     0.03     0.18    23.64     0  06:18        0.18
  G72F333              JUNCTION     0.02     0.09    26.17     0  06:17        0.09
  G72F334              JUNCTION     0.03     1.13    29.06     0  06:24        1.13
  G72F335              JUNCTION     0.02     1.27    29.62     0  06:19        1.27
  G72F336              JUNCTION     0.01     0.12    29.94     0  06:18        0.12
  G72F337              JUNCTION     0.02     0.09    22.75     0  06:17        0.09
  G72F350              JUNCTION     0.05     0.62    24.62     0  06:20        0.62
  G72F360              JUNCTION     0.06     0.78    25.56     0  06:21        0.78
  G72F370              JUNCTION     0.06     0.76    26.35     0  06:26        0.76
  G72F380              JUNCTION     0.06     0.90    27.28     0  06:26        0.90
  G72F390              JUNCTION     0.06     1.15    28.26     0  06:25        1.15
  G72F410              JUNCTION     0.05     1.12    29.01     0  06:24        1.12
  G72F420              JUNCTION     0.05     1.03    29.99     0  06:25        1.03
  G72F430              JUNCTION     0.04     0.91    30.94     0  06:22        0.91
  G72F440              JUNCTION     0.03     0.15    32.24     0  06:18        0.15
  G72F460              JUNCTION     0.15     1.12    33.26     0  08:03        1.12
  G72F470              JUNCTION     0.07     0.93    34.28     0  08:03        0.93
  G72F480              JUNCTION     0.07     0.98    35.36     0  08:04        0.98
  G72F490              JUNCTION     0.12     1.62    36.32     0  08:05        1.62
  G72F491              JUNCTION     0.15     2.20    37.31     0  06:57        2.20
  G72F492              JUNCTION     0.20     2.80    38.23     0  07:34        2.80
  G72F493              JUNCTION     0.20     2.91    38.42     0  06:43        2.91
  G72F494              JUNCTION     0.23     3.52    39.20     0  06:40        3.52
  G72F550              JUNCTION     0.04     0.76    19.73     0  06:24        0.76
  G72F561              JUNCTION     0.03     1.03    20.29     0  06:21        1.03
  G72F562              JUNCTION     0.01     1.13    22.20     0  06:19        1.13
  G72F570              JUNCTION     0.04     0.61    19.95     0  06:23        0.61
  G72F580              JUNCTION     0.03     0.76    22.03     0  06:21        0.76
  G72F581              JUNCTION     0.02     0.18    22.68     0  06:20        0.18
  G72F582              JUNCTION     0.03     1.04    24.70     0  06:20        1.04
  G72F583              JUNCTION     0.01     0.88    24.70     0  06:20        0.88
  G72F584              JUNCTION     0.02     0.61    25.20     0  06:20        0.61
  G72F585              JUNCTION     0.01     0.53    25.50     0  06:20        0.53
  G72F586              JUNCTION     0.01     0.63    27.27     0  06:20        0.63
  G72F587              JUNCTION     0.01     0.17    28.32     0  06:19        0.17
  G72F588              JUNCTION     0.01     0.69    29.17     0  06:18        0.69
  G72F590              JUNCTION     0.02     0.50    24.27     0  06:20        0.50
  G72F610              JUNCTION     0.03     0.28    25.05     0  06:18        0.28
  G72F620              JUNCTION     0.03     0.33    25.55     0  06:18        0.33
  G72F630              JUNCTION     0.03     0.38    26.42     0  06:19        0.38
  G72F631              JUNCTION     0.03     0.60    28.20     0  06:19        0.60
  G72F632              JUNCTION     0.01     0.26    28.22     0  06:19        0.26
  G72F633              JUNCTION     0.03     0.37    28.57     0  06:19        0.37
  G72F636              JUNCTION     0.00     0.10    31.01     0  06:17        0.10
  G72F637              JUNCTION     0.00     0.06    30.75     0  06:17        0.06
  G72F640              JUNCTION     0.05     0.09    22.08     0  06:17        0.09
  G72F642              JUNCTION     0.07     1.14    29.46     0  06:21        1.14
  G72F644              JUNCTION     0.03     1.05    29.51     0  06:20        1.05
  G72F645              JUNCTION     0.02     0.97    29.52     0  06:20        0.97
  G72F646              JUNCTION     0.02     0.89    29.53     0  06:20        0.89
  G72F647              JUNCTION     0.01     0.71    29.63     0  06:19        0.71
  G72F648              JUNCTION     0.02     0.88    29.54     0  06:20        0.88
  G72F660              JUNCTION     0.06     0.52    19.62     0  06:24        0.52
  G72F661              JUNCTION     0.02     0.13    20.74     0  06:18        0.13
  G72F662              JUNCTION     0.04     0.48    21.29     0  06:19        0.48
  G72F663              JUNCTION     0.01     0.18    21.86     0  06:18        0.18
  G72F664              JUNCTION     0.01     1.30    23.38     0  06:19        1.30
  G72F665              JUNCTION     0.06     0.59    19.90     0  06:23        0.59
  G72F670              JUNCTION     0.05     0.67    20.20     0  06:21        0.67
  G72F671              JUNCTION     0.05     0.76    20.86     0  06:19        0.76
  G72F672              JUNCTION     0.04     0.56    21.04     0  06:19        0.56
  G72F673              JUNCTION     0.00     0.09    22.45     0  06:18        0.09
  G72F674              JUNCTION     0.00     0.07    24.49     0  06:18        0.07
  G72F675              JUNCTION     0.03     0.68    20.50     0  06:21        0.68
  G72F676              JUNCTION     0.01     1.05    22.12     0  06:20        1.05
  G72F677              JUNCTION     0.01     0.81    22.23     0  06:19        0.81
  G72F678              JUNCTION     0.01     0.11    22.48     0  06:18        0.11
  G72F710              JUNCTION     0.02     0.21    20.51     0  06:18        0.21
  G72F720              JUNCTION     0.03     0.55    21.06     0  06:19        0.55
  G72F730              JUNCTION     0.03     0.51    21.54     0  06:19        0.51
  G72F740              JUNCTION     0.02     0.78    22.91     0  06:19        0.78
  G72F760              JUNCTION     0.02     0.22    24.48     0  06:18        0.22
  G72F766              JUNCTION     0.01     0.12    24.86     0  06:17        0.12
  G72F767              JUNCTION     0.00     0.13    25.72     0  06:17        0.13
  G72F768              JUNCTION     0.00     0.05    30.34     0  06:17        0.05
  G72F770              JUNCTION     0.02     0.68    29.28     0  06:20        0.68
  G72F771              JUNCTION     0.02     0.75    29.95     0  06:20        0.75
  G72F772              JUNCTION     0.01     0.65    29.97     0  06:20        0.65
  G72F773              JUNCTION     0.01     0.12    30.03     0  06:18        0.12
  G72F774              JUNCTION     0.01     1.35    31.88     0  06:18        1.35
  G72F800              JUNCTION     0.04     0.67    22.52     0  06:21        0.67
  G72F810              JUNCTION     0.04     1.01    23.89     0  06:20        1.01
  G72F811              JUNCTION     0.02     0.53    24.19     0  06:19        0.53
  G72F812              JUNCTION     0.02     0.19    24.73     0  06:18        0.19
  G72F813              JUNCTION     0.00     0.11    25.73     0  06:18        0.11
  G72F814              JUNCTION     0.02     0.24    25.01     0  06:18        0.24
  G72F820              JUNCTION     0.05     0.93    24.30     0  06:20        0.93
  G72F821              JUNCTION     0.04     1.14    24.92     0  06:19        1.14
  G72F830              JUNCTION     0.03     0.79    24.43     0  06:20        0.79
  G72F831              JUNCTION     0.01     0.19    25.62     0  06:18        0.19
  G72F832              JUNCTION     0.01     0.15    26.99     0  06:18        0.15
  G72F833              JUNCTION     0.00     0.10    28.00     0  06:18        0.10
  G72F834              JUNCTION     0.04     0.69    24.60     0  06:20        0.69
  G72F835              JUNCTION     0.04     0.96    25.35     0  06:18        0.96
  G72F870              JUNCTION     0.07     0.58    20.85     0  06:22        0.58
  G72F871              JUNCTION     0.05     0.35    22.18     0  06:20        0.35
  G72F872              JUNCTION     0.05     0.50    22.80     0  06:19        0.50
  G72F873              JUNCTION     0.08     1.42    24.33     0  06:19        1.42
  G72F874              JUNCTION     0.08     1.36    24.52     0  06:19        1.36
  G72F880              JUNCTION     0.06     0.80    22.46     0  06:20        0.80
  G72F890              JUNCTION     0.05     0.91    23.09     0  06:20        0.91
  G72F891              JUNCTION     0.05     1.40    24.27     0  06:20        1.40
  G72F892              JUNCTION     0.00     0.08    24.77     0  06:17        0.08
  G72F893              JUNCTION     0.06     2.16    25.95     0  06:20        2.16
  G72F894              JUNCTION     0.05     1.57    26.29     0  06:24        1.57
  G72K010              JUNCTION     0.47     1.07    19.32     0  06:24        1.07
  G72K050              JUNCTION     0.28     0.92    20.49     0  06:23        0.92
  G72K060              JUNCTION     0.29     0.92    20.84     0  06:22        0.92
  G72K100              JUNCTION     0.26     0.92    22.42     0  06:22        0.92
  G72K257              JUNCTION     0.07     0.23    21.15     0  06:18        0.23
  G72K258              JUNCTION     0.00     0.11    21.22     0  06:17        0.11
  G72K293              JUNCTION     0.00     0.43    36.37     0  06:19        0.43
  G72K312              JUNCTION     0.03     1.45    30.21     0  06:20        1.45
  G72K330              JUNCTION     0.05     0.27    22.39     0  06:18        0.27
  G72K332              JUNCTION     0.01     0.16    23.88     0  06:18        0.16
  G72K560              JUNCTION     0.05     0.73    19.82     0  06:23        0.73
  G72K561              JUNCTION     0.02     1.09    20.60     0  06:23        1.09
  G72K562              JUNCTION     0.01     1.15    21.03     0  06:24        1.15
  G72K563              JUNCTION     0.01     1.25    21.72     0  06:19        1.25
  G72K634              JUNCTION     0.01     0.12    29.62     0  06:17        0.12
  G72K875              JUNCTION     0.16     1.37    24.53     0  06:20        1.37
  G72K882              JUNCTION     0.00     0.07    24.69     0  06:18        0.07
  G72R150              JUNCTION     2.05     2.32    26.08     0  23:18        2.32
  G72R155              JUNCTION     1.29     1.52    26.08     0  23:18        1.52
  G72R160              JUNCTION     1.80     2.06    26.08     0  23:11        2.06
  G72R161              JUNCTION     0.33     0.49    26.08     0  23:06        0.49
  G72R165              JUNCTION     0.48     0.66    26.08     0  23:17        0.66
  G72R170              JUNCTION     0.03     0.13    27.37     0  06:18        0.13
  G72R171              JUNCTION     0.04     0.18    28.58     0  06:18        0.18
  G72R180              JUNCTION     0.02     0.15    29.94     0  06:18        0.15
  G72R190              JUNCTION     0.02     0.14    31.28     0  06:20        0.14
  G72R200              JUNCTION     0.91     1.12    26.08     0  23:12        1.12
  G72R201              JUNCTION     0.40     0.57    26.08     0  23:07        0.57
  G72R202              JUNCTION     0.02     0.09    26.29     0  06:24        0.09
  G72R203              JUNCTION     0.01     0.02    26.50     0  06:23        0.02
  G72R204              JUNCTION     0.02     0.08    27.85     0  06:24        0.08
  G72R205              JUNCTION     0.01     0.04    28.09     0  06:23        0.04
  G72R210              JUNCTION     0.03     0.42    31.97     0  06:20        0.42
  G72R211              JUNCTION     0.13     0.51    31.72     0  06:20        0.51
  G72R220              JUNCTION     0.03     1.25    33.25     0  06:19        1.25
  G72R240              JUNCTION     0.03     1.63    33.77     0  06:19        1.63
  G72R260              JUNCTION     0.02     1.27    33.75     0  06:21        1.27
  G72R270              JUNCTION     0.02     0.68    34.24     0  06:20        0.68
  G72R271              JUNCTION     0.00     0.13    34.69     0  06:17        0.13
  G72R272              JUNCTION     0.00     0.08    34.85     0  06:17        0.08
  G72R280              JUNCTION     0.02     0.70    34.63     0  06:21        0.70
  G72R290              JUNCTION     0.02     0.73    35.14     0  06:23        0.73
  G72R291              JUNCTION     0.02     0.74    35.71     0  06:21        0.74
  G72R292              JUNCTION     0.02     0.74    36.11     0  06:20        0.74
  G72R293              JUNCTION     0.01     0.62    36.36     0  06:19        0.62
  G72R294              JUNCTION     0.01     0.54    36.53     0  06:19        0.54
  G72R295              JUNCTION     0.01     0.45    36.57     0  06:19        0.45
  G72R310              JUNCTION     0.02     0.42    34.02     0  06:20        0.42
  G72R320              JUNCTION     0.02     0.25    34.38     0  06:19        0.25
  G72R330              JUNCTION     0.02     0.34    35.04     0  06:18        0.34
  G72R332              JUNCTION     0.00     0.12    35.56     0  06:17        0.12
  G72R333              JUNCTION     0.00     0.08    36.30     0  06:17        0.08
  G72R334              JUNCTION     0.01     0.09    35.49     0  06:17        0.09
  G72R335              JUNCTION     0.00     0.10    35.79     0  06:17        0.10
  G72R340              JUNCTION     0.02     0.34    35.48     0  06:18        0.34
  G72R34X              JUNCTION     1.10     1.20    31.27     1  12:45        1.20
  G72R360              JUNCTION     0.02     0.35    35.73     0  06:18        0.35
  G72R370              JUNCTION     0.02     0.35    36.06     0  06:18        0.35
  G72R380              JUNCTION     0.02     0.37    36.18     0  06:18        0.37
  G72R390              JUNCTION     0.01     0.19    36.33     0  06:18        0.19
  G72R410              JUNCTION     0.02     0.25    31.51     0  06:19        0.25
  G72R470              JUNCTION     1.74     1.93    30.49     1  10:59        1.93
  G72R480              JUNCTION     1.21     1.45    30.57     0  06:38        1.45
  G72R490              JUNCTION     0.81     1.03    30.58     0  06:37        1.03
  G72R510              JUNCTION     0.03     0.10    30.58     0  06:37        0.10
  G72R52X              JUNCTION     0.39     0.46    30.54     0  16:59        0.46
  G72R530              JUNCTION     0.55     0.64    30.55     0  17:10        0.64
  G72R540              JUNCTION     0.74     0.85    30.55     0  17:10        0.85
  G72R542              JUNCTION     0.00     0.00    34.08     0  00:00        0.00
  G72R543              JUNCTION     0.00     0.00    33.95     0  00:00        0.00
  G72R560              JUNCTION     1.17     1.31    30.55     0  17:10        1.31
  G72R570              JUNCTION     1.41     1.56    30.55     0  17:10        1.56
  G72R580              JUNCTION     1.70     1.87    30.55     0  17:10        1.87
  G72R641              JUNCTION     0.04     0.09    24.01     0  06:17        0.09
  G72R642              JUNCTION     0.04     0.06    25.15     0  05:49        0.06
  G72R643              JUNCTION     0.15     0.81    26.13     0  07:07        0.81
  G72R644              JUNCTION     0.08     0.62    26.13     0  07:07        0.62
  G72R645              JUNCTION     0.01     0.13    26.13     0  07:06        0.13
  G72R646              JUNCTION     0.06     0.44    26.13     0  07:07        0.44
  G72R647              JUNCTION     0.06     0.39    26.18     0  06:20        0.39
  G72R648              JUNCTION     0.04     0.29    26.37     0  06:19        0.29
  G72R649              JUNCTION     0.03     0.40    26.94     0  06:19        0.40
  G72R650              JUNCTION     0.01     0.18    27.75     0  06:18        0.18
  G72R651              JUNCTION     0.03     0.18    27.94     0  06:18        0.18
  G72R652              JUNCTION     0.03     0.17    28.24     0  06:18        0.17
  G72R653              JUNCTION     0.00     0.14    29.16     0  06:18        0.14
  G72R654              JUNCTION     0.01     0.13    30.33     0  06:18        0.13
  G72R655              JUNCTION     0.01     0.64    27.00     0  06:20        0.64
  G72R656              JUNCTION     0.02     1.76    28.69     0  06:21        1.76
  G72R657              JUNCTION     0.01     0.80    29.47     0  06:20        0.80
  G72R658              JUNCTION     0.01     0.16    30.08     0  06:18        0.16
  G72R659              JUNCTION     0.00     0.11    31.06     0  06:18        0.11
  G72R661              JUNCTION     0.00     0.10    29.80     0  06:18        0.10
  G72R662              JUNCTION     0.00     0.08    27.08     0  06:17        0.08
  G72R820              JUNCTION     0.02     0.87    30.44     0  06:27        0.87
  G72R830              JUNCTION     0.02     0.63    30.42     0  06:27        0.63
  G72R840              JUNCTION     0.02     0.31    30.38     0  06:28        0.31
  G72R860              JUNCTION     0.02     0.17    30.70     0  06:18        0.17
  G72R870              JUNCTION     0.01     0.14    31.07     0  06:18        0.14
  G72R880              JUNCTION     0.02     0.22    31.47     0  06:18        0.22
  G72R890              JUNCTION     0.02     0.23    32.03     0  06:18        0.23
  G72R891              JUNCTION     0.01     0.24    32.24     0  06:18        0.24
  G72R892              JUNCTION     0.01     0.13    33.13     0  06:18        0.13
  G72R893              JUNCTION     0.02     0.12    33.05     0  06:18        0.12
  G72R894              JUNCTION     0.02     0.13    33.88     0  06:18        0.13
  G72S810              JUNCTION     0.06     1.52    30.48     0  06:25        1.52
  G72UD11              JUNCTION     1.66     1.83    30.55     0  17:10        1.83
  G73F000              JUNCTION     0.18     0.77    23.17     0  06:21        0.77
  G73F001              JUNCTION     0.01     0.13    27.82     0  06:19        0.13
  G73F002              JUNCTION     0.03     1.61    31.21     0  06:20        1.61
  G73F003              JUNCTION     0.03     2.06    32.30     0  06:21        2.06
  G73F004              JUNCTION     0.01     1.12    32.87     0  06:20        1.12
  G73F005              JUNCTION     0.02     1.82    32.30     0  06:21        1.82
  G73F006              JUNCTION     0.01     1.50    31.50     0  06:19        1.50
  G73F007              JUNCTION     0.02     0.22    24.14     0  06:19        0.22
  G73F008              JUNCTION     0.01     0.17    24.85     0  06:18        0.17
  G73F010              JUNCTION     0.18     0.74    23.33     0  06:21        0.74
  G73F020              JUNCTION     0.19     0.77    23.39     0  06:20        0.77
  G73F030              JUNCTION     0.17     0.71    23.48     0  06:20        0.71
  G73F040              JUNCTION     0.18     0.73    23.64     0  06:20        0.73
  G73F041              JUNCTION     0.02     0.45    23.66     0  06:20        0.45
  G73F042              JUNCTION     0.08     0.62    23.64     0  06:20        0.62
  G73F050              JUNCTION     0.13     0.58    23.68     0  06:20        0.58
  G73F060              JUNCTION     0.12     0.52    24.26     0  06:20        0.52
  G73F070              JUNCTION     0.13     0.89    25.11     0  06:21        0.89
  G73F071              JUNCTION     0.01     0.59    25.43     0  06:19        0.59
  G73F072              JUNCTION     0.01     0.12    25.99     0  06:18        0.12
  G73F080              JUNCTION     0.12     0.93    25.87     0  06:25        0.93
  G73F090              JUNCTION     0.12     0.88    26.74     0  06:25        0.88
  G73F100              JUNCTION     0.13     1.09    27.49     0  06:25        1.09
  G73F110              JUNCTION     0.13     1.00    27.83     0  06:25        1.00
  G73F111              JUNCTION     0.06     0.84    28.05     0  06:24        0.84
  G73F112              JUNCTION     0.05     0.76    28.24     0  06:24        0.76
  G73F113              JUNCTION     0.02     0.71    28.72     0  06:20        0.71
  G73F114              JUNCTION     0.01     0.80    29.46     0  06:20        0.80
  G73F115              JUNCTION     0.01     0.74    30.02     0  06:19        0.74
  G73F116              JUNCTION     0.01     0.52    30.30     0  06:19        0.52
  G73F117              JUNCTION     0.01     0.11    30.89     0  06:18        0.11
  G73F120              JUNCTION     0.13     0.88    28.10     0  06:25        0.88
  G73F130              JUNCTION     0.16     0.99    28.36     0  06:25        0.99
  G73F140              JUNCTION     0.16     1.20    28.72     0  06:25        1.20
  G73F150              JUNCTION     0.11     0.97    29.09     0  06:25        0.97
  G73F160              JUNCTION     0.10     0.54    29.61     0  06:25        0.54
  G73F161              JUNCTION     0.00     0.00    31.21     1  17:58        0.00
  G73F170              JUNCTION     0.10     0.60    30.43     0  06:25        0.60
  G73F180              JUNCTION     0.13     1.43    31.72     0  06:25        1.43
  G73F190              JUNCTION     0.11     1.39    32.43     0  06:25        1.39
  G73F210              JUNCTION     0.05     1.03    32.89     0  06:25        1.03
  G73F211              JUNCTION     0.02     0.11    33.14     0  06:17        0.11
  G73F220              JUNCTION     0.04     0.73    33.19     0  06:24        0.73
  G73F221              JUNCTION     0.01     0.13    33.72     0  06:18        0.13
  G73F222              JUNCTION     0.00     0.06    34.69     0  06:17        0.06
  G73F230              JUNCTION     0.04     0.97    34.87     0  06:20        0.97
  G73F231              JUNCTION     0.42     0.84    35.35     0  06:24        0.84
  G73F232              JUNCTION     0.01     0.19    35.42     0  06:19        0.19
  G73F233              JUNCTION     0.02     0.56    35.17     0  06:20        0.56
  G73F234              JUNCTION     0.02     0.76    36.17     0  06:19        0.76
  G73F235              JUNCTION     0.04     0.97    36.44     0  06:19        0.97
  G73F240              JUNCTION     0.03     0.59    31.35     0  06:20        0.59
  G73F260              JUNCTION     0.03     0.42    32.04     0  06:21        0.42
  G73F270              JUNCTION     0.03     0.74    32.71     0  06:19        0.74
  G73F271              JUNCTION     0.02     0.22    34.24     0  06:19        0.22
  G73F272              JUNCTION     0.03     1.70    37.37     0  06:21        1.70
  G73F273              JUNCTION     0.03     1.70    37.63     0  06:22        1.70
  G73F274              JUNCTION     0.02     1.34    37.76     0  06:21        1.34
  G73F300              JUNCTION     0.10     0.48    23.69     0  06:20        0.48
  G73F301              JUNCTION     0.02     0.37    23.69     0  06:20        0.37
  G73F310              JUNCTION     0.08     0.30    24.05     0  06:18        0.30
  G73F311              JUNCTION     0.02     0.15    28.24     0  06:18        0.15
  G73F312              JUNCTION     0.03     0.34    28.64     0  06:18        0.34
  G73F313              JUNCTION     0.02     0.08    28.66     0  06:18        0.08
  G73F314              JUNCTION     0.02     0.12    28.65     0  06:18        0.12
  G73F320              JUNCTION     0.12     0.36    24.25     0  06:19        0.36
  G73F330              JUNCTION     0.08     0.26    24.46     0  06:24        0.26
  G73F340              JUNCTION     0.13     0.33    24.53     0  06:23        0.33
  G73F350              JUNCTION     0.07     0.25    24.56     0  06:23        0.25
  G73F360              JUNCTION     0.07     0.24    24.99     0  06:23        0.24
  G73F361              JUNCTION     0.05     0.37    28.99     0  06:19        0.37
  G73F362              JUNCTION     0.05     0.14    29.62     0  06:19        0.14
  G73F363              JUNCTION     0.05     0.50    30.80     0  06:18        0.50
  G73F370              JUNCTION     0.13     1.30    26.20     0  06:25        1.30
  G73F371              JUNCTION     0.08     1.92    27.15     0  06:25        1.92
  G73F380              JUNCTION     0.15     2.13    27.25     0  06:25        2.13
  G73F381              JUNCTION     0.04     1.30    27.91     0  06:20        1.30
  G73F382              JUNCTION     0.01     1.02    27.99     0  06:19        1.02
  G73F383              JUNCTION     0.03     0.16    27.38     0  06:24        0.16
  G73F385              JUNCTION     0.13     2.10    27.27     0  06:25        2.10
  G73F390              JUNCTION     0.10     2.06    27.89     0  06:26        2.06
  G73F400              JUNCTION     0.09     1.98    28.50     0  06:27        1.98
  G73F410              JUNCTION     0.15     3.18    30.17     0  06:29        3.18
  G73F420              JUNCTION     0.15     3.52    30.79     0  06:29        3.52
  G73F430              JUNCTION     0.19     4.29    31.93     0  06:27        4.29
  G73F500              JUNCTION     0.25     1.41    32.59     0  06:26        1.41
  G73F510              JUNCTION     0.10     0.83    32.95     0  06:27        0.83
  G73F520              JUNCTION     0.10     0.31    33.72     0  06:27        0.31
  G73F530              JUNCTION     0.12     0.30    34.13     0  06:27        0.30
  G73F540              JUNCTION     0.15     0.76    34.84     0  06:26        0.76
  G73F560              JUNCTION     0.16     1.16    35.47     0  06:26        1.16
  G73F570              JUNCTION     0.16     1.17    35.61     0  06:25        1.17
  G73F580              JUNCTION     0.13     1.05    35.77     0  06:25        1.05
  G73F590              JUNCTION     0.12     0.91    35.98     0  06:25        0.91
  G73F610              JUNCTION     0.10     0.53    36.16     0  06:25        0.53
  G73F612              JUNCTION     0.03     0.39    37.32     0  06:18        0.39
  G73F614              JUNCTION     0.01     0.12    37.61     0  06:18        0.12
  G73F620              JUNCTION     0.11     0.52    36.99     0  06:20        0.52
  G73F630              JUNCTION     0.11     0.21    37.04     0  06:20        0.21
  G73F631              JUNCTION     0.00     0.00    37.27     0  00:00        0.00
  G73F670              JUNCTION     0.16     1.08    35.77     0  06:25        1.08
  G73F671              JUNCTION     0.06     0.99    35.88     0  06:25        0.99
  G73F672              JUNCTION     0.06     1.00    35.94     0  06:24        1.00
  G73F673              JUNCTION     0.04     0.85    35.99     0  06:24        0.85
  G73F674              JUNCTION     0.04     0.71    36.29     0  06:24        0.71
  G73F679              JUNCTION     0.01     0.03    36.79     0  06:24        0.03
  G73G384              JUNCTION     0.02     0.29    27.31     0  06:25        0.29
  G73K040              JUNCTION     0.14     0.63    23.65     0  06:20        0.63
  G73K041              JUNCTION     0.17     0.72    23.65     0  06:20        0.72
  G73K365              JUNCTION     0.05     0.29    30.15     0  06:19        0.29
  G73K370              JUNCTION     0.15     2.05    27.15     0  06:25        2.05
  G73K570              JUNCTION     0.14     1.08    35.74     0  06:25        1.08
  G73K611              JUNCTION     0.02     0.09    36.86     0  06:18        0.09
  G73K613              JUNCTION     0.02     0.37    37.48     0  06:18        0.37
  G73K727              JUNCTION     0.01     0.82    32.42     0  06:19        0.82
  G73R440              JUNCTION     0.09     2.27    31.93     0  06:27        2.27
  G73R450              JUNCTION     0.09     2.23    31.93     0  06:27        2.23
  G73R451              JUNCTION     0.06     1.78    31.90     0  06:26        1.78
  G73R452              JUNCTION     0.05     1.47    31.83     0  06:26        1.47
  G73R453              JUNCTION     0.03     1.35    31.82     0  06:30        1.35
  G73R454              JUNCTION     0.05     1.30    31.76     0  06:36        1.30
  G73R455              JUNCTION     0.05     1.27    31.77     0  06:22        1.27
  G73R460              JUNCTION     0.03     1.01    31.94     0  06:27        1.01
  G73R710              JUNCTION     0.24     1.04    31.26     0  06:28        1.04
  G73R711              JUNCTION     0.07     0.76    31.24     0  06:27        0.76
  G73R712              JUNCTION     0.04     0.68    31.24     0  06:30        0.68
  G73R714              JUNCTION     0.03     0.38    31.23     0  06:27        0.38
  G73R716              JUNCTION     0.07     0.18    31.42     0  06:18        0.18
  G73R718              JUNCTION     0.01     0.42    31.25     0  06:26        0.42
  G73R719              JUNCTION     0.06     1.09    31.91     0  06:20        1.09
  G73R721              JUNCTION     0.03     0.97    32.11     0  06:20        0.97
  G73R723              JUNCTION     0.00     0.13    31.74     0  06:18        0.13
  G73R724              JUNCTION     0.01     0.76    32.71     0  06:18        0.76
  G74F130              JUNCTION     0.08     0.78    23.10     0  06:21        0.78
  G74F140              JUNCTION     0.08     0.58    23.43     0  06:21        0.58
  G74F150              JUNCTION     0.07     0.48    23.85     0  06:21        0.48
  G74F160              JUNCTION     0.05     0.37    25.37     0  06:20        0.37
  G74F170              JUNCTION     0.05     0.36    27.13     0  06:20        0.36
  G74F180              JUNCTION     0.05     0.36    28.81     0  06:20        0.36
  G74F190              JUNCTION     0.07     0.56    29.46     0  06:20        0.56
  G74F191              JUNCTION     0.01     0.09    30.53     0  06:17        0.09
  G74F210              JUNCTION     0.06     0.55    29.94     0  06:19        0.55
  G74F211              JUNCTION     0.00     0.07    32.51     0  06:17        0.07
  G74F220              JUNCTION     0.06     0.58    30.32     0  06:19        0.58
  G74F221              JUNCTION     0.01     0.14    31.32     0  06:18        0.14
  G74F222              JUNCTION     0.00     0.08    32.45     0  06:17        0.08
  G74F230              JUNCTION     0.05     0.39    31.29     0  06:19        0.39
  G74F231              JUNCTION     0.01     0.15    31.95     0  06:18        0.15
  G74F232              JUNCTION     0.01     0.12    33.30     0  06:18        0.12
  G74F240              JUNCTION     0.05     0.43    32.43     0  06:18        0.43
  G74F241              JUNCTION     0.01     0.33    32.89     0  06:19        0.33
  G74F242              JUNCTION     0.01     0.22    33.16     0  06:18        0.22
  G74F243              JUNCTION     0.01     0.19    33.62     0  06:18        0.19
  G74F250              JUNCTION     0.06     0.50    32.85     0  06:20        0.50
  G74F260              JUNCTION     0.06     0.68    33.37     0  06:20        0.68
  G74F261              JUNCTION     0.01     0.06    33.63     0  06:17        0.06
  G74F270              JUNCTION     0.06     0.74    33.68     0  06:20        0.74
  G74F271              JUNCTION     0.01     0.15    33.76     0  06:18        0.15
  G74F272              JUNCTION     0.01     0.15    34.33     0  06:18        0.15
  G74F280              JUNCTION     0.06     0.68    34.01     0  06:20        0.68
  G74F281              JUNCTION     0.01     0.17    34.12     0  06:18        0.17
  G74F282              JUNCTION     0.01     0.15    34.65     0  06:17        0.15
  G74F290              JUNCTION     0.05     0.75    34.34     0  06:20        0.75
  G74F310              JUNCTION     0.05     0.78    34.62     0  06:19        0.78
  G74F311              JUNCTION     0.03     0.75    35.02     0  06:19        0.75
  G74F312              JUNCTION     0.02     1.76    36.40     0  06:18        1.76
  G74F320              JUNCTION     0.04     0.74    35.10     0  06:19        0.74
  G74F321              JUNCTION     0.01     0.87    35.75     0  06:19        0.87
  G74F322              JUNCTION     0.01     0.51    35.92     0  06:19        0.51
  G74F323              JUNCTION     0.02     0.49    35.17     0  06:19        0.49
  G75F65X              JUNCTION     1.31     1.61    32.19     1  23:06        1.61
  G75F65Y              JUNCTION     1.19     1.49    32.19     1  23:10        1.49
  G75S060              JUNCTION     2.02     2.27    22.11     1  23:57        2.27
  G75S080              JUNCTION     1.66     1.90    22.22     1  23:57        1.90
  G75S090              JUNCTION     1.55     1.79    22.34     1  23:57        1.79
  G75S110              JUNCTION     1.44     1.67    22.54     0  06:47        1.67
  G75S120              JUNCTION     1.45     2.19    23.28     0  06:29        2.19
  G75S125              JUNCTION     1.31     1.96    23.27     0  06:37        1.96
  G75S140              JUNCTION     1.21     1.57    23.09     1  23:57        1.57
  G75S160              JUNCTION     1.06     1.32    23.09     1  23:57        1.32
  G75S170              JUNCTION     1.02     1.13    23.13     1  23:57        1.13
  G75S180              JUNCTION     1.33     1.46    23.61     0  19:53        1.46
  G75S190              JUNCTION     1.48     1.69    24.04     1  23:57        1.69
  G75S210              JUNCTION     1.30     1.48    24.04     1  23:57        1.48
  G75S220              JUNCTION     1.09     1.27    24.04     1  23:57        1.27
  G75S230              JUNCTION     1.14     1.19    24.26     1  23:57        1.19
  G75S240              JUNCTION     1.36     1.42    24.88     1  23:57        1.42
  G75S260              JUNCTION     1.92     2.08    25.81     1  23:57        2.08
  G75S270              JUNCTION     2.51     2.82    26.91     1  10:38        2.82
  G75S280              JUNCTION     2.67     3.34    28.79     0  08:21        3.34
  G75S290              JUNCTION     3.21     4.01    30.19     0  09:00        4.01
  G75S310              JUNCTION     3.68     3.92    30.83     1  13:11        3.92
  G75S320              JUNCTION     3.12     3.33    30.83     1  13:33        3.33
  G75S330              JUNCTION     2.48     2.65    30.83     1  13:19        2.65
  G75S340              JUNCTION     2.13     2.29    30.83     1  13:17        2.29
  G75S360              JUNCTION     1.61     1.74    30.84     1  12:50        1.74
  G75S370              JUNCTION     0.94     1.09    30.95     0  06:57        1.09
  G75S380              JUNCTION     0.17     0.28    30.95     0  06:49        0.28
  G75S390              JUNCTION     0.01     0.02    31.42     1  17:58        0.02
  G75S410              JUNCTION     2.45     2.77    26.99     1  10:38        2.77
  G75S420              JUNCTION     2.48     2.78    27.37     1  23:57        2.78
  G75S430              JUNCTION     2.73     3.22    28.12     0  06:24        3.22
  G75S440              JUNCTION     2.91     3.08    28.22     0  19:36        3.08
  G75S460              JUNCTION     3.11     3.31    28.78     1  23:57        3.31
  G75S470              JUNCTION     3.30     3.52    29.36     1  23:57        3.52
  G75S480              JUNCTION     3.62     3.86    30.20     1  21:18        3.86
  G75S490              JUNCTION     3.73     4.01    30.88     1  13:49        4.01
  G75S510              JUNCTION     3.90     4.20    31.26     1  13:26        4.20
  G75S520              JUNCTION     3.68     3.98    31.26     1  13:27        3.98
  G75S530              JUNCTION     3.61     3.96    31.67     1  23:08        3.96
  G75S540              JUNCTION     3.64     4.26    32.33     1  23:09        4.26
  G75S541              JUNCTION     1.93     4.57    34.49     0  15:14        4.57
  G76R180              JUNCTION     0.01     0.02    29.02     0  06:25        0.02
  G76R181              JUNCTION     0.00     0.00    31.35     0  00:00        0.00
  G76R182              JUNCTION     0.01     0.02    29.09     0  06:24        0.02
  G76R183              JUNCTION     0.00     0.00    29.36     0  05:45        0.00
  G76R184              JUNCTION     0.00     0.00    31.76     0  00:00        0.00
  G76R185              JUNCTION     0.00     0.01    29.01     0  07:52        0.01
  G80F010              JUNCTION     0.15     0.22    37.13     0  06:24        0.22
  G80F020              JUNCTION     0.21     0.29    37.34     0  06:42        0.29
  G80F030              JUNCTION     0.21     0.33    37.53     0  06:42        0.33
  G80F040              JUNCTION     0.20     0.36    37.76     0  06:41        0.36
  G80F060              JUNCTION     0.21     0.41    37.98     0  06:38        0.41
  G80F070              JUNCTION     0.23     0.47    38.07     0  06:37        0.47
  G80F080              JUNCTION     0.23     0.71    38.52     0  06:37        0.71
  G80F090              JUNCTION     0.26     0.96    38.94     0  06:36        0.96
  G80F110              JUNCTION     0.24     1.09    39.39     0  06:33        1.09
  G80F120              JUNCTION     0.24     1.10    39.45     0  06:34        1.10
  G80F130              JUNCTION     0.24     1.16    39.74     0  06:36        1.16
  G80F140              JUNCTION     0.22     1.16    40.04     0  06:38        1.16
  G80F160              JUNCTION     0.22     1.19    40.34     0  06:39        1.19
  G80F170              JUNCTION     0.18     1.08    40.45     0  06:39        1.08
  G80F180              JUNCTION     0.26     1.24    40.71     0  06:37        1.24
  G80F190              JUNCTION     0.29     1.22    41.88     0  06:49        1.22
  G80F210              JUNCTION     0.20     1.25    43.75     0  07:02        1.25
  G80F220              JUNCTION     0.09     0.10    44.30     0  06:02        0.10
  G80F230              JUNCTION     0.09     0.09    46.78     0  04:54        0.09
  G80F240              JUNCTION     0.08     0.09    49.55     0  03:42        0.09
  G80F310              JUNCTION     4.93    12.52    46.65     1  03:18       12.52
  G80F312              JUNCTION     3.04     3.73    39.15     1  13:49        3.73
  G80F313              JUNCTION     2.88     3.49    39.06     1  13:47        3.49
  G80F330              JUNCTION     2.97     3.51    39.08     1  12:10        3.51
  G80F340              JUNCTION     2.76     3.28    39.07     1  12:14        3.28
  G80F350              JUNCTION     2.68     3.19    39.07     1  12:17        3.19
  G80F360              JUNCTION     2.55     3.05    39.07     1  12:21        3.05
  G80F370              JUNCTION     2.50     3.00    39.07     1  12:21        3.00
  G80F380              JUNCTION     2.49     2.98    39.07     1  12:21        2.98
  G80F390              JUNCTION     0.73     1.09    39.08     1  10:39        1.09
  G80F400              JUNCTION     0.65     0.99    39.09     1  10:38        0.99
  G80F410              JUNCTION     0.58     0.91    39.10     1  10:38        0.91
  G80F420              JUNCTION     0.39     0.64    39.11     1  10:38        0.64
  G80F421              JUNCTION     0.30     1.00    39.57     0  06:19        1.00
  G80F422              JUNCTION     0.01     0.19    42.13     0  06:18        0.19
  G80F423              JUNCTION     0.01     0.17    43.62     0  06:18        0.17
  G80F424              JUNCTION     0.01     0.18    44.24     0  06:18        0.18
  G80F425              JUNCTION     0.00     0.14    44.95     0  06:18        0.14
  G80F430              JUNCTION     0.35     0.76    39.31     0  06:25        0.76
  G80F440              JUNCTION     0.33     0.85    39.43     0  06:25        0.85
  G80F460              JUNCTION     0.28     0.95    39.58     0  06:20        0.95
  G80F461              JUNCTION     0.02     0.60    42.92     0  06:20        0.60
  G80F462              JUNCTION     0.03     0.68    43.75     0  06:20        0.68
  G80F463              JUNCTION     0.02     0.13    44.01     0  06:18        0.13
  G80F470              JUNCTION     0.04     0.32    40.17     0  06:25        0.32
  G80F472              JUNCTION     0.01     0.03    40.86     0  06:23        0.03
  G80F473              JUNCTION     0.01     0.02    40.28     0  06:23        0.02
  G80F480              JUNCTION     0.06     0.38    40.61     0  06:25        0.38
  G80F490              JUNCTION     0.05     0.66    41.43     0  06:25        0.66
  G80F491              JUNCTION     0.05     0.63    41.93     0  06:25        0.63
  G80F492              JUNCTION     0.05     0.75    42.28     0  06:19        0.75
  G80F493              JUNCTION     0.04     0.55    42.73     0  06:19        0.55
  G80F494              JUNCTION     0.04     0.80    44.35     0  06:19        0.80
  G80F495              JUNCTION     0.04     0.64    44.58     0  06:19        0.64
  G80F496              JUNCTION     0.01     0.37    44.97     0  06:19        0.37
  G80F497              JUNCTION     0.00     0.00    46.74     1  17:58        0.00
  G80F510              JUNCTION     0.38     0.66    39.09     1  10:40        0.66
  G80F520              JUNCTION     0.04     0.35    41.02     0  06:19        0.35
  G80F531              JUNCTION     0.00     0.00    42.35     0  00:00        0.00
  G80F540              JUNCTION     0.04     0.35    41.56     0  06:19        0.35
  G80F560              JUNCTION     0.05     0.45    42.46     0  06:19        0.45
  G80F570              JUNCTION     0.04     0.41    43.66     0  06:19        0.41
  G80F580              JUNCTION     0.04     0.31    45.28     0  06:19        0.31
  G80F610              JUNCTION     0.04     0.34    46.53     0  06:18        0.34
  G80F620              JUNCTION     0.04     0.33    47.07     0  06:18        0.33
  G80F621              JUNCTION     0.01     0.13    47.92     0  06:17        0.13
  G80F622              JUNCTION     0.00     0.05    48.84     0  06:17        0.05
  G80F660              JUNCTION     0.04     0.36    47.32     0  06:19        0.36
  G80F66X              JUNCTION     4.17     4.94    39.26     1  06:29        4.94
  G80F670              JUNCTION     0.05     0.40    47.53     0  06:19        0.40
  G80F680              JUNCTION     0.06     0.51    47.80     0  06:19        0.51
  G80F690              JUNCTION     0.05     0.67    48.13     0  06:19        0.67
  G80F710              JUNCTION     0.03     0.60    48.41     0  06:19        0.60
  G80F720              JUNCTION     0.03     0.89    49.40     0  06:20        0.89
  G80F730              JUNCTION     0.04     1.12    49.99     0  06:23        1.12
  G80F740              JUNCTION     0.03     1.13    50.12     0  06:23        1.13
  G80F741              JUNCTION     0.02     1.03    50.21     0  06:20        1.03
  G80F742              JUNCTION     0.01     0.80    50.26     0  06:20        0.80
  G80F743              JUNCTION     0.01     0.54    50.41     0  06:19        0.54
  G80K530              JUNCTION     0.04     0.42    41.32     0  06:19        0.42
  G80K630              JUNCTION     0.07     0.49    47.27     0  06:19        0.49
  G80O010              JUNCTION     3.31     3.49    39.16     1  17:55        3.49
  H50S820              JUNCTION     3.98     5.16    39.63     1  03:19        5.16
  G72R33Bb             JUNCTION     0.09     0.16    25.26     0  05:48        0.16
  G72K020              JUNCTION     0.43     1.02    19.33     0  06:24        1.02
  F74F360              OUTFALL      3.34     3.82    13.23     1  23:57        3.82
  G60K220              OUTFALL      2.96     3.28    12.20     1  15:13        3.28
  G60U02F              OUTFALL      2.12     2.51    13.76     0  04:46        2.51
  G70U01F              OUTFALL      2.00     2.12    15.60     0  06:20        2.12
  G71U02F              OUTFALL      2.10     2.63    13.75     1  23:57        2.63
  G71U10F              OUTFALL      2.84     3.40    13.75     1  23:57        3.40
  G72U07R              OUTFALL      1.31     1.41    31.27     1  12:45        1.41
  G75U03F              OUTFALL      1.46     1.75    32.16     1  23:09        1.75
  G80U03F              OUTFALL      4.32     4.53    39.16     1  17:54        4.53
  G71F04R              STORAGE      3.18     3.45    16.19     0  06:34        3.45
  G71F05R              STORAGE      2.23     2.53    16.27     0  06:34        2.53
  G71F05R_skyl         STORAGE      4.50     5.17    19.01     0  06:24        5.17
  G71F090              STORAGE      0.84     1.32    18.34     0  06:27        1.32
  G71F68Y              STORAGE      4.99     5.44    16.28     0  06:31        5.44
  G72R33B              STORAGE      0.19     1.03    26.13     0  07:06        1.03
  G72R70B              STORAGE      1.90     2.16    26.08     0  23:14        2.16
  G72R83B              STORAGE      1.74     1.86    30.56     0  17:10        1.86
  G72R84B              STORAGE      2.10     2.29    30.47     1  23:57        2.29
  G80F11B              STORAGE      3.64     4.29    39.15     1  10:45        4.29
  G80F13P              STORAGE      5.40     6.38    39.40     1  03:19        6.38
  G71R050              STORAGE      2.84     3.40    13.75     1  23:57        3.40
  G72R34R              STORAGE      0.31     0.40    30.47     1  23:57        0.40
  G71F320              STORAGE      3.45     3.68    16.14     0  06:31        3.68
  G72R520              STORAGE      0.39     0.47    30.55     0  17:11        0.47
  G80F66Y              STORAGE      4.32     5.09    39.26     1  03:18        5.09
  
  
  *******************
  Node Inflow Summary
  *******************

  -------------------------------------------------------------------------------------------------
                                  Maximum  Maximum                  Lateral       Total        Flow
                                  Lateral    Total  Time of Max      Inflow      Inflow     Balance
                                   Inflow   Inflow   Occurrence      Volume      Volume       Error
  Node                 Type           CMS      CMS  days hr:min    10^6 ltr    10^6 ltr     Percent
  -------------------------------------------------------------------------------------------------
  F74F370              JUNCTION     0.307    0.641     0  06:29       1.955       7.152       0.000
  F74F380              JUNCTION     0.124    0.314     0  06:23       3.103      12.319       0.000
  F74F390              JUNCTION     0.326    0.414     0  06:24       8.981      21.756       0.000
  F74F410              JUNCTION     0.033    0.187     0  07:46       0.142      20.434       0.000
  F74F420              JUNCTION     0.000    0.184     0  07:39       0.000      20.277       0.000
  F74F430              JUNCTION     0.311    0.527     0  06:27       1.147      21.581       0.000
  F74F440              JUNCTION     0.000    0.221     0  06:26       0.000      20.433       0.000
  F74F445              JUNCTION     0.031    0.222     0  06:26       0.076      20.428       0.000
  G60F010              JUNCTION     0.090    0.203     0  06:26       0.228      20.359       0.000
  G60F020              JUNCTION     0.065    0.152     0  12:17       1.191      20.141       0.000
  G60F030              JUNCTION     0.087    0.201     0  06:50       2.842      22.609       0.000
  G60F040              JUNCTION     0.037    0.201     0  06:50       1.742      24.333       0.000
  G60F060              JUNCTION     0.030    0.220     0  08:16       0.517      24.867       0.000
  G60F070              JUNCTION     0.011    0.245     0  08:29       0.016      30.476       0.000
  G60F090              JUNCTION     0.225    0.288     0  08:06       2.320      30.192       0.000
  G60F110              JUNCTION     0.135    0.243     0  18:45       2.801      27.936       0.000
  G60F120              JUNCTION     0.128    0.254     0  07:52       2.284      27.807       0.000
  G60F130              JUNCTION     0.123    0.244     0  07:52       0.491      27.563       0.000
  G60F140              JUNCTION     0.035    0.199     0  16:52       0.117      27.170       0.000
  G60F141              JUNCTION     0.007    0.007     0  06:24       0.015       0.016       0.000
  G60F160              JUNCTION     0.000    0.193     0  17:02       0.000      27.067       0.000
  G60F170              JUNCTION     0.000    0.193     0  17:01       0.000      27.076       0.000
  G60F180              JUNCTION     0.000    0.193     0  17:00       0.000      27.076       0.000
  G60F190              JUNCTION     0.000    0.193     0  17:00       0.000      27.070       0.000
  G60F210              JUNCTION     0.000    0.193     0  16:58       0.000      27.088       0.000
  G60F230              JUNCTION     0.000    1.207     0  06:38       0.000      18.700       0.000
  G60F240              JUNCTION     0.000    1.252     0  06:31       0.000      18.691       0.000
  G60F260              JUNCTION     0.161    1.361     0  06:36       0.181      18.873       0.000
  G60F280              JUNCTION     0.000    1.378     0  06:32       0.018      18.862       0.000
  G60F320              JUNCTION     0.001    1.386     0  06:32       0.107      18.845       0.000
  G60F330              JUNCTION     0.001    1.408     0  06:27       0.052      18.740       0.000
  G60F340              JUNCTION     0.000    1.443     0  06:27       0.004      18.688       0.000
  G60F350              JUNCTION     0.004    1.468     0  06:27       0.088      18.689       0.000
  G60F360              JUNCTION     0.000    1.482     0  06:27       0.000      18.602       0.000
  G60F380              JUNCTION     0.001    1.513     0  06:27       0.074      18.602       0.000
  G60F60X              JUNCTION     0.000    1.549     0  06:35       0.000      74.735       0.000
  G60F60Y              JUNCTION     0.000    1.211     0  08:13       0.000      24.266       0.000
  G60F61Y              JUNCTION     0.001    1.872     0  06:26       0.100      18.572       0.000
  G60K009              JUNCTION     0.000    0.091     0  06:24       0.000       0.617       0.000
  G60K200              JUNCTION     0.489    2.157     0  04:49       5.831      61.470       0.000
  G60K210              JUNCTION     0.807    2.428     0  04:50      22.438      59.889       0.000
  G60K300              JUNCTION     0.000    0.554     0  06:25       0.000       2.552       0.000
  G60K301              JUNCTION     0.000    1.374     0  06:32       0.012      18.873       0.000
  G60K309              JUNCTION     0.001    0.042     0  06:23       0.010       0.102       0.000
  G60K311              JUNCTION     0.009    0.009     0  06:22       0.036       0.036       0.000
  G60O220              JUNCTION     0.002    0.698     0  04:46       0.003      50.834       0.000
  G60O230              JUNCTION     0.000    0.483     0  06:26       0.000       2.547       0.000
  G60O240              JUNCTION     0.000    0.492     0  06:26       0.000       2.547       0.000
  G60O260              JUNCTION     0.000    0.512     0  06:26       0.000       2.545       0.000
  G60O280              JUNCTION     0.069    0.609     0  06:24       0.144       1.965       0.000
  G60O320              JUNCTION     0.039    0.416     0  06:24       0.058       0.957       0.000
  G60O330              JUNCTION     0.000    0.275     0  06:24       0.008       0.731       0.000
  G60O340              JUNCTION     0.057    0.274     0  06:24       0.238       0.724       0.000
  G60O360              JUNCTION     0.005    0.156     0  06:24       0.128       0.410       0.000
  G60O361              JUNCTION     0.001    0.105     0  06:33       0.069       0.119       0.000
  G60OU01              JUNCTION     0.000    0.542     0  06:24       0.000       2.552       0.000
  G60R011              JUNCTION     0.066    0.066     0  06:24       0.094       0.094       0.000
  G60R281              JUNCTION     0.046    0.097     0  06:24       0.182       0.246       0.000
  G60R282              JUNCTION     0.053    0.053     0  06:23       0.064       0.064       0.000
  G60R290              JUNCTION     0.048    0.120     0  06:23       0.052       0.618       0.000
  G60R292              JUNCTION     0.049    0.117     0  06:23       0.055       0.564       0.000
  G60R293              JUNCTION     0.053    0.092     0  06:23       0.075       0.510       0.000
  G60R294              JUNCTION     0.003    0.047     0  06:24       0.210       0.435       0.000
  G60R295              JUNCTION     0.011    0.048     0  06:24       0.183       0.225       0.000
  G60R296              JUNCTION     0.042    0.042     0  06:23       0.042       0.042       0.000
  G60R302              JUNCTION     0.000    0.028     0  06:30       0.000       0.584       0.000
  G60R303              JUNCTION     0.021    0.051     0  06:24       0.049       0.623       0.000
  G60R304              JUNCTION     0.000    0.058     0  06:27       0.000       0.621       0.000
  G60R307              JUNCTION     0.155    0.175     0  06:24       0.422       0.523       0.000
  G60R308              JUNCTION     0.047    0.047     0  06:23       0.055       0.055       0.000
  G60R321              JUNCTION     0.044    0.142     0  06:24       0.046       0.168       0.000
  G60R322              JUNCTION     0.057    0.101     0  06:24       0.073       0.122       0.000
  G60R323              JUNCTION     0.046    0.046     0  06:23       0.049       0.049       0.000
  G60R341              JUNCTION     0.000    0.066     0  06:24       0.000       0.075       0.000
  G60R342              JUNCTION     0.027    0.073     0  06:24       0.024       0.075       0.000
  G60R343              JUNCTION     0.047    0.047     0  06:23       0.051       0.051       0.000
  G60R380              JUNCTION     0.059    0.152     0  06:23       0.091       0.216       0.000
  G60R382              JUNCTION     0.030    0.066     0  06:24       0.027       0.068       0.000
  G60R383              JUNCTION     0.041    0.041     0  06:23       0.041       0.041       0.000
  G60R385              JUNCTION     0.041    0.041     0  06:23       0.057       0.057       0.000
  G60U01F              JUNCTION     0.000    1.549     0  06:35       0.000      76.766       0.000
  G61F010              JUNCTION     0.002    1.144     0  06:27       0.050       9.785       0.000
  G61F011              JUNCTION     0.051    0.226     0  06:25       0.074       0.714       0.000
  G61F012              JUNCTION     0.009    0.035     0  06:24       0.058       0.135       0.000
  G61F013              JUNCTION     0.042    0.042     0  06:23       0.077       0.077       0.000
  G61F020              JUNCTION     0.001    1.522     0  06:28       0.025       9.066       0.000
  G61F030              JUNCTION     0.055    0.724     0  06:26       0.086       3.102       0.000
  G61F031              JUNCTION     0.053    0.135     0  06:24       0.266       1.065       0.000
  G61F032              JUNCTION     0.121    0.166     0  06:23       0.605       0.805       0.000
  G61F033              JUNCTION     0.054    0.098     0  06:23       0.069       0.197       0.000
  G61F034              JUNCTION     0.057    0.093     0  06:23       0.079       0.128       0.000
  G61F035              JUNCTION     0.045    0.045     0  06:23       0.050       0.050       0.000
  G61F040              JUNCTION     0.001    0.691     0  06:27       0.087       3.431       0.000
  G61F041              JUNCTION     0.090    0.185     0  06:25       0.403       2.032       0.000
  G61F042              JUNCTION     0.054    0.133     0  06:25       0.070       1.632       0.000
  G61F043              JUNCTION     0.058    0.121     0  06:24       0.081       1.562       0.000
  G61F044              JUNCTION     0.075    0.120     0  06:23       0.802       1.482       0.000
  G61F045              JUNCTION     0.070    0.070     0  06:23       0.680       0.680       0.000
  G61F060              JUNCTION     0.056    0.651     0  06:27       0.086       1.689       0.000
  G61F061              JUNCTION     0.086    0.170     0  06:24       0.314       0.568       0.000
  G61F062              JUNCTION     0.056    0.135     0  06:24       0.075       0.254       0.000
  G61F063              JUNCTION     0.055    0.103     0  06:24       0.073       0.179       0.000
  G61F064              JUNCTION     0.047    0.090     0  06:24       0.054       0.106       0.000
  G61F065              JUNCTION     0.046    0.046     0  06:23       0.052       0.052       0.000
  G61F070              JUNCTION     0.006    0.503     0  06:27       0.050       1.034       0.000
  G61F080              JUNCTION     0.038    1.543     0  06:28       0.040      14.719       0.000
  G61F090              JUNCTION     0.000    1.157     0  06:27       0.003      14.826       0.000
  G61F110              JUNCTION     0.005    1.072     0  06:28       0.063      14.716       0.000
  G61F120              JUNCTION     0.057    0.683     0  06:27       0.091      10.709       0.000
  G61F130              JUNCTION     0.056    0.602     0  06:26       0.107       8.932       0.000
  G61F140              JUNCTION     0.022    0.578     0  06:25       0.021       8.827       0.000
  G61F160              JUNCTION     0.062    0.974     0  06:26       0.088       9.239       0.000
  G61F161              JUNCTION     0.085    0.185     0  06:24       0.450       0.651       0.000
  G61F162              JUNCTION     0.049    0.137     0  06:24       0.073       0.201       0.000
  G61F163              JUNCTION     0.057    0.096     0  06:24       0.078       0.128       0.000
  G61F164              JUNCTION     0.044    0.044     0  06:23       0.050       0.050       0.000
  G61F170              JUNCTION     0.063    0.151     0  06:25       0.091       1.284       0.000
  G61F180              JUNCTION     0.050    0.478     0  06:32       0.056       5.809       0.000
  G61F210              JUNCTION     0.056    0.395     0  06:27       0.162       4.129       0.000
  G61F220              JUNCTION     0.012    0.396     0  06:24       0.224       3.965       0.000
  G61F221              JUNCTION     0.064    0.107     0  06:23       0.254       0.439       0.000
  G61F222              JUNCTION     0.042    0.105     0  06:23       0.044       0.186       0.000
  G61F223              JUNCTION     0.039    0.039     0  06:23       0.115       0.115       0.000
  G61F224              JUNCTION     0.028    0.028     0  06:23       0.027       0.027       0.000
  G61F230              JUNCTION     0.049    0.398     0  06:24       0.206       3.299       0.000
  G61F231              JUNCTION     0.060    0.101     0  06:23       0.194       0.583       0.000
  G61F232              JUNCTION     0.035    0.078     0  06:23       0.121       0.388       0.000
  G61F233              JUNCTION     0.044    0.044     0  06:23       0.268       0.268       0.000
  G61F240              JUNCTION     0.055    0.384     0  06:24       0.072       2.508       0.000
  G61F241              JUNCTION     0.070    0.102     0  06:23       0.217       0.534       0.000
  G61F242              JUNCTION     0.046    0.077     0  06:23       0.129       0.317       0.000
  G61F243              JUNCTION     0.036    0.036     0  06:22       0.188       0.188       0.000
  G61F260              JUNCTION     0.072    0.318     0  06:25       0.232       1.906       0.000
  G61F261              JUNCTION     0.039    0.039     0  06:23       0.083       0.083       0.000
  G61F270              JUNCTION     0.073    0.256     0  06:25       0.278       1.591       0.000
  G61F280              JUNCTION     0.041    0.215     0  06:25       0.222       1.312       0.000
  G61F290              JUNCTION     0.057    0.197     0  06:24       0.645       1.090       0.000
  G61F310              JUNCTION     0.000    0.151     0  06:26       0.001       0.446       0.000
  G61F320              JUNCTION     0.049    0.167     0  06:24       0.059       0.445       0.000
  G61F330              JUNCTION     0.048    0.169     0  06:24       0.057       0.385       0.000
  G61F331              JUNCTION     0.032    0.032     0  06:23       0.031       0.031       0.000
  G61F340              JUNCTION     0.055    0.125     0  06:23       0.072       0.298       0.000
  G61F350              JUNCTION     0.078    0.168     0  06:24       0.248       0.614       0.000
  G61F351              JUNCTION     0.036    0.056     0  06:23       0.037       0.054       0.000
  G61F352              JUNCTION     0.020    0.020     0  06:23       0.018       0.018       0.000
  G61F353              JUNCTION     0.071    0.099     0  06:24       0.243       0.312       0.000
  G61F354              JUNCTION     0.030    0.030     0  06:23       0.069       0.069       0.000
  G61F361              JUNCTION     0.002    0.029     0  06:24       0.084       0.183       0.000
  G61F362              JUNCTION     0.033    0.033     0  06:23       0.099       0.099       0.000
  G61F370              JUNCTION     0.059    0.236     0  06:24       0.120       1.166       0.000
  G61F371              JUNCTION     0.003    0.046     0  06:25       0.102       0.354       0.000
  G61F372              JUNCTION     0.000    0.046     0  06:25       0.039       0.252       0.000
  G61F373              JUNCTION     0.047    0.067     0  06:23       0.136       0.213       0.000
  G61F374              JUNCTION     0.004    0.031     0  06:23       0.012       0.076       0.000
  G61F375              JUNCTION     0.018    0.030     0  06:23       0.056       0.064       0.000
  G61F376              JUNCTION     0.012    0.012     0  06:22       0.008       0.008       0.000
  G61F380              JUNCTION     0.059    0.162     0  06:24       0.109       0.693       0.000
  G61F390              JUNCTION     0.045    0.140     0  06:24       0.139       0.584       0.000
  G61F400              JUNCTION     0.032    0.130     0  06:24       0.098       0.445       0.000
  G61F410              JUNCTION     0.057    0.121     0  06:23       0.178       0.346       0.000
  G61F411              JUNCTION     0.021    0.021     0  06:23       0.020       0.020       0.000
  G61F412              JUNCTION     0.061    0.061     0  06:23       0.148       0.148       0.000
  G61F413              JUNCTION     0.000    0.000     0  00:00       0.000       0.000       0.000
  G61F414              JUNCTION     0.000    0.000     0  00:00       0.000       0.000       0.000
  G61F420              JUNCTION     0.073    0.151     0  06:25       0.121       0.483       0.000
  G61F430              JUNCTION     0.071    0.124     0  06:24       0.109       0.363       0.000
  G61F440              JUNCTION     0.058    0.110     0  06:24       0.081       0.255       0.000
  G61F460              JUNCTION     0.056    0.056     0  06:23       0.174       0.174       0.000
  G61K360              JUNCTION     0.034    0.273     0  06:24       0.058       1.406       0.000
  G62F010              JUNCTION     0.063    0.179     0  06:24       0.086       1.191       0.000
  G62F011              JUNCTION     0.018    0.059     0  06:25       0.015       0.138       0.000
  G62F012              JUNCTION     0.040    0.085     0  06:24       0.041       0.124       0.000
  G62F014              JUNCTION     0.042    0.066     0  06:23       0.046       0.082       0.000
  G62F015              JUNCTION     0.036    0.036     0  06:23       0.036       0.036       0.000
  G62F020              JUNCTION     0.064    0.147     0  06:24       0.114       0.961       0.000
  G62F022              JUNCTION     0.054    0.104     0  06:24       0.069       0.453       0.000
  G62F023              JUNCTION     0.064    0.064     0  06:23       0.390       0.391       0.000
  G62F060              JUNCTION     0.056    0.474     0  06:24       0.094       5.747       0.000
  G62F070              JUNCTION     0.082    0.524     0  06:24       0.433       5.660       0.000
  G62F071              JUNCTION     0.083    0.162     0  06:24       0.208       0.767       0.000
  G62F072              JUNCTION     0.101    0.133     0  06:23       0.520       0.563       0.000
  G62F073              JUNCTION     0.040    0.040     0  06:23       0.043       0.043       0.000
  G62F080              JUNCTION     0.000    0.246     0  06:24       0.000       2.318       0.000
  G62F090              JUNCTION     0.085    0.332     0  06:24       0.154       2.318       0.000
  G62F091              JUNCTION     0.060    0.178     0  06:24       0.083       0.585       0.000
  G62F092              JUNCTION     0.052    0.158     0  06:24       0.065       0.502       0.000
  G62F093              JUNCTION     0.051    0.114     0  06:24       0.064       0.440       0.000
  G62F094              JUNCTION     0.111    0.124     0  06:23       0.298       0.380       0.000
  G62F095              JUNCTION     0.068    0.098     0  06:24       0.150       0.168       0.000
  G62F110              JUNCTION     0.064    0.113     0  06:24       0.094       0.729       0.000
  G62F111              JUNCTION     0.000    0.077     0  06:26       0.003       0.633       0.000
  G62F112              JUNCTION     0.068    0.126     0  06:24       0.101       0.634       0.000
  G62F113              JUNCTION     0.052    0.103     0  06:24       0.085       0.516       0.000
  G62F114              JUNCTION     0.046    0.091     0  06:23       0.052       0.431       0.000
  G62F115              JUNCTION     0.064    0.098     0  06:23       0.247       0.380       0.000
  G62F116              JUNCTION     0.053    0.076     0  06:24       0.065       0.142       0.000
  G62F117              JUNCTION     0.033    0.059     0  06:25       0.083       0.092       0.000
  G62F118              JUNCTION     0.000    0.082     0  06:24       0.018       0.534       0.000
  G62F120              JUNCTION     0.000    0.083     0  06:23       0.000       0.843       0.000
  G62F121              JUNCTION     0.097    0.137     0  06:24       0.759       0.843       0.000
  G62F122              JUNCTION     0.053    0.085     0  06:25       0.068       0.083       0.000
  G62F130              JUNCTION     0.046    0.202     0  06:24       0.053       2.135       0.000
  G62F140              JUNCTION     0.058    0.190     0  06:24       0.079       2.084       0.000
  G62F160              JUNCTION     0.117    0.197     0  06:24       0.472       2.009       0.000
  G62F170              JUNCTION     0.055    0.147     0  06:23       0.070       1.537       0.000
  G62F180              JUNCTION     0.068    0.162     0  06:23       0.100       1.467       0.000
  G62F190              JUNCTION     0.044    0.120     0  06:24       0.221       1.365       0.000
  G62F191              JUNCTION     0.067    0.181     0  06:23       0.152       1.163       0.000
  G62F192              JUNCTION     0.001    0.097     0  06:23       0.015       0.927       0.000
  G62F193              JUNCTION     0.001    0.105     0  06:23       0.010       0.912       0.000
  G62F194              JUNCTION     0.001    0.032     0  06:23       0.014       0.105       0.000
  G62F195              JUNCTION     0.053    0.111     0  06:24       0.067       0.796       0.000
  G62F196              JUNCTION     0.001    0.035     0  06:23       0.008       0.132       0.000
  G62F197              JUNCTION     0.057    0.084     0  06:24       0.215       0.585       0.000
  G62F198              JUNCTION     0.004    0.045     0  06:25       0.063       0.369       0.000
  G62F199              JUNCTION     0.045    0.045     0  06:23       0.048       0.048       0.000
  G62F200              JUNCTION     0.001    0.062     0  06:24       0.013       0.598       0.000
  G62F201              JUNCTION     0.008    0.050     0  06:24       0.259       0.307       0.000
  G62F401              JUNCTION     0.011    0.033     0  06:23       0.064       0.091       0.000
  G62F402              JUNCTION     0.029    0.029     0  06:23       0.026       0.026       0.000
  G62F403              JUNCTION     0.045    0.045     0  06:23       0.124       0.124       0.000
  G63F010              JUNCTION     0.000    0.194     0  16:54       0.000      27.126       0.000
  G63F020              JUNCTION     0.000    0.195     0  16:52       0.000      27.169       0.000
  G63F030              JUNCTION     0.000    0.188     0  16:58       0.000      26.881       0.000
  G63F040              JUNCTION     0.000    0.189     0  16:56       0.000      26.936       0.000
  G63F060              JUNCTION     0.001    0.210     0  06:21       0.104      26.992       0.000
  G63F070              JUNCTION     0.000    0.224     0  06:22       0.000      26.943       0.000
  G63F080              JUNCTION     0.000    0.240     0  06:23       0.000      26.998       0.000
  G63F090              JUNCTION     0.000    0.247     0  06:23       0.000      27.054       0.000
  G63S021              JUNCTION     0.000    0.024     0  06:28       0.000       0.341       0.000
  G63S022              JUNCTION     0.000    0.024     0  06:27       0.000       0.341       0.000
  G63S023              JUNCTION     0.041    0.041     0  06:23       0.341       0.341       0.000
  G64F010              JUNCTION     0.000    0.255     0  06:24       0.000      27.104       0.000
  G64F020              JUNCTION     0.000    0.268     0  06:25       0.000      27.156       0.000
  G64F030              JUNCTION     0.000    0.283     0  06:25       0.000      27.210       0.000
  G64F040              JUNCTION     0.000    0.297     0  06:25       0.000      27.264       0.000
  G64F060              JUNCTION     0.044    0.313     0  06:25       0.259      27.317       0.000
  G64F070              JUNCTION     0.036    0.291     0  06:24       0.085      27.111       0.000
  G64F080              JUNCTION     0.128    0.287     0  06:22       0.452      27.078       0.000
  G65F010              JUNCTION     0.001    0.220     0  06:15       0.119      26.674       0.000
  G65F020              JUNCTION     0.000    0.226     0  06:16       0.000      26.603       0.000
  G65F030              JUNCTION     0.000    0.235     0  06:17       0.000      26.650       0.000
  G65F040              JUNCTION     0.000    0.242     0  06:17       0.000      26.700       0.000
  G65F060              JUNCTION     0.000    0.254     0  06:18       0.000      26.751       0.000
  G65F070              JUNCTION     0.000    0.266     0  06:19       0.000      26.794       0.000
  G65F080              JUNCTION     0.000    0.282     0  06:25       0.000      26.834       0.000
  G65F090              JUNCTION     0.102    0.300     0  06:24       0.262      26.875       0.000
  G65F110              JUNCTION     0.000    0.236     0  06:10       0.000      26.649       0.000
  G65F120              JUNCTION     0.015    0.246     0  06:16       0.024      26.683       0.000
  G65F130              JUNCTION     0.000    0.246     0  06:09       0.000      26.698       0.000
  G70F010              JUNCTION     0.000    0.258     0  06:16       0.000      26.741       0.000
  G70F020              JUNCTION     0.000    0.236     0  06:23       0.000      22.828       0.000
  G70F030              JUNCTION     0.053    0.256     0  06:23       0.103      22.945       0.000
  G70F040              JUNCTION     0.038    0.205     0  06:22       0.189      17.962       0.000
  G70F050              JUNCTION     0.000    0.205     0  06:10       0.000      17.798       0.000
  G70F060              JUNCTION     0.000    0.206     0  06:11       0.000      17.820       0.000
  G70F070              JUNCTION     0.000    0.206     0  06:11       0.000      17.842       0.000
  G70F100              JUNCTION     0.002    0.079     0  05:51       0.034       4.923       0.000
  G70F105              JUNCTION     0.052    0.446     0  06:25       0.608       5.223       0.000
  G70F11P              JUNCTION     0.001    0.048     0  05:55       0.023       4.895       0.000
  G70F120              JUNCTION     0.000    0.426     0  06:25       0.000       4.628       0.000
  G70F121              JUNCTION     0.152    0.173     0  06:29       1.564       2.628       0.000
  G70F122              JUNCTION     0.033    0.077     0  06:21       0.484       1.068       0.000
  G70F123              JUNCTION     0.049    0.056     0  06:24       0.075       0.578       0.000
  G70F124              JUNCTION     0.007    0.032     0  06:24       0.346       0.501       0.000
  G70F125              JUNCTION     0.032    0.032     0  06:23       0.155       0.155       0.000
  G70F130              JUNCTION     0.073    0.310     0  06:24       0.624       2.015       0.000
  G70F140              JUNCTION     0.000    0.244     0  06:24       0.000       1.391       0.000
  G70F141              JUNCTION     0.007    0.091     0  06:25       0.389       0.925       0.000
  G70F142              JUNCTION     0.000    0.087     0  06:19       0.000       0.535       0.000
  G70F143              JUNCTION     0.072    0.179     0  06:25       0.218       0.536       0.000
  G70F160              JUNCTION     0.015    0.156     0  06:24       0.011       0.466       0.000
  G70F161              JUNCTION     0.053    0.108     0  06:24       0.066       0.373       0.000
  G70F162              JUNCTION     0.040    0.089     0  06:17       0.042       0.307       0.000
  G70F163              JUNCTION     0.030    0.095     0  06:17       0.036       0.265       0.000
  G70F164              JUNCTION     0.029    0.066     0  06:17       0.187       0.230       0.000
  G70F165              JUNCTION     0.029    0.029     0  06:17       0.035       0.035       0.000
  G70F166              JUNCTION     0.008    0.008     0  06:16       0.008       0.008       0.000
  G70F170              JUNCTION     0.000    0.043     0  06:20       0.000       0.082       0.000
  G70F180              JUNCTION     0.000    0.043     0  06:20       0.000       0.082       0.000
  G70F190              JUNCTION     0.000    0.168     0  06:19       0.001       0.400       0.000
  G70F210              JUNCTION     0.042    0.195     0  06:18       0.053       0.399       0.000
  G70F211              JUNCTION     0.042    0.042     0  06:17       0.053       0.059       0.000
  G70F212              JUNCTION     0.000    0.012     0  06:18       0.003       0.007       0.000
  G70F220              JUNCTION     0.034    0.135     0  06:18       0.042       0.290       0.000
  G70F230              JUNCTION     0.020    0.103     0  06:18       0.023       0.248       0.000
  G70F231              JUNCTION     0.000    0.093     0  06:19       0.001       0.225       0.000
  G70F232              JUNCTION     0.069    0.114     0  06:17       0.109       0.223       0.000
  G70F233              JUNCTION     0.000    0.040     0  06:16       0.001       0.089       0.000
  G70F234              JUNCTION     0.048    0.062     0  06:16       0.063       0.089       0.000
  G70F235              JUNCTION     0.022    0.022     0  06:16       0.026       0.026       0.000
  G70F236              JUNCTION     0.023    0.023     0  06:16       0.025       0.025       0.000
  G70F237              JUNCTION     0.000    0.000     0  00:00       0.000       0.000       0.000
  G70F300              JUNCTION     0.000    0.753     0  06:26       0.000       6.504       0.000
  G70F301              JUNCTION     0.000    0.064     0  05:54       0.007       4.876       0.000
  G70F320              JUNCTION     0.025    0.305     0  06:24       0.328       1.265       0.000
  G70F330              JUNCTION     0.044    0.385     0  06:25       0.047       0.926       0.000
  G70F331              JUNCTION     0.038    0.142     0  06:24       0.039       0.180       0.000
  G70F332              JUNCTION     0.046    0.109     0  06:24       0.051       0.141       0.000
  G70F333              JUNCTION     0.031    0.066     0  06:24       0.030       0.090       0.000
  G70F334              JUNCTION     0.037    0.039     0  06:23       0.037       0.059       0.000
  G70F335              JUNCTION     0.022    0.022     0  06:16       0.022       0.022       0.000
  G70F340              JUNCTION     0.071    0.222     0  06:25       0.150       0.698       0.000
  G70F341              JUNCTION     0.013    0.013     0  06:22       0.011       0.011       0.000
  G70F370              JUNCTION     0.052    0.179     0  06:24       0.065       0.536       0.000
  G70F371              JUNCTION     0.055    0.138     0  06:24       0.069       0.471       0.000
  G70F372              JUNCTION     0.000    0.095     0  06:24       0.002       0.402       0.000
  G70F373              JUNCTION     0.049    0.113     0  06:24       0.057       0.400       0.000
  G70F374              JUNCTION     0.015    0.039     0  06:23       0.044       0.066       0.000
  G70F376              JUNCTION     0.004    0.045     0  06:25       0.067       0.277       0.000
  G70F377              JUNCTION     0.065    0.065     0  06:23       0.210       0.210       0.000
  G70F378              JUNCTION     0.000    0.101     0  06:24       0.000       0.400       0.000
  G70F379              JUNCTION     0.025    0.025     0  06:23       0.022       0.022       0.000
  G70F62X              JUNCTION     0.000    1.083     0  06:26       0.000      32.482       0.000
  G70F62Y              JUNCTION     0.015    1.112     0  06:19       0.083      14.872       0.000
  G70K340              JUNCTION     0.000    0.160     0  06:25       0.002       0.538       0.000
  G70R213              JUNCTION     0.000    0.000     0  00:00       0.000       0.000       0.000
  G70R214              JUNCTION     0.000    0.000     0  00:00       0.000       0.000       0.000
  G70S010              JUNCTION     0.000    0.041     0  06:15       0.000       3.957       0.000
  G70S020              JUNCTION     0.102    0.115     0  06:23       0.351       4.627       0.000
  G70S030              JUNCTION     0.000    0.034     0  06:24       0.009       4.366       0.000
  G70S040              JUNCTION     0.005    0.037     0  05:56       0.038       4.406       0.000
  G70S050              JUNCTION     0.064    0.091     0  06:24       0.140       4.574       0.000
  G70S060              JUNCTION     0.008    0.044     0  05:59       0.032       4.391       0.000
  G70S070              JUNCTION     0.058    0.098     0  06:23       0.153       5.162       0.000
  G70S080              JUNCTION     0.182    0.182     0  06:24       0.488       5.075       0.000
  G70S200              JUNCTION     0.336    0.396     0  06:24       3.161       8.086       0.000
  G70S210              JUNCTION     0.084    0.118     0  08:09       1.194       5.936       0.000
  G70S213              JUNCTION     0.000    0.008     0  06:20       0.000       0.001       0.000
  G70S214              JUNCTION     0.000    0.000     0  00:00       0.000       0.000       0.000
  G70S250              JUNCTION     0.099    0.099     0  06:24       0.531       4.835       0.000
  G71F010              JUNCTION     0.000    0.207     0  06:16       0.000      17.865       0.000
  G71F020              JUNCTION     0.000    0.214     0  06:18       0.000      17.885       0.000
  G71F030              JUNCTION     0.000    0.222     0  06:19       0.000      17.902       0.000
  G71F040              JUNCTION     0.000    0.223     0  06:19       0.000      17.918       0.000
  G71F041              JUNCTION     0.043    0.043     0  06:16       0.056       0.333       0.000
  G71F043              JUNCTION     0.000    0.013     0  06:15       0.000       0.273       0.000
  G71F044              JUNCTION     0.018    0.017     0  08:02       0.144       0.317       0.000
  G71F045              JUNCTION     0.002    0.019     0  06:17       0.005       0.223       0.000
  G71F046              JUNCTION     0.016    0.031     0  06:17       0.017       0.222       0.000
  G71F047              JUNCTION     0.034    0.034     0  06:17       0.081       0.206       0.000
  G71F048              JUNCTION     0.013    0.013     0  06:22       0.124       0.124       0.000
  G71F052              JUNCTION     0.011    0.129     0  07:53       0.050       2.408       0.000
  G71F053              JUNCTION     0.074    0.180     0  06:24       0.424       2.350       0.000
  G71F054              JUNCTION     0.300    0.349     0  06:25       1.732       1.933       0.000
  G71F056              JUNCTION     0.000    0.052     0  06:23       0.000       0.201       0.000
  G71F058              JUNCTION     0.060    0.060     0  06:23       0.191       0.191       0.000
  G71F060              JUNCTION     0.000    0.227     0  06:17       0.000      17.933       0.000
  G71F06R              JUNCTION     0.000    0.535     0  06:18       0.000      31.493       0.000
  G71F06R_ovl          JUNCTION     0.000    0.329     0  06:18       0.000      14.629       0.000
  G71F070              JUNCTION     0.000    0.253     0  06:31       0.000      29.739       0.000
  G71F100              JUNCTION     0.020    2.026     0  06:27       0.026      38.940       0.000
  G71F110              JUNCTION     0.041    2.017     0  06:27       0.041      38.682       0.000
  G71F120              JUNCTION     0.060    2.017     0  06:26       0.068      38.650       0.000
  G71F121              JUNCTION     0.056    0.189     0  06:18       0.084       0.430       0.000
  G71F122              JUNCTION     0.016    0.120     0  06:18       0.018       0.331       0.000
  G71F123              JUNCTION     0.024    0.109     0  06:18       0.028       0.313       0.000
  G71F124              JUNCTION     0.000    0.069     0  06:18       0.000       0.265       0.000
  G71F125              JUNCTION     0.040    0.070     0  06:17       0.051       0.265       0.000
  G71F126              JUNCTION     0.030    0.030     0  06:16       0.214       0.214       0.000
  G71F127              JUNCTION     0.017    0.017     0  06:16       0.020       0.020       0.000
  G71F128              JUNCTION     0.015    0.015     0  06:16       0.015       0.015       0.000
  G71F12P              JUNCTION     0.096    0.231     0  06:24       0.165       2.857       0.000
  G71F130              JUNCTION     0.000    1.953     0  06:26       0.003      37.881       0.000
  G71F140              JUNCTION     0.043    1.955     0  06:26       0.222      37.896       0.000
  G71F141              JUNCTION     0.024    0.150     0  06:19       0.029       0.491       0.000
  G71F142              JUNCTION     0.039    0.143     0  06:18       0.051       0.457       0.000
  G71F143              JUNCTION     0.020    0.090     0  06:18       0.023       0.331       0.000
  G71F144              JUNCTION     0.046    0.089     0  06:17       0.060       0.306       0.000
  G71F145              JUNCTION     0.040    0.059     0  06:17       0.123       0.247       0.000
  G71F146              JUNCTION     0.028    0.028     0  06:22       0.124       0.124       0.000
  G71F147              JUNCTION     0.013    0.035     0  06:17       0.015       0.072       0.000
  G71F148              JUNCTION     0.026    0.026     0  06:17       0.054       0.054       0.000
  G71F160              JUNCTION     0.063    1.902     0  06:26       0.249      37.205       0.000
  G71F170              JUNCTION     0.035    1.892     0  06:25       0.043      36.979       0.000
  G71F171              JUNCTION     0.040    0.142     0  06:18       0.049       0.407       0.000
  G71F172              JUNCTION     0.038    0.120     0  06:18       0.047       0.352       0.000
  G71F173              JUNCTION     0.000    0.069     0  06:18       0.002       0.252       0.000
  G71F174              JUNCTION     0.040    0.085     0  06:18       0.133       0.248       0.000
  G71F175              JUNCTION     0.036    0.036     0  06:17       0.046       0.046       0.000
  G71F176              JUNCTION     0.021    0.021     0  06:16       0.069       0.069       0.000
  G71F177              JUNCTION     0.037    0.037     0  06:17       0.046       0.046       0.000
  G71F180              JUNCTION     0.033    1.859     0  06:25       0.039      36.548       0.000
  G71F190              JUNCTION     0.041    1.870     0  06:25       0.052      36.517       0.000
  G71F200              JUNCTION     0.051    1.858     0  06:24       0.203      36.473       0.000
  G71F265              JUNCTION     0.000    0.731     0  16:27       0.016      29.875       0.000
  G71F280              JUNCTION     0.000    0.295     0  06:18       0.000       1.758       0.000
  G71F290              JUNCTION     0.001    0.295     0  06:18       0.003       1.758       0.000
  G71F300              JUNCTION     0.043    0.296     0  06:18       0.053       1.754       0.000
  G71F301              JUNCTION     0.040    0.164     0  06:18       0.131       0.917       0.000
  G71F302              JUNCTION     0.044    0.129     0  06:18       0.441       0.786       0.000
  G71F303              JUNCTION     0.010    0.010     0  06:16       0.013       0.013       0.000
  G71F304              JUNCTION     0.016    0.016     0  06:16       0.074       0.074       0.000
  G71F305              JUNCTION     0.066    0.079     0  06:17       0.316       0.332       0.000
  G71F306              JUNCTION     0.014    0.014     0  06:16       0.016       0.016       0.000
  G71F310              JUNCTION     0.046    0.167     0  06:25       0.173       0.710       0.000
  G71F311              JUNCTION     0.058    0.163     0  06:24       0.165       0.538       0.000
  G71F312              JUNCTION     0.076    0.124     0  06:24       0.278       0.373       0.000
  G71F313              JUNCTION     0.032    0.052     0  06:23       0.030       0.056       0.000
  G71F314              JUNCTION     0.029    0.029     0  06:23       0.027       0.027       0.000
  G71F315              JUNCTION     0.031    0.031     0  06:17       0.038       0.038       0.000
  G71F350              JUNCTION     0.000    0.156     0  06:18       0.000       0.279       0.000
  G71F360              JUNCTION     0.022    0.156     0  06:18       0.047       0.279       0.000
  G71F370              JUNCTION     0.032    0.138     0  06:17       0.038       0.231       0.000
  G71F380              JUNCTION     0.020    0.129     0  06:17       0.022       0.193       0.000
  G71F390              JUNCTION     0.039    0.140     0  06:18       0.048       0.171       0.000
  G71F391              JUNCTION     0.021    0.041     0  06:17       0.022       0.047       0.000
  G71F392              JUNCTION     0.021    0.021     0  06:16       0.024       0.024       0.000
  G71F393              JUNCTION     0.044    0.063     0  06:17       0.054       0.077       0.000
  G71F394              JUNCTION     0.019    0.019     0  06:16       0.022       0.022       0.000
  G71O020              JUNCTION     0.004    0.105     0  06:22       0.008       1.753       0.000
  G71R062              JUNCTION     0.000    0.146     0  06:19       0.000       0.789       0.000
  G71R070              JUNCTION     0.103    0.146     0  06:19       0.208       0.741       0.000
  G71R080              JUNCTION     0.010    0.046     0  06:19       0.086       0.532       0.000
  G71R090              JUNCTION     0.014    0.045     0  06:19       0.388       0.447       0.000
  G71R110              JUNCTION     0.000    0.041     0  06:18       0.000       0.059       0.000
  G71R130              JUNCTION     0.025    0.048     0  06:18       0.027       0.059       0.000
  G71R131              JUNCTION     0.000    0.025     0  06:18       0.000       0.032       0.000
  G71R132              JUNCTION     0.028    0.028     0  06:17       0.032       0.033       0.000
  G71R133              JUNCTION     0.000    0.003     0  06:18       0.000       0.001       0.000
  G71R134              JUNCTION     0.000    0.000     0  00:00       0.000       0.000       0.000
  G72F010              JUNCTION     0.001    1.847     0  06:24       0.032      36.278       0.000
  G72F011              JUNCTION     0.027    0.076     0  06:17       0.028       0.143       0.000
  G72F012              JUNCTION     0.052    0.079     0  06:16       0.061       0.114       0.000
  G72F013              JUNCTION     0.018    0.047     0  06:16       0.020       0.053       0.000
  G72F014              JUNCTION     0.010    0.031     0  06:17       0.010       0.033       0.000
  G72F015              JUNCTION     0.021    0.021     0  06:16       0.023       0.023       0.000
  G72F020              JUNCTION     0.002    3.354     0  06:24       0.050      35.990       0.000
  G72F030              JUNCTION     0.011    3.190     0  06:23       0.047      34.504       0.000
  G72F040              JUNCTION     0.036    2.980     0  06:23       0.085      33.877       0.000
  G72F050              JUNCTION     0.029    2.971     0  06:23       0.108      33.785       0.000
  G72F060              JUNCTION     0.043    2.528     0  06:22       0.152      29.675       0.000
  G72F061              JUNCTION     0.001    0.067     0  06:20       0.035       2.565       0.000
  G72F062              JUNCTION     0.054    0.079     0  06:17       0.093       2.529       0.000
  G72F063              JUNCTION     0.000    0.042     0  06:29       0.008       2.437       0.000
  G72F065              JUNCTION     0.004    0.047     0  06:17       0.081       2.429       0.000
  G72F066              JUNCTION     0.001    0.050     0  06:17       0.025       2.348       0.000
  G72F067              JUNCTION     0.027    0.055     0  06:18       1.915       2.323       0.000
  G72F068              JUNCTION     0.020    0.048     0  06:16       0.021       0.408       0.000
  G72F069              JUNCTION     0.028    0.046     0  06:16       0.136       0.388       0.000
  G72F070              JUNCTION     0.025    2.439     0  06:22       0.139      26.958       0.000
  G72F071              JUNCTION     0.021    0.021     0  06:16       0.251       0.251       0.000
  G72F080              JUNCTION     0.053    2.422     0  06:23       0.256      26.821       0.000
  G72F081              JUNCTION     0.000    0.067     0  06:19       0.002       0.153       0.000
  G72F082              JUNCTION     0.048    0.081     0  06:17       0.061       0.151       0.000
  G72F083              JUNCTION     0.044    0.069     0  06:18       0.057       0.090       0.000
  G72F084              JUNCTION     0.018    0.027     0  06:17       0.021       0.033       0.000
  G72F085              JUNCTION     0.000    0.012     0  06:17       0.000       0.012       0.000
  G72F086              JUNCTION     0.012    0.012     0  06:16       0.012       0.012       0.000
  G72F090              JUNCTION     0.021    2.383     0  06:22       0.125      26.417       0.000
  G72F091              JUNCTION     0.025    0.084     0  06:18       0.030       0.122       0.000
  G72F092              JUNCTION     0.013    0.062     0  06:18       0.027       0.093       0.000
  G72F093              JUNCTION     0.051    0.051     0  06:17       0.066       0.066       0.000
  G72F095              JUNCTION     0.027    2.318     0  06:22       0.031      24.577       0.000
  G72F100              JUNCTION     0.021    2.278     0  06:22       0.221      24.426       0.000
  G72F101              JUNCTION     0.009    0.009     0  06:22       0.181       0.181       0.000
  G72F110              JUNCTION     0.007    2.263     0  06:22       0.152      23.838       0.000
  G72F111              JUNCTION     0.010    0.010     0  06:22       0.152       0.155       0.000
  G72F120              JUNCTION     0.039    2.137     0  06:21       0.138      22.166       0.000
  G72F250              JUNCTION     0.011    0.329     0  06:20       0.012       2.757       0.000
  G72F252              JUNCTION     0.078    0.128     0  06:17       0.240       1.091       0.000
  G72F253              JUNCTION     0.016    0.053     0  06:17       0.451       0.851       0.000
  G72F257              JUNCTION     0.006    0.006     0  06:23       0.343       0.343       0.000
  G72F260              JUNCTION     0.032    0.246     0  06:21       0.043       1.656       0.000
  G72F270              JUNCTION     0.000    0.244     0  06:20       0.004       1.613       0.000
  G72F280              JUNCTION     0.014    0.251     0  06:19       0.014       1.602       0.000
  G72F281              JUNCTION     0.012    0.272     0  06:19       0.027       1.595       0.000
  G72F290              JUNCTION     0.038    0.046     0  06:17       0.097       0.124       0.000
  G72F300              JUNCTION     0.004    0.004     0  06:16       0.025       0.025       0.000
  G72F310              JUNCTION     0.013    0.226     0  06:18       0.218       1.444       0.000
  G72F311              JUNCTION     0.029    0.100     0  06:17       0.031       0.359       0.000
  G72F312              JUNCTION     0.000    0.035     0  06:16       0.000       0.023       0.000
  G72F313              JUNCTION     0.020    0.020     0  06:16       0.022       0.022       0.000
  G72F314              JUNCTION     0.039    0.084     0  06:18       0.093       0.252       0.000
  G72F315              JUNCTION     0.012    0.073     0  06:15       0.012       0.157       0.000
  G72F316              JUNCTION     0.048    0.090     0  06:16       0.055       0.144       0.000
  G72F317              JUNCTION     0.061    0.061     0  06:16       0.089       0.089       0.000
  G72F320              JUNCTION     0.021    0.147     0  06:18       0.023       0.866       0.000
  G72F330              JUNCTION     0.016    0.129     0  06:18       0.017       0.842       0.000
  G72F331              JUNCTION     0.007    0.092     0  06:18       0.183       0.584       0.000
  G72F332              JUNCTION     0.019    0.086     0  06:17       0.025       0.401       0.000
  G72F333              JUNCTION     0.013    0.042     0  06:17       0.013       0.348       0.000
  G72F334              JUNCTION     0.025    0.047     0  06:18       0.232       0.335       0.000
  G72F335              JUNCTION     0.014    0.045     0  06:17       0.017       0.103       0.000
  G72F336              JUNCTION     0.032    0.032     0  06:17       0.086       0.086       0.000
  G72F337              JUNCTION     0.020    0.020     0  06:16       0.215       0.215       0.000
  G72F350              JUNCTION     0.092    0.160     0  06:17       0.271       1.538       0.000
  G72F360              JUNCTION     0.035    0.094     0  06:17       0.040       1.266       0.000
  G72F370              JUNCTION     0.000    0.070     0  06:17       0.000       1.226       0.000
  G72F380              JUNCTION     0.005    0.081     0  06:18       0.005       1.226       0.000
  G72F390              JUNCTION     0.031    0.097     0  06:17       0.134       1.221       0.000
  G72F410              JUNCTION     0.056    0.094     0  06:16       0.309       1.087       0.000
  G72F420              JUNCTION     0.022    0.063     0  06:16       0.025       0.778       0.000
  G72F430              JUNCTION     0.011    0.059     0  06:17       0.011       0.753       0.000
  G72F440              JUNCTION     0.016    0.050     0  06:17       0.016       0.742       0.000
  G72F460              JUNCTION     0.016    0.048     0  06:15       0.015       0.726       0.000
  G72F470              JUNCTION     0.013    0.048     0  06:16       0.040       0.710       0.000
  G72F480              JUNCTION     0.011    0.041     0  06:53       0.070       0.670       0.000
  G72F490              JUNCTION     0.005    0.038     0  06:54       0.005       0.600       0.000
  G72F491              JUNCTION     0.022    0.051     0  06:17       0.022       0.596       0.000
  G72F492              JUNCTION     0.019    0.052     0  06:17       0.121       0.574       0.000
  G72F493              JUNCTION     0.013    0.059     0  06:16       0.045       0.495       0.000
  G72F494              JUNCTION     0.157    0.157     0  06:18       0.493       0.493       0.000
  G72F550              JUNCTION     0.019    0.401     0  06:17       0.094       1.682       0.000
  G72F561              JUNCTION     0.048    0.068     0  06:18       0.081       0.191       0.000
  G72F562              JUNCTION     0.031    0.031     0  06:17       0.035       0.035       0.000
  G72F570              JUNCTION     0.005    0.336     0  06:17       0.032       1.316       0.000
  G72F580              JUNCTION     0.031    0.373     0  06:18       0.035       1.283       0.000
  G72F581              JUNCTION     0.023    0.128     0  06:18       0.026       0.500       0.000
  G72F582              JUNCTION     0.044    0.154     0  06:17       0.094       0.474       0.000
  G72F583              JUNCTION     0.000    0.009     0  06:17       0.015       0.016       0.000
  G72F584              JUNCTION     0.035    0.128     0  06:17       0.206       0.363       0.000
  G72F585              JUNCTION     0.031    0.096     0  06:17       0.038       0.157       0.000
  G72F586              JUNCTION     0.026    0.079     0  06:18       0.031       0.119       0.000
  G72F587              JUNCTION     0.000    0.057     0  06:18       0.002       0.088       0.000
  G72F588              JUNCTION     0.060    0.060     0  06:17       0.086       0.086       0.000
  G72F590              JUNCTION     0.044    0.231     0  06:18       0.056       0.749       0.000
  G72F610              JUNCTION     0.033    0.188     0  06:17       0.039       0.693       0.000
  G72F620              JUNCTION     0.025    0.158     0  06:17       0.030       0.654       0.000
  G72F630              JUNCTION     0.037    0.139     0  06:18       0.046       0.625       0.000
  G72F631              JUNCTION     0.036    0.126     0  06:17       0.044       0.578       0.000
  G72F632              JUNCTION     0.014    0.014     0  06:16       0.016       0.016       0.000
  G72F633              JUNCTION     0.008    0.088     0  06:18       0.009       0.519       0.000
  G72F636              JUNCTION     0.033    0.033     0  06:16       0.035       0.035       0.000
  G72F637              JUNCTION     0.012    0.012     0  06:16       0.012       0.012       0.000
  G72F640              JUNCTION     0.011    0.034     0  06:17       0.493       1.719       0.000
  G72F642              JUNCTION     0.017    0.051     0  06:18       0.017       0.460       0.000
  G72F644              JUNCTION     0.019    0.023     0  06:15       0.023       0.045       0.000
  G72F645              JUNCTION     0.005    0.016     0  06:15       0.004       0.022       0.000
  G72F646              JUNCTION     0.000    0.012     0  06:16       0.000       0.017       0.000
  G72F647              JUNCTION     0.011    0.011     0  06:16       0.010       0.010       0.000
  G72F648              JUNCTION     0.007    0.007     0  06:16       0.007       0.007       0.000
  G72F660              JUNCTION     0.035    0.190     0  06:18       0.077       1.448       0.000
  G72F661              JUNCTION     0.008    0.056     0  06:18       0.055       0.363       0.000
  G72F662              JUNCTION     0.022    0.059     0  06:17       0.227       0.308       0.000
  G72F663              JUNCTION     0.014    0.041     0  06:17       0.016       0.080       0.000
  G72F664              JUNCTION     0.048    0.048     0  06:17       0.064       0.064       0.000
  G72F665              JUNCTION     0.000    0.112     0  06:20       0.000       1.008       0.000
  G72F670              JUNCTION     0.012    0.118     0  06:19       0.013       1.007       0.000
  G72F671              JUNCTION     0.038    0.085     0  06:16       0.219       0.632       0.000
  G72F672              JUNCTION     0.025    0.057     0  06:17       0.373       0.413       0.000
  G72F673              JUNCTION     0.000    0.032     0  06:18       0.002       0.040       0.000
  G72F674              JUNCTION     0.032    0.032     0  06:17       0.038       0.038       0.000
  G72F675              JUNCTION     0.003    0.056     0  06:19       0.248       0.362       0.000
  G72F676              JUNCTION     0.032    0.088     0  06:17       0.037       0.114       0.000
  G72F677              JUNCTION     0.033    0.033     0  06:17       0.040       0.040       0.000
  G72F678              JUNCTION     0.031    0.031     0  06:17       0.037       0.037       0.000
  G72F710              JUNCTION     0.060    0.254     0  06:18       0.069       0.583       0.000
  G72F720              JUNCTION     0.026    0.212     0  06:17       0.030       0.515       0.000
  G72F730              JUNCTION     0.034    0.198     0  06:18       0.042       0.485       0.000
  G72F740              JUNCTION     0.013    0.188     0  06:17       0.015       0.443       0.000
  G72F760              JUNCTION     0.041    0.177     0  06:17       0.053       0.428       0.000
  G72F766              JUNCTION     0.020    0.020     0  06:16       0.023       0.023       0.000
  G72F767              JUNCTION     0.013    0.026     0  06:17       0.013       0.028       0.000
  G72F768              JUNCTION     0.013    0.013     0  06:16       0.015       0.015       0.000
  G72F770              JUNCTION     0.047    0.112     0  06:17       0.126       0.323       0.000
  G72F771              JUNCTION     0.042    0.084     0  06:17       0.082       0.197       0.000
  G72F772              JUNCTION     0.000    0.023     0  06:18       0.002       0.028       0.000
  G72F773              JUNCTION     0.023    0.023     0  06:17       0.026       0.026       0.000
  G72F774              JUNCTION     0.044    0.044     0  06:22       0.087       0.087       0.000
  G72F800              JUNCTION     0.000    0.218     0  06:18       0.000       1.079       0.000
  G72F810              JUNCTION     0.042    0.248     0  06:16       0.051       1.079       0.000
  G72F811              JUNCTION     0.000    0.080     0  06:18       0.000       0.172       0.000
  G72F812              JUNCTION     0.016    0.081     0  06:18       0.019       0.172       0.000
  G72F813              JUNCTION     0.028    0.028     0  06:17       0.032       0.032       0.000
  G72F814              JUNCTION     0.038    0.038     0  06:17       0.121       0.121       0.000
  G72F820              JUNCTION     0.030    0.185     0  06:16       0.037       0.855       0.000
  G72F821              JUNCTION     0.052    0.052     0  06:17       0.372       0.372       0.000
  G72F830              JUNCTION     0.023    0.129     0  06:17       0.026       0.447       0.000
  G72F831              JUNCTION     0.012    0.066     0  06:18       0.013       0.078       0.000
  G72F832              JUNCTION     0.027    0.055     0  06:17       0.031       0.065       0.000
  G72F833              JUNCTION     0.028    0.028     0  06:17       0.034       0.034       0.000
  G72F834              JUNCTION     0.010    0.054     0  06:17       0.013       0.344       0.000
  G72F835              JUNCTION     0.054    0.054     0  06:17       0.331       0.331       0.000
  G72F870              JUNCTION     0.044    0.254     0  06:17       0.305       2.917       0.000
  G72F871              JUNCTION     0.000    0.063     0  06:18       0.000       1.150       0.000
  G72F872              JUNCTION     0.044    0.069     0  06:17       0.057       1.151       0.000
  G72F873              JUNCTION     0.028    0.038     0  06:17       0.099       1.093       0.000
  G72F874              JUNCTION     0.023    0.023     0  06:16       0.084       0.995       0.000
  G72F880              JUNCTION     0.058    0.183     0  06:18       0.282       1.462       0.000
  G72F890              JUNCTION     0.030    0.119     0  06:18       0.036       1.150       0.000
  G72F891              JUNCTION     0.049    0.132     0  06:18       0.063       1.114       0.000
  G72F892              JUNCTION     0.022    0.022     0  06:16       0.026       0.026       0.000
  G72F893              JUNCTION     0.063    0.098     0  06:17       0.210       1.024       0.000
  G72F894              JUNCTION     0.064    0.064     0  06:22       0.814       0.814       0.000
  G72K010              JUNCTION     0.000    1.229     0  06:24       0.005      31.810       0.000
  G72K050              JUNCTION     0.012    2.750     0  06:23       0.014      32.603       0.000
  G72K060              JUNCTION     0.000    2.515     0  06:23       0.006      29.525       0.000
  G72K100              JUNCTION     0.033    2.269     0  06:22       0.041      24.212       0.000
  G72K257              JUNCTION     0.014    0.039     0  06:17       0.033       0.400       0.000
  G72K258              JUNCTION     0.023    0.023     0  06:16       0.025       0.025       0.000
  G72K293              JUNCTION     0.000    0.007     0  06:17       0.000       0.001       0.000
  G72K312              JUNCTION     0.045    0.105     0  06:16       0.053       0.329       0.000
  G72K330              JUNCTION     0.005    0.115     0  06:18       0.026       0.826       0.000
  G72K332              JUNCTION     0.025    0.025     0  06:17       0.028       0.028       0.000
  G72K560              JUNCTION     0.023    0.414     0  06:17       0.082       1.588       0.000
  G72K561              JUNCTION     0.001    0.026     0  06:27       0.014       0.110       0.000
  G72K562              JUNCTION     0.000    0.032     0  06:16       0.001       0.096       0.000
  G72K563              JUNCTION     0.047    0.066     0  06:17       0.059       0.094       0.000
  G72K634              JUNCTION     0.000    0.045     0  06:17       0.002       0.049       0.000
  G72K875              JUNCTION     0.013    0.013     0  10:46       0.911       0.911       0.000
  G72K882              JUNCTION     0.028    0.028     0  06:17       0.031       0.031       0.000
  G72R150              JUNCTION     0.001    0.328     0  06:19       0.005       2.196       0.000
  G72R155              JUNCTION     0.006    0.197     0  06:19       0.039       1.306       0.000
  G72R160              JUNCTION     0.005    0.146     0  06:18       0.059       0.714       0.000
  G72R161              JUNCTION     0.007    0.007     0  06:22       0.101       0.102       0.000
  G72R165              JUNCTION     0.117    0.200     0  06:18       0.290       1.274       0.000
  G72R170              JUNCTION     0.009    0.085     0  06:18       0.070       0.984       0.000
  G72R171              JUNCTION     0.013    0.079     0  06:18       0.561       0.914       0.000
  G72R180              JUNCTION     0.015    0.069     0  06:18       0.015       0.353       0.000
  G72R190              JUNCTION     0.000    0.060     0  06:20       0.000       0.338       0.000
  G72R200              JUNCTION     0.139    0.159     0  06:17       0.221       0.560       0.000
  G72R201              JUNCTION     0.016    0.032     0  06:24       0.085       0.343       0.000
  G72R202              JUNCTION     0.005    0.022     0  06:24       0.050       0.258       0.000
  G72R203              JUNCTION     0.002    0.002     0  06:22       0.034       0.034       0.000
  G72R204              JUNCTION     0.017    0.022     0  06:23       0.080       0.174       0.000
  G72R205              JUNCTION     0.004    0.004     0  06:22       0.071       0.071       0.000
  G72R210              JUNCTION     0.000    0.362     0  06:19       0.000       0.895       0.000
  G72R211              JUNCTION     0.078    0.366     0  06:19       0.131       0.688       0.000
  G72R220              JUNCTION     0.000    0.385     0  06:18       0.000       0.895       0.000
  G72R240              JUNCTION     0.084    0.113     0  06:17       0.112       0.305       0.000
  G72R260              JUNCTION     0.017    0.085     0  06:17       0.019       0.194       0.000
  G72R270              JUNCTION     0.016    0.083     0  06:17       0.016       0.178       0.000
  G72R271              JUNCTION     0.018    0.034     0  06:17       0.019       0.036       0.000
  G72R272              JUNCTION     0.016    0.016     0  06:16       0.017       0.017       0.000
  G72R280              JUNCTION     0.015    0.047     0  06:17       0.016       0.125       0.000
  G72R290              JUNCTION     0.000    0.040     0  06:17       0.000       0.109       0.000
  G72R291              JUNCTION     0.018    0.050     0  06:17       0.019       0.109       0.000
  G72R292              JUNCTION     0.012    0.046     0  06:16       0.012       0.090       0.000
  G72R293              JUNCTION     0.010    0.044     0  06:16       0.010       0.079       0.000
  G72R294              JUNCTION     0.015    0.038     0  06:16       0.015       0.069       0.000
  G72R295              JUNCTION     0.027    0.027     0  06:17       0.054       0.054       0.000
  G72R310              JUNCTION     0.024    0.314     0  06:18       0.027       0.590       0.000
  G72R320              JUNCTION     0.000    0.294     0  06:18       0.000       0.564       0.000
  G72R330              JUNCTION     0.041    0.296     0  06:18       0.049       0.564       0.000
  G72R332              JUNCTION     0.020    0.034     0  06:17       0.021       0.036       0.000
  G72R333              JUNCTION     0.015    0.015     0  06:16       0.015       0.015       0.000
  G72R334              JUNCTION     0.005    0.018     0  06:17       0.075       0.091       0.000
  G72R335              JUNCTION     0.016    0.016     0  06:16       0.016       0.016       0.000
  G72R340              JUNCTION     0.028    0.216     0  06:18       0.048       0.388       0.000
  G72R34X              JUNCTION     0.000    0.407     0  05:45       0.000       1.546       0.000
  G72R360              JUNCTION     0.037    0.194     0  06:18       0.043       0.341       0.000
  G72R370              JUNCTION     0.063    0.163     0  06:18       0.119       0.298       0.000
  G72R380              JUNCTION     0.047    0.106     0  06:18       0.075       0.179       0.000
  G72R390              JUNCTION     0.060    0.060     0  06:17       0.104       0.104       0.000
  G72R410              JUNCTION     0.033    0.385     0  06:19       0.037       0.724       0.000
  G72R470              JUNCTION     0.068    0.267     0  06:23       0.550       3.225       0.000
  G72R480              JUNCTION     0.342    0.342     0  06:30       2.251       2.779       0.000
  G72R490              JUNCTION     0.000    0.096     0  06:30       0.000       0.569       0.000
  G72R510              JUNCTION     0.000    0.038     0  06:36       0.000       0.516       0.000
  G72R52X              JUNCTION     0.003    0.028     0  06:37       0.008       0.527       0.000
  G72R530              JUNCTION     0.000    0.018     0  08:12       0.000       0.542       0.000
  G72R540              JUNCTION     0.000    0.021     0  08:12       0.000       0.566       0.000
  G72R542              JUNCTION     0.000    0.000     0  00:00       0.000       0.000       0.000
  G72R543              JUNCTION     0.000    0.000     0  00:00       0.000       0.000       0.000
  G72R560              JUNCTION     0.000    0.030     0  07:09       0.000       0.596       0.000
  G72R570              JUNCTION     0.000    0.032     0  07:09       0.000       0.615       0.000
  G72R580              JUNCTION     0.000    0.033     0  07:09       0.000       0.643       0.000
  G72R641              JUNCTION     0.008    0.028     0  06:16       0.008       1.226       0.000
  G72R642              JUNCTION     0.000    0.020     0  05:48       0.000       1.218       0.000
  G72R643              JUNCTION     0.004    0.263     0  06:18       0.157       1.301       0.000
  G72R644              JUNCTION     0.000    0.275     0  06:19       0.000       1.129       0.000
  G72R645              JUNCTION     0.008    0.028     0  06:17       0.007       0.030       0.000
  G72R646              JUNCTION     0.014    0.257     0  06:19       0.014       1.026       0.000
  G72R647              JUNCTION     0.005    0.250     0  06:19       0.005       1.012       0.000
  G72R648              JUNCTION     0.010    0.247     0  06:19       0.010       1.007       0.000
  G72R649              JUNCTION     0.019    0.180     0  06:18       0.020       0.804       0.000
  G72R650              JUNCTION     0.040    0.071     0  06:17       0.047       0.084       0.000
  G72R651              JUNCTION     0.014    0.095     0  06:18       0.014       0.700       0.000
  G72R652              JUNCTION     0.010    0.083     0  06:18       0.574       0.686       0.000
  G72R653              JUNCTION     0.036    0.084     0  06:18       0.042       0.105       0.000
  G72R654              JUNCTION     0.049    0.049     0  06:17       0.062       0.062       0.000
  G72R655              JUNCTION     0.009    0.080     0  06:20       0.009       0.193       0.000
  G72R656              JUNCTION     0.048    0.122     0  06:17       0.061       0.181       0.000
  G72R657              JUNCTION     0.040    0.100     0  06:18       0.048       0.120       0.000
  G72R658              JUNCTION     0.020    0.061     0  06:18       0.021       0.072       0.000
  G72R659              JUNCTION     0.042    0.042     0  06:17       0.051       0.051       0.000
  G72R661              JUNCTION     0.032    0.032     0  06:17       0.037       0.037       0.000
  G72R662              JUNCTION     0.020    0.020     0  06:16       0.022       0.022       0.000
  G72R820              JUNCTION     0.029    0.306     0  06:21       0.033       0.397       0.000
  G72R830              JUNCTION     0.000    0.252     0  06:24       0.000       0.334       0.000
  G72R840              JUNCTION     0.000    0.157     0  06:19       0.000       0.300       0.000
  G72R860              JUNCTION     0.000    0.157     0  06:18       0.000       0.286       0.000
  G72R870              JUNCTION     0.000    0.158     0  06:18       0.000       0.286       0.000
  G72R880              JUNCTION     0.000    0.159     0  06:18       0.000       0.286       0.000
  G72R890              JUNCTION     0.015    0.159     0  06:18       0.015       0.286       0.000
  G72R891              JUNCTION     0.046    0.098     0  06:18       0.057       0.127       0.000
  G72R892              JUNCTION     0.053    0.053     0  06:17       0.070       0.070       0.000
  G72R893              JUNCTION     0.012    0.048     0  06:17       0.012       0.143       0.000
  G72R894              JUNCTION     0.037    0.037     0  06:17       0.132       0.132       0.000
  G72S810              JUNCTION     0.001    0.248     0  06:20       0.078       0.441       0.000
  G72UD11              JUNCTION     0.000    0.033     0  07:09       0.000       0.657       0.000
  G73F000              JUNCTION     0.029    1.366     0  06:20       0.035      17.571       0.000
  G73F001              JUNCTION     0.010    0.093     0  06:19       0.010       0.347       0.000
  G73F002              JUNCTION     0.035    0.119     0  06:18       0.046       0.335       0.000
  G73F003              JUNCTION     0.030    0.083     0  06:17       0.095       0.228       0.000
  G73F004              JUNCTION     0.062    0.062     0  06:17       0.093       0.093       0.000
  G73F005              JUNCTION     0.008    0.015     0  06:17       0.040       0.041       0.000
  G73F006              JUNCTION     0.052    0.052     0  06:17       0.061       0.061       0.000
  G73F007              JUNCTION     0.018    0.058     0  06:18       0.020       0.073       0.000
  G73F008              JUNCTION     0.042    0.042     0  06:17       0.053       0.053       0.000
  G73F010              JUNCTION     0.046    1.235     0  06:20       0.433      17.120       0.000
  G73F020              JUNCTION     0.014    1.225     0  06:20       0.014      16.689       0.000
  G73F030              JUNCTION     0.035    1.225     0  06:20       0.123      16.677       0.000
  G73F040              JUNCTION     0.032    1.215     0  06:20       0.130      16.604       0.000
  G73F041              JUNCTION     0.001    0.003     0  06:16       0.034       0.035       0.000
  G73F042              JUNCTION     0.048    0.067     0  06:17       0.056       0.066       0.000
  G73F050              JUNCTION     0.031    1.175     0  06:19       0.135      16.286       0.000
  G73F060              JUNCTION     0.018    0.851     0  06:21       0.357      11.795       0.000
  G73F070              JUNCTION     0.040    0.849     0  06:19       0.050      11.439       0.000
  G73F071              JUNCTION     0.024    0.056     0  06:17       0.027       0.067       0.000
  G73F072              JUNCTION     0.033    0.033     0  06:17       0.039       0.039       0.000
  G73F080              JUNCTION     0.025    0.826     0  06:25       0.031      11.323       0.000
  G73F090              JUNCTION     0.028    0.866     0  06:19       0.033      11.294       0.000
  G73F100              JUNCTION     0.037    0.892     0  06:18       0.218      11.262       0.000
  G73F110              JUNCTION     0.038    0.897     0  06:19       0.047      11.042       0.000
  G73F111              JUNCTION     0.015    0.143     0  06:17       0.156       1.135       0.000
  G73F112              JUNCTION     0.043    0.138     0  06:16       0.774       0.979       0.000
  G73F113              JUNCTION     0.036    0.113     0  06:17       0.045       0.205       0.000
  G73F114              JUNCTION     0.024    0.098     0  06:16       0.028       0.159       0.000
  G73F115              JUNCTION     0.042    0.094     0  06:17       0.052       0.131       0.000
  G73F116              JUNCTION     0.036    0.064     0  06:17       0.045       0.079       0.000
  G73F117              JUNCTION     0.028    0.028     0  06:17       0.034       0.034       0.000
  G73F120              JUNCTION     0.030    0.753     0  06:19       0.036       9.866       0.000
  G73F130              JUNCTION     0.055    0.738     0  06:19       0.148       9.832       0.000
  G73F140              JUNCTION     0.046    0.717     0  06:20       0.332       9.686       0.000
  G73F150              JUNCTION     0.049    0.715     0  06:18       0.380       9.355       0.000
  G73F160              JUNCTION     0.026    0.687     0  06:20       0.030       8.976       0.000
  G73F161              JUNCTION     0.000    0.000     0  16:58       0.001       0.001       0.000
  G73F170              JUNCTION     0.032    0.681     0  06:20       0.038       8.947       0.000
  G73F180              JUNCTION     0.026    0.419     0  06:27       0.031       8.066       0.000
  G73F190              JUNCTION     0.033    0.445     0  06:17       0.170       8.034       0.000
  G73F210              JUNCTION     0.045    0.271     0  06:17       0.057       1.053       0.000
  G73F211              JUNCTION     0.024    0.024     0  06:22       0.214       0.214       0.000
  G73F220              JUNCTION     0.040    0.216     0  06:18       0.049       0.781       0.000
  G73F221              JUNCTION     0.028    0.036     0  06:17       0.033       0.044       0.000
  G73F222              JUNCTION     0.009    0.009     0  06:16       0.011       0.011       0.000
  G73F230              JUNCTION     0.062    0.199     0  06:17       0.090       0.686       0.000
  G73F231              JUNCTION     0.085    0.088     0  06:22       0.382       0.403       0.000
  G73F232              JUNCTION     0.018    0.018     0  06:16       0.021       0.021       0.000
  G73F233              JUNCTION     0.045    0.086     0  06:18       0.059       0.194       0.000
  G73F234              JUNCTION     0.028    0.058     0  06:17       0.035       0.136       0.000
  G73F235              JUNCTION     0.037    0.037     0  06:17       0.101       0.101       0.000
  G73F240              JUNCTION     0.068    0.303     0  06:18       0.103       0.842       0.000
  G73F260              JUNCTION     0.027    0.250     0  06:19       0.086       0.740       0.000
  G73F270              JUNCTION     0.057    0.245     0  06:19       0.082       0.654       0.000
  G73F271              JUNCTION     0.069    0.194     0  06:19       0.106       0.572       0.000
  G73F272              JUNCTION     0.090    0.162     0  06:18       0.167       0.465       0.000
  G73F273              JUNCTION     0.025    0.099     0  06:18       0.085       0.298       0.000
  G73F274              JUNCTION     0.103    0.103     0  06:18       0.213       0.213       0.000
  G73F300              JUNCTION     0.001    0.344     0  06:18       0.031       4.359       0.000
  G73F301              JUNCTION     0.000    0.002     0  06:18       0.005       0.005       0.000
  G73F310              JUNCTION     0.062    0.341     0  06:18       0.219       4.323       0.000
  G73F311              JUNCTION     0.048    0.078     0  06:17       0.120       0.269       0.000
  G73F312              JUNCTION     0.031    0.034     0  06:16       0.074       0.149       0.000
  G73F313              JUNCTION     0.002    0.002     0  06:17       0.040       0.040       0.000
  G73F314              JUNCTION     0.006    0.007     0  06:23       0.035       0.075       0.000
  G73F320              JUNCTION     0.052    0.219     0  06:18       0.398       3.837       0.000
  G73F330              JUNCTION     0.015    0.183     0  06:23       0.108       3.440       0.000
  G73F340              JUNCTION     0.009    0.177     0  06:23       0.076       3.332       0.000
  G73F350              JUNCTION     0.014    0.177     0  06:23       0.157       3.257       0.000
  G73F360              JUNCTION     0.026    0.170     0  06:23       0.154       3.100       0.000
  G73F361              JUNCTION     0.025    0.057     0  06:17       0.029       0.962       0.000
  G73F362              JUNCTION     0.002    0.034     0  06:19       0.030       0.933       0.000
  G73F363              JUNCTION     0.029    0.039     0  06:15       0.091       0.864       0.000
  G73F370              JUNCTION     0.013    0.106     0  06:22       0.074       1.984       0.000
  G73F371              JUNCTION     0.001    0.006     0  06:16       0.000       0.004       0.000
  G73F380              JUNCTION     0.001    0.104     0  06:19       0.022       1.872       0.000
  G73F381              JUNCTION     0.046    0.066     0  06:17       0.334       0.368       0.000
  G73F382              JUNCTION     0.029    0.029     0  06:17       0.035       0.035       0.000
  G73F383              JUNCTION     0.013    0.013     0  06:22       0.153       0.153       0.000
  G73F385              JUNCTION     0.025    0.052     0  06:17       0.085       0.268       0.000
  G73F390              JUNCTION     0.008    0.073     0  06:24       0.072       1.211       0.000
  G73F400              JUNCTION     0.035    0.090     0  06:18       0.213       1.140       0.000
  G73F410              JUNCTION     0.027    0.079     0  06:16       0.031       0.927       0.000
  G73F420              JUNCTION     0.014    0.080     0  06:16       0.016       0.896       0.000
  G73F430              JUNCTION     0.029    0.221     0  06:17       0.042       0.877       0.000
  G73F500              JUNCTION     0.017    0.248     0  06:33       0.019       6.812       0.000
  G73F510              JUNCTION     0.039    0.246     0  06:22       0.092       6.794       0.000
  G73F520              JUNCTION     0.019    0.239     0  06:27       0.019       6.704       0.000
  G73F530              JUNCTION     0.009    0.238     0  06:26       0.018       6.687       0.000
  G73F540              JUNCTION     0.015    0.238     0  06:25       0.015       6.671       0.000
  G73F560              JUNCTION     0.021    0.277     0  06:17       0.021       6.658       0.000
  G73F570              JUNCTION     0.031    0.335     0  06:17       0.034       6.639       0.000
  G73F580              JUNCTION     0.000    0.325     0  06:17       0.000       6.599       0.000
  G73F590              JUNCTION     0.025    0.210     0  06:17       0.084       5.675       0.000
  G73F610              JUNCTION     0.000    0.203     0  06:18       0.014       5.591       0.000
  G73F612              JUNCTION     0.009    0.054     0  06:17       0.044       0.236       0.000
  G73F614              JUNCTION     0.025    0.025     0  06:16       0.055       0.055       0.000
  G73F620              JUNCTION     0.107    0.164     0  06:17       0.204       5.294       0.000
  G73F630              JUNCTION     0.000    0.064     0  06:24       0.000       5.090       0.000
  G73F631              JUNCTION     0.000    0.000     0  00:00       0.000       0.000       0.000
  G73F670              JUNCTION     0.030    0.150     0  06:17       0.046       0.927       0.000
  G73F671              JUNCTION     0.032    0.146     0  06:16       0.239       0.844       0.000
  G73F672              JUNCTION     0.048    0.135     0  06:16       0.180       0.606       0.000
  G73F673              JUNCTION     0.028    0.108     0  06:17       0.035       0.423       0.000
  G73F674              JUNCTION     0.092    0.092     0  06:22       0.390       0.390       0.000
  G73F679              JUNCTION     0.003    0.003     0  06:22       0.036       0.036       0.000
  G73G384              JUNCTION     0.026    0.032     0  06:17       0.030       0.182       0.000
  G73K040              JUNCTION     0.000    1.179     0  06:20       0.003      16.323       0.000
  G73K041              JUNCTION     0.001    0.077     0  06:17       0.051       0.164       0.000
  G73K365              JUNCTION     0.001    0.035     0  06:18       0.039       0.903       0.000
  G73K370              JUNCTION     0.027    0.101     0  06:19       0.035       1.914       0.000
  G73K570              JUNCTION     0.001    0.319     0  06:17       0.008       6.606       0.000
  G73K611              JUNCTION     0.005    0.053     0  06:18       0.048       0.284       0.000
  G73K613              JUNCTION     0.031    0.055     0  06:17       0.137       0.191       0.000
  G73K727              JUNCTION     0.033    0.033     0  06:17       0.060       0.060       0.000
  G73R440              JUNCTION     0.006    0.246     0  06:18       0.005       0.839       0.000
  G73R450              JUNCTION     0.149    0.241     0  06:18       0.368       0.837       0.000
  G73R451              JUNCTION     0.052    0.090     0  06:18       0.134       0.322       0.000
  G73R452              JUNCTION     0.032    0.064     0  06:17       0.037       0.195       0.000
  G73R453              JUNCTION     0.020    0.020     0  06:16       0.022       0.023       0.000
  G73R454              JUNCTION     0.025    0.029     0  06:17       0.068       0.128       0.000
  G73R455              JUNCTION     0.012    0.012     0  06:16       0.050       0.050       0.000
  G73R460              JUNCTION     0.032    0.032     0  06:17       0.155       0.155       0.000
  G73R710              JUNCTION     0.000    0.110     0  06:25       0.005       0.797       0.000
  G73R711              JUNCTION     0.013    0.184     0  06:21       0.053       0.900       0.000
  G73R712              JUNCTION     0.000    0.202     0  06:19       0.000       0.367       0.000
  G73R714              JUNCTION     0.045    0.095     0  06:18       0.129       0.211       0.000
  G73R716              JUNCTION     0.015    0.054     0  06:18       0.015       0.074       0.000
  G73R718              JUNCTION     0.010    0.068     0  06:23       0.010       0.047       0.000
  G73R719              JUNCTION     0.031    0.045     0  06:18       0.279       0.504       0.000
  G73R721              JUNCTION     0.004    0.029     0  06:16       0.164       0.224       0.000
  G73R723              JUNCTION     0.000    0.042     0  06:18       0.000       0.058       0.000
  G73R724              JUNCTION     0.046    0.046     0  06:17       0.058       0.058       0.000
  G74F130              JUNCTION     0.016    0.767     0  06:22       0.079       4.460       0.000
  G74F140              JUNCTION     0.039    0.778     0  06:21       0.150       4.369       0.000
  G74F150              JUNCTION     0.000    0.772     0  06:20       0.000       4.220       0.000
  G74F160              JUNCTION     0.004    0.777     0  06:20       0.022       2.952       0.000
  G74F170              JUNCTION     0.000    0.776     0  06:20       0.000       2.930       0.000
  G74F180              JUNCTION     0.025    0.774     0  06:20       0.099       2.930       0.000
  G74F190              JUNCTION     0.062    0.763     0  06:20       0.402       2.832       0.000
  G74F191              JUNCTION     0.022    0.022     0  06:16       0.027       0.027       0.000
  G74F210              JUNCTION     0.067    0.720     0  06:19       0.261       2.403       0.000
  G74F211              JUNCTION     0.019    0.019     0  06:16       0.023       0.023       0.000
  G74F220              JUNCTION     0.044    0.663     0  06:19       0.057       2.120       0.000
  G74F221              JUNCTION     0.031    0.048     0  06:17       0.038       0.056       0.000
  G74F222              JUNCTION     0.017    0.017     0  06:16       0.018       0.018       0.000
  G74F230              JUNCTION     0.050    0.590     0  06:18       0.068       2.007       0.000
  G74F231              JUNCTION     0.028    0.062     0  06:17       0.036       0.077       0.000
  G74F232              JUNCTION     0.034    0.034     0  06:17       0.041       0.041       0.000
  G74F240              JUNCTION     0.045    0.492     0  06:18       0.060       1.863       0.000
  G74F241              JUNCTION     0.027    0.101     0  06:18       0.033       0.133       0.000
  G74F242              JUNCTION     0.047    0.075     0  06:17       0.062       0.099       0.000
  G74F243              JUNCTION     0.031    0.031     0  06:17       0.038       0.038       0.000
  G74F250              JUNCTION     0.041    0.374     0  06:18       0.052       1.670       0.000
  G74F260              JUNCTION     0.032    0.365     0  06:17       0.037       1.619       0.000
  G74F261              JUNCTION     0.009    0.009     0  06:16       0.069       0.069       0.000
  G74F270              JUNCTION     0.047    0.382     0  06:17       0.063       1.513       0.000
  G74F271              JUNCTION     0.027    0.055     0  06:17       0.032       0.069       0.000
  G74F272              JUNCTION     0.029    0.029     0  06:17       0.037       0.037       0.000
  G74F280              JUNCTION     0.058    0.307     0  06:18       0.192       1.381       0.000
  G74F281              JUNCTION     0.029    0.059     0  06:17       0.036       0.070       0.000
  G74F282              JUNCTION     0.030    0.030     0  06:16       0.034       0.034       0.000
  G74F290              JUNCTION     0.013    0.205     0  06:18       0.013       1.119       0.000
  G74F310              JUNCTION     0.047    0.218     0  06:18       0.248       1.106       0.000
  G74F311              JUNCTION     0.060    0.113     0  06:17       0.275       0.435       0.000
  G74F312              JUNCTION     0.089    0.089     0  06:22       0.159       0.159       0.000
  G74F320              JUNCTION     0.038    0.100     0  06:18       0.200       0.424       0.000
  G74F321              JUNCTION     0.032    0.058     0  06:17       0.039       0.076       0.000
  G74F322              JUNCTION     0.030    0.030     0  06:17       0.037       0.037       0.000
  G74F323              JUNCTION     0.029    0.029     0  06:17       0.148       0.148       0.000
  G75F65X              JUNCTION     0.235    1.507     0  18:22      13.448      35.835       0.000
  G75F65Y              JUNCTION     0.363    1.551     0  18:26      19.816      38.932       0.000
  G75S060              JUNCTION     0.020    0.117     0  06:25       0.119       4.664       0.000
  G75S080              JUNCTION     0.213    0.268     0  06:23       0.532       6.150       0.000
  G75S090              JUNCTION     0.145    0.215     0  06:23       0.333       6.767       0.000
  G75S110              JUNCTION     0.084    0.158     0  06:23       0.230       6.481       0.000
  G75S120              JUNCTION     0.152    0.152     0  06:25       0.450       6.293       0.000
  G75S125              JUNCTION     0.186    0.210     0  06:24       0.836       6.325       0.000
  G75S140              JUNCTION     0.172    0.310     0  06:24       5.909       9.803       0.000
  G75S160              JUNCTION     0.109    0.160     0  06:25       2.122       7.372       0.000
  G75S170              JUNCTION     0.287    0.373     0  06:24       5.352      13.069       0.000
  G75S180              JUNCTION     0.275    0.275     0  06:30       2.654      12.878       0.000
  G75S190              JUNCTION     0.431    0.504     0  07:01      12.649      14.175       0.000
  G75S210              JUNCTION     0.633    0.662     0  06:44       4.624       5.237       0.000
  G75S220              JUNCTION     0.208    0.284     0  07:10       6.086       8.891       0.000
  G75S230              JUNCTION     0.028    0.074     0  06:43       2.470      10.633       0.000
  G75S240              JUNCTION     0.024    0.092     1  23:57       2.726      13.402       0.000
  G75S260              JUNCTION     0.242    0.345     0  06:24       1.231      15.095       0.000
  G75S270              JUNCTION     0.000    0.111     0  06:23       0.000      13.889       0.000
  G75S280              JUNCTION     0.119    0.152     0  06:25       0.378       5.239       0.000
  G75S290              JUNCTION     0.156    0.164     0  06:24       0.753       4.882       0.000
  G75S310              JUNCTION     0.446    0.450     0  06:40       7.125       7.403       0.000
  G75S320              JUNCTION     0.017    0.025     0  05:56       0.139       0.348       0.000
  G75S330              JUNCTION     0.633    0.635     0  06:39       3.118       3.001       0.000
  G75S340              JUNCTION     0.123    0.130     0  08:14       1.629       1.582       0.000
  G75S360              JUNCTION     0.501    0.522     0  06:39       3.079       3.226       0.000
  G75S370              JUNCTION     0.329    0.329     0  06:29       0.913       0.805       0.000
  G75S380              JUNCTION     0.000    0.009     0  06:29       0.000       0.072       0.000
  G75S390              JUNCTION     0.001    0.001     0  16:58       0.066       0.066       0.000
  G75S410              JUNCTION     0.060    0.079     0  06:22       0.175       8.683       0.000
  G75S420              JUNCTION     0.136    0.242     0  06:24       0.438      11.093       0.000
  G75S430              JUNCTION     0.110    0.148     0  06:22       0.443      10.681       0.000
  G75S440              JUNCTION     0.315    0.383     0  06:24       1.516      11.018       0.000
  G75S460              JUNCTION     0.096    0.157     0  06:27       0.581      10.209       0.000
  G75S470              JUNCTION     0.000    0.074     0  06:18       0.000       9.679       0.000
  G75S480              JUNCTION     0.299    0.314     0  06:25       1.294      10.856       0.000
  G75S490              JUNCTION     0.000    0.072     0  06:23       0.000       9.605       0.000
  G75S510              JUNCTION     0.343    0.361     0  06:57      10.579      11.286       0.000
  G75S520              JUNCTION     0.172    0.216     0  08:11       6.657       8.343       0.000
  G75S530              JUNCTION     0.000    0.057     1  23:08       0.000       7.392       0.000
  G75S540              JUNCTION     2.441    2.479     1  23:10     283.954     147.433       0.000
  G75S541              JUNCTION     7.157    7.198     0  16:56     438.995     220.829       0.000
  G76R180              JUNCTION     0.001    0.002     0  06:24       0.013       0.030       0.000
  G76R181              JUNCTION     0.000    0.000     0  00:00       0.000       0.000       0.000
  G76R182              JUNCTION     0.001    0.001     0  06:23       0.012       0.016       0.000
  G76R183              JUNCTION     0.000    0.000     0  05:43       0.004       0.004       0.000
  G76R184              JUNCTION     0.000    0.000     0  00:00       0.000       0.000       0.000
  G76R185              JUNCTION     0.000    0.000     0  07:51       0.002       0.008       0.000
  G80F010              JUNCTION     0.016    0.065     0  06:23       0.152       5.092       0.000
  G80F020              JUNCTION     0.000    0.049     0  06:54       0.000       4.944       0.000
  G80F030              JUNCTION     0.000    0.049     0  06:22       0.000       4.947       0.000
  G80F040              JUNCTION     0.000    0.051     0  16:45       0.000       4.951       0.000
  G80F060              JUNCTION     0.025    0.072     0  06:37       0.305       5.258       0.000
  G80F070              JUNCTION     0.000    0.072     0  06:37       0.000       5.259       0.000
  G80F080              JUNCTION     0.000    0.072     0  06:34       0.000       5.262       0.000
  G80F090              JUNCTION     0.000    0.075     0  06:26       0.000       5.264       0.000
  G80F110              JUNCTION     0.032    0.081     0  06:25       0.193       5.266       0.000
  G80F120              JUNCTION     0.003    0.067     0  06:53       0.082       5.074       0.000
  G80F130              JUNCTION     0.000    0.067     0  06:22       0.000       4.994       0.000
  G80F140              JUNCTION     0.000    0.077     0  06:21       0.000       4.995       0.000
  G80F160              JUNCTION     0.000    0.087     0  06:19       0.000       4.997       0.000
  G80F170              JUNCTION     0.000    0.098     0  06:19       0.000       4.998       0.000
  G80F180              JUNCTION     0.136    0.174     0  06:22       0.388       5.001       0.000
  G80F190              JUNCTION     0.051    0.084     0  07:02       0.564       5.173       0.000
  G80F210              JUNCTION     0.212    0.238     0  06:25       1.222       5.175       0.000
  G80F220              JUNCTION     0.000    0.027     0  05:48       0.000       3.955       0.000
  G80F230              JUNCTION     0.000    0.028     0  03:43       0.000       3.958       0.000
  G80F240              JUNCTION     0.000    0.026     0  03:41       0.000       3.957       0.000
  G80F310              JUNCTION    12.645   12.918     1  12:05     886.309     449.448       0.000
  G80F312              JUNCTION     1.604    1.625     1  03:28     116.278      59.505       0.000
  G80F313              JUNCTION     1.260    1.264     1  12:09      89.962      45.624       0.000
  G80F330              JUNCTION     0.105    1.111     0  06:23       0.261      11.562       0.000
  G80F340              JUNCTION     0.096    1.062     0  06:22       0.212       9.842       0.000
  G80F350              JUNCTION     0.061    1.035     0  06:22       0.169       8.346       0.000
  G80F360              JUNCTION     0.044    1.037     0  06:20       0.083       7.644       0.000
  G80F370              JUNCTION     0.004    1.037     0  06:20       0.019       7.594       0.000
  G80F380              JUNCTION     0.018    1.121     0  06:20       0.040       7.787       0.000
  G80F390              JUNCTION     0.063    1.144     0  06:19       0.335       7.757       0.000
  G80F400              JUNCTION     0.000    0.589     0  06:19       0.000       5.670       0.000
  G80F410              JUNCTION     0.029    0.589     0  06:19       0.032       5.684       0.000
  G80F420              JUNCTION     0.032    0.574     0  06:19       0.428       5.668       0.000
  G80F421              JUNCTION     0.049    0.169     0  06:18       0.333       0.491       0.000
  G80F422              JUNCTION     0.043    0.124     0  06:18       0.057       0.157       0.000
  G80F423              JUNCTION     0.033    0.084     0  06:18       0.040       0.100       0.000
  G80F424              JUNCTION     0.022    0.051     0  06:17       0.025       0.059       0.000
  G80F425              JUNCTION     0.030    0.030     0  06:17       0.034       0.034       0.000
  G80F430              JUNCTION     0.161    0.463     0  06:25       2.502       4.765       0.000
  G80F440              JUNCTION     0.006    0.376     0  06:19       0.156       2.267       0.000
  G80F460              JUNCTION     0.028    0.382     0  06:19       0.063       2.113       0.000
  G80F461              JUNCTION     0.051    0.087     0  06:17       0.158       0.338       0.000
  G80F462              JUNCTION     0.032    0.059     0  06:17       0.041       0.179       0.000
  G80F463              JUNCTION     0.027    0.027     0  06:17       0.139       0.139       0.000
  G80F470              JUNCTION     0.045    0.303     0  06:18       0.059       1.713       0.000
  G80F472              JUNCTION     0.002    0.002     0  06:22       0.037       0.037       0.000
  G80F473              JUNCTION     0.001    0.001     0  06:22       0.030       0.030       0.000
  G80F480              JUNCTION     0.024    0.293     0  06:25       0.186       1.588       0.000
  G80F490              JUNCTION     0.092    0.283     0  06:25       0.197       1.401       0.000
  G80F491              JUNCTION     0.047    0.213     0  06:17       0.145       1.205       0.000
  G80F492              JUNCTION     0.061    0.191     0  06:17       0.148       1.059       0.000
  G80F493              JUNCTION     0.043    0.147     0  06:17       0.144       0.911       0.000
  G80F494              JUNCTION     0.056    0.136     0  06:16       0.214       0.767       0.000
  G80F495              JUNCTION     0.058    0.099     0  06:17       0.460       0.553       0.000
  G80F496              JUNCTION     0.063    0.063     0  06:17       0.092       0.093       0.000
  G80F497              JUNCTION     0.000    0.000     0  16:58       0.001       0.001       0.000
  G80F510              JUNCTION     0.027    0.530     0  06:19       0.030       1.783       0.000
  G80F520              JUNCTION     0.042    0.516     0  06:19       0.059       1.753       0.000
  G80F531              JUNCTION     0.000    0.000     0  00:00       0.000       0.000       0.000
  G80F540              JUNCTION     0.046    0.489     0  06:19       0.084       1.694       0.000
  G80F560              JUNCTION     0.032    0.459     0  06:19       0.039       1.610       0.000
  G80F570              JUNCTION     0.042    0.444     0  06:19       0.052       1.571       0.000
  G80F580              JUNCTION     0.016    0.413     0  06:19       0.020       1.519       0.000
  G80F610              JUNCTION     0.042    0.400     0  06:18       0.053       1.499       0.000
  G80F620              JUNCTION     0.054    0.361     0  06:18       0.073       1.446       0.000
  G80F621              JUNCTION     0.042    0.043     0  06:22       0.104       0.111       0.000
  G80F622              JUNCTION     0.005    0.005     0  06:16       0.007       0.007       0.000
  G80F660              JUNCTION     0.005    0.283     0  06:18       0.067       1.214       0.000
  G80F66X              JUNCTION     0.007    7.091     1  22:31       0.009     112.034       0.000
  G80F670              JUNCTION     0.039    0.284     0  06:18       0.051       1.147       0.000
  G80F680              JUNCTION     0.062    0.255     0  06:18       0.270       1.096       0.000
  G80F690              JUNCTION     0.095    0.238     0  06:22       0.237       0.827       0.000
  G80F710              JUNCTION     0.035    0.154     0  06:17       0.042       0.590       0.000
  G80F720              JUNCTION     0.055    0.149     0  06:18       0.077       0.548       0.000
  G80F730              JUNCTION     0.070    0.135     0  06:22       0.224       0.472       0.000
  G80F740              JUNCTION     0.073    0.088     0  06:22       0.175       0.248       0.000
  G80F741              JUNCTION     0.022    0.054     0  06:16       0.030       0.073       0.000
  G80F742              JUNCTION     0.000    0.039     0  06:17       0.000       0.043       0.000
  G80F743              JUNCTION     0.041    0.041     0  06:16       0.043       0.043       0.000
  G80K530              JUNCTION     0.000    0.488     0  06:19       0.000       1.694       0.000
  G80K630              JUNCTION     0.002    0.283     0  06:19       0.050       1.263       0.000
  G80O010              JUNCTION     1.523    4.922     0  05:34       0.182       0.730       0.000
  H50S820              JUNCTION     6.086    6.156     1  13:51     660.095     332.938       0.000
  G72R33Bb             JUNCTION     0.000    0.020     0  04:46       0.000       1.246       0.000
  G72K020              JUNCTION     0.000    3.369     0  06:24       0.003      35.978       0.000
  F74F360              OUTFALL      0.000    0.027     0  05:01       0.000       0.236       0.000
  G60K220              OUTFALL      0.000    0.678     0  06:49       0.000      34.942       0.000
  G60U02F              OUTFALL      0.000    0.077     0  06:31       0.000       0.022       0.000
  G70U01F              OUTFALL      0.000    0.172     0  06:18       0.000       0.015       0.000
  G71U02F              OUTFALL      0.000    0.101     0  08:06       0.000       1.740       0.000
  G71U10F              OUTFALL      0.000    2.481     0  05:38       0.000       1.053       0.000
  G72U07R              OUTFALL      0.000    0.370     0  05:46       0.000       0.019       0.000
  G75U03F              OUTFALL      0.000    0.089     0  06:19       0.000       0.806       0.000
  G80U03F              OUTFALL      0.000    0.352     0  05:34       0.000       0.043       0.000
  G71F04R              STORAGE      0.000    3.978     0  06:24       0.000      12.751       0.000
  G71F05R              STORAGE      0.000    3.559     0  06:27       0.006       4.515       0.000
  G71F05R_skyl         STORAGE      0.000    2.196     0  06:24       0.004       4.315       0.000
  G71F090              STORAGE      0.032    2.035     0  06:27       0.033      39.088       0.000
  G71F68Y              STORAGE      0.000    1.644     0  06:25       0.000      15.019       0.000
  G72R33B              STORAGE      0.004    0.263     0  06:18       0.004       1.265       0.000
  G72R70B              STORAGE      0.005    0.318     0  06:19       0.058       0.969       0.000
  G72R83B              STORAGE      0.140    0.505     0  06:19       0.213       0.937       0.000
  G72R84B              STORAGE      0.012    0.279     0  06:40       0.011       4.659       0.000
  G80F11B              STORAGE      0.011    1.081     0  06:27       0.013      11.374       0.000
  G80F13P              STORAGE      4.217    4.229     1  13:51     374.364     191.621       0.000
  G71R050              STORAGE      0.000    2.135     0  05:37       0.000       1.511       0.000
  G72R34R              STORAGE      0.000    0.072     0  06:36       0.000       1.545       0.000
  G71F320              STORAGE      3.745    3.742     0  06:31      24.371      25.422       0.000
  G72R520              STORAGE      0.001    0.017     0  08:16       0.011       0.537       0.000
  G80F66Y              STORAGE      3.138    7.328     1  12:05      93.242     164.295       0.000
  
  
  **********************
  Node Surcharge Summary
  **********************
  ---------------------------------------------------------------------
                                               Max. Height   Min. Depth
                                   Hours       Above Crown    Below Rim
  Node                 Type      Surcharged         Meters       Meters
  ---------------------------------------------------------------------
  F74F370              JUNCTION       42.96          1.583        0.000
  F74F380              JUNCTION       41.40          0.943        0.000
  F74F390              JUNCTION       34.15          0.527        0.000
  F74F430              JUNCTION       41.66          0.636        0.000
  G60F020              JUNCTION        1.20          0.001        0.000
  G60F030              JUNCTION       41.53          0.234        0.000
  G60F040              JUNCTION       21.96          0.003        0.000
  G60F060              JUNCTION       26.26          0.003        0.000
  G60F070              JUNCTION        2.92          0.053        0.000
  G60F090              JUNCTION        6.63          0.112        0.000
  G60F110              JUNCTION        8.51          0.077        0.000
  G60F120              JUNCTION       41.51          0.236        0.000
  G60F130              JUNCTION       19.30          0.054        0.000
  G60F260              JUNCTION        0.50          0.011        0.000
  G60K200              JUNCTION       43.14          1.280        0.000
  G60K210              JUNCTION       43.15          1.381        0.000
  G60O220              JUNCTION       33.96          0.182        0.000
  G60R011              JUNCTION        0.14          0.001        0.000
  G60R303              JUNCTION        1.01          0.002        0.000
  G60R307              JUNCTION        0.66          0.007        0.000
  G70F030              JUNCTION       40.19          0.180        0.000
  G70F040              JUNCTION        1.44          0.003        0.000
  G70F11P              JUNCTION       41.63          0.041        0.000
  G70F143              JUNCTION        0.31          0.088        0.000
  G70F62Y              JUNCTION       13.03          0.016        0.000
  G70S020              JUNCTION       41.70          0.280        0.000
  G70S030              JUNCTION       41.73          0.644        0.000
  G70S040              JUNCTION       40.38          0.225        0.000
  G70S050              JUNCTION       41.71          0.171        0.000
  G70S070              JUNCTION       41.92          0.236        0.000
  G70S080              JUNCTION        3.10          0.008        0.000
  G70S200              JUNCTION       42.01          0.781        0.000
  G70S210              JUNCTION       41.85          0.490        0.000
  G71F044              JUNCTION        2.39          0.003        0.000
  G71F045              JUNCTION        1.42          0.001        0.000
  G71F047              JUNCTION        1.39          0.014        0.000
  G71F053              JUNCTION        2.45          0.008        0.000
  G71F054              JUNCTION        2.48          0.039        0.000
  G71F12P              JUNCTION        5.59          1.628        0.000
  G72F314              JUNCTION        0.26          0.039        0.000
  G72F492              JUNCTION        1.70          0.009        0.000
  G72F493              JUNCTION        1.68          0.003        0.000
  G72F494              JUNCTION        2.05          0.495        0.000
  G72F561              JUNCTION        0.15          0.012        0.000
  G72F562              JUNCTION        0.08          0.001        0.000
  G72F664              JUNCTION        0.09          0.004        0.000
  G72F894              JUNCTION        0.08          0.000        0.000
  G72K563              JUNCTION        0.14          0.004        0.000
  G72R260              JUNCTION        0.13          0.002        0.000
  G73R453              JUNCTION        0.16          0.001        0.000
  G73R454              JUNCTION        0.58          0.024        0.000
  G75F65X              JUNCTION       29.33          0.219        0.000
  G75F65Y              JUNCTION       29.41          0.226        0.000
  G75S060              JUNCTION       41.96          0.586        0.000
  G75S080              JUNCTION       41.96          0.522        0.000
  G75S090              JUNCTION       41.90          0.369        0.000
  G75S110              JUNCTION        7.46          0.013        0.000
  G75S120              JUNCTION        0.25          0.003        0.000
  G75S125              JUNCTION        0.45          0.016        0.000
  G75S140              JUNCTION       41.97          0.774        0.000
  G75S160              JUNCTION       41.96          0.555        0.000
  G75S170              JUNCTION       41.97          0.384        0.000
  G75S180              JUNCTION       41.60          0.278        0.000
  G75S190              JUNCTION       41.95          0.938        0.000
  G75S210              JUNCTION       41.87          0.694        0.000
  G75S220              JUNCTION       41.89          0.475        0.000
  G75S230              JUNCTION       39.47          0.004        0.000
  G75S240              JUNCTION       41.23          0.005        0.000
  G75S260              JUNCTION       41.84          0.409        0.000
  G75S280              JUNCTION       11.47          0.034        0.000
  G75S290              JUNCTION       12.13          0.068        0.000
  G75S310              JUNCTION       41.73          0.611        0.000
  G75S320              JUNCTION       18.01          0.013        0.000
  G75S330              JUNCTION       41.78          0.583        0.000
  G75S340              JUNCTION       40.82          0.224        0.000
  G75S360              JUNCTION       41.78          0.556        0.000
  G75S370              JUNCTION       15.58          0.060        0.000
  G75S420              JUNCTION       41.72          0.631        0.000
  G75S440              JUNCTION       41.67          0.174        0.000
  G75S460              JUNCTION       41.61          0.131        0.000
  G75S480              JUNCTION       41.58          0.225        0.000
  G75S510              JUNCTION       41.54          0.773        0.000
  G75S520              JUNCTION       41.01          0.545        0.000
  G75S540              JUNCTION       39.93          0.855        0.000
  G75S541              JUNCTION       40.88          3.066        0.000
  G80F060              JUNCTION        7.56          0.005        0.000
  G80F180              JUNCTION        1.49          0.009        0.000
  G80F190              JUNCTION        5.46          0.004        0.000
  G80F210              JUNCTION        3.23          0.039        0.000
  G80F310              JUNCTION       40.88          9.209        0.000
  G80F312              JUNCTION       41.59          2.059        0.000
  G80F313              JUNCTION       40.84          1.511        0.000
  G80F330              JUNCTION       41.20          1.508        0.000
  G80F340              JUNCTION       41.04          1.411        0.000
  G80F350              JUNCTION       40.55          1.320        0.000
  G80F360              JUNCTION       30.25          0.482        0.000
  G80F370              JUNCTION       31.28          0.563        0.000
  G80F380              JUNCTION       30.90          0.534        0.000
  G80F66X              JUNCTION       41.33          1.862        0.000
  G80O010              JUNCTION       42.39          2.540        0.000
  H50S820              JUNCTION       41.47          2.711        0.000
  G80F11B              STORAGE        41.33          1.827        0.000
  G80F13P              STORAGE        41.26          2.083        0.000
  G71F320              STORAGE        41.45          0.035        0.000
  G80F66Y              STORAGE        41.32          1.859        0.000
  
  
  *********************
  Node Flooding Summary
  *********************

  Flooding refers to all water that overflows a node, whether it ponds or not.
  --------------------------------------------------------------------------
                                                             Total   Maximum
                                 Maximum   Time of Max       Flood    Ponded
                        Hours       Rate    Occurrence      Volume     Depth
  Node                 Flooded       CMS   days hr:min    10^6 ltr    Meters
  --------------------------------------------------------------------------
  F74F370                42.96     0.641      0  06:29       6.284     1.583
  F74F380                41.18     0.201      0  08:16       4.709     0.943
  F74F390                33.28     0.131      0  16:46       2.178     0.527
  F74F430                34.90     0.449      0  06:26       1.628     0.636
  G60F020                 0.90     0.013      1  22:40       0.005     0.001
  G60F030                37.78     0.070      0  16:44       0.856     0.234
  G60F040                17.85     0.017      1  23:09       0.007     0.003
  G60F060                 8.79     0.010      1  10:36       0.016     0.003
  G60F070                 1.20     0.006      0  07:59       0.012     0.053
  G60F090                 2.08     0.071      0  08:06       0.196     0.112
  G60F110                 3.50     0.056      0  18:45       0.296     0.077
  G60F120                 8.22     0.208      0  06:36       1.302     0.236
  G60F130                 4.40     0.037      0  16:40       0.134     0.054
  G60F260                 0.19     0.106      0  07:59       0.021     0.011
  G60K200                24.83     1.925      0  04:49       1.460     1.280
  G60K210                24.45     2.428      0  04:50       1.900     1.381
  G60O220                 3.02     0.154      0  06:25       0.084     0.182
  G60R011                 0.05     0.029      0  06:25       0.002     0.001
  G60R303                 0.42     0.019      0  06:33       0.011     0.002
  G60R307                 0.20     0.124      0  06:25       0.031     0.007
  G60U01F                14.51     0.504      0  06:47      22.082     0.000
  G70F030                 8.95     0.066      0  07:52       0.349     0.180
  G70F040                 0.59     0.005      0  18:59       0.006     0.003
  G70F11P                20.07     0.007      0  06:20       0.008     0.041
  G70F143                 0.15     0.094      0  06:25       0.028     0.088
  G70F62X                38.32     1.083      0  06:26      23.732     0.000
  G70F62Y                 9.02     0.319      0  08:17       1.622     0.016
  G70S020                41.45     0.079      0  06:23       0.661     0.280
  G70S030                41.73     0.028      0  06:16       0.084     0.644
  G70S040                37.82     0.001      0  07:50       0.033     0.225
  G70S050                34.88     0.061      0  06:24       0.228     0.171
  G70S070                41.90     0.070      0  06:24       0.720     0.236
  G70S080                 1.25     0.120      0  06:24       0.098     0.008
  G70S200                21.79     0.396      0  06:24       3.571     0.781
  G70S210                23.95     0.082      0  08:09       1.112     0.490
  G71F044                 1.24     0.010      0  06:55       0.002     0.003
  G71F045                 0.47     0.003      0  06:55       0.001     0.001
  G71F047                 0.47     0.019      0  06:18       0.008     0.014
  G71F053                 0.80     0.066      0  06:23       0.040     0.008
  G71F054                 0.96     0.243      0  06:25       0.213     0.039
  G71F12P                 3.24     0.117      0  06:24       0.209     1.628
  G72F314                 0.14     0.034      0  06:18       0.010     0.039
  G72F492                 0.87     0.011      0  06:54       0.013     0.009
  G72F493                 0.39     0.005      0  06:51       0.001     0.003
  G72F494                 0.56     0.110      0  06:19       0.074     0.495
  G72F561                 0.06     0.019      0  06:18       0.003     0.012
  G72F562                 0.04     0.011      0  06:17       0.001     0.001
  G72F664                 0.03     0.021      0  06:17       0.001     0.004
  G72F894                 0.04     0.022      0  06:23       0.002     0.000
  G72K563                 0.04     0.036      0  06:17       0.003     0.004
  G72R260                 0.05     0.049      0  06:19       0.006     0.002
  G73R453                 0.09     0.007      0  06:26       0.001     0.001
  G73R454                 0.29     0.021      0  06:24       0.015     0.024
  G75F65X                14.55     0.512      0  18:33       6.502     0.219
  G75F65Y                14.71     0.583      0  22:47       9.394     0.226
  G75S060                33.69     0.117      0  06:25       0.431     0.586
  G75S080                41.96     0.235      0  06:24       1.674     0.522
  G75S090                37.72     0.160      0  06:24       1.185     0.369
  G75S110                 5.91     0.089      0  06:24       0.131     0.013
  G75S120                 0.12     0.054      0  06:25       0.013     0.003
  G75S125                 0.25     0.113      0  06:24       0.050     0.016
  G75S140                41.95     0.310      0  06:24       4.333     0.774
  G75S160                41.92     0.119      0  06:25       2.592     0.555
  G75S170                31.77     0.322      0  06:24       2.343     0.384
  G75S180                12.82     0.157      0  08:06       1.539     0.278
  G75S190                41.87     0.504      0  07:01       3.902     0.938
  G75S210                41.86     0.615      0  06:44       3.830     0.694
  G75S220                41.85     0.284      0  07:10       2.991     0.475
  G75S230                38.72     0.013      1  23:07       0.024     0.004
  G75S240                29.01     0.011      1  12:23       0.029     0.005
  G75S260                41.52     0.272      0  06:24       1.676     0.409
  G75S280                 3.16     0.111      0  06:25       0.216     0.034
  G75S290                 4.12     0.131      0  06:24       0.294     0.068
  G75S310                14.30     0.441      0  06:40       3.584     0.611
  G75S320                 4.29     0.020      1  12:08       0.128     0.013
  G75S330                14.34     0.630      0  06:39       2.768     0.583
  G75S340                13.23     0.128      0  08:14       1.346     0.224
  G75S360                10.15     0.519      0  06:40       2.768     0.556
  G75S370                 3.39     0.299      0  06:29       0.531     0.060
  G75S420                41.72     0.239      0  06:25       2.563     0.631
  G75S440                 7.94     0.383      0  06:24       1.321     0.174
  G75S460                35.64     0.092      0  06:27       0.671     0.131
  G75S480                32.75     0.248      0  06:25       1.109     0.225
  G75S510                14.60     0.310      0  06:57       1.743     0.773
  G75S520                13.89     0.214      0  08:11       2.071     0.545
  G75S540                19.96     2.428      1  23:10     133.435     0.855
  G75S541                19.73     7.195      0  16:56     204.871     3.066
  G80F060                 1.88     0.013      0  06:29       0.018     0.005
  G80F180                 0.55     0.094      0  06:24       0.043     0.009
  G80F190                 1.96     0.043      0  06:20       0.045     0.004
  G80F210                 1.30     0.154      0  06:24       0.180     0.039
  G80F310                19.52    12.853      1  13:51     410.592     9.209
  G80F312                22.98     1.625      1  03:28      53.850     2.059
  G80F313                29.32     1.264      1  12:09      42.123     1.511
  G80F330                22.02     0.536      1  06:29       5.997     1.508
  G80F340                23.80     0.347      0  07:16       5.547     1.411
  G80F350                24.51     0.259      0  16:40       3.099     1.320
  G80F360                15.40     0.056      0  18:43       0.445     0.482
  G80F370                16.29     0.049      0  16:43       0.259     0.563
  G80F380                15.96     0.045      1  10:38       0.369     0.534
  G80F66X                20.43     3.572      1  22:31      44.239     1.862
  G80O010                 9.18     4.922      0  05:34       0.646     2.540
  H50S820                20.65     6.156      1  13:51     309.771     2.711
  G80F11B                19.74     0.904      0  20:54      10.193     1.827
  G80F13P                20.76     4.187      1  13:51     174.374     2.083
  G71F320                18.49     2.202      0  06:31       0.647     0.035
  G80F66Y                21.14     3.183      1  00:16      42.771     1.859
  
  
  **********************
  Storage Volume Summary
  **********************

  ------------------------------------------------------------------------------------------------
                         Average    Avg   Evap  Exfil     Maximum    Max    Time of Max    Maximum
                          Volume   Pcnt   Pcnt   Pcnt      Volume   Pcnt     Occurrence    Outflow
  Storage Unit           1000 m3   Full   Loss   Loss     1000 m3   Full    days hr:min        CMS
  ------------------------------------------------------------------------------------------------
  G71F04R                  0.008   10.8    0.0    0.0       0.009   11.7       0  06:34      3.978
  G71F05R                  0.011   26.9    0.0    0.0       0.012   30.5       0  06:34      3.559
  G71F05R_skyl             0.135   54.9    0.0    0.0       0.155   62.9       0  06:24      2.196
  G71F090                  0.007   17.7    0.0    0.0       0.013   34.0       0  06:27      2.035
  G71F68Y                  0.232   74.4    0.0    0.0       0.254   81.2       0  06:31      1.644
  G72R33B                  0.011    1.8    0.0    0.0       0.151   24.6       0  07:06      0.263
  G72R70B                  0.727   36.8    0.0    0.0       0.882   44.6       0  23:14      0.318
  G72R83B                  0.268    1.3    0.0    0.0       0.399    1.9       0  17:10      0.505
  G72R84B                  2.572    4.7    0.0    0.0       4.401    8.0       1  23:57      0.279
  G80F11B                  1.080   94.5    0.0    0.0       1.143  100.0       1  10:45      1.081
  G80F13P                  0.018   95.4    0.0    0.0       0.018  100.0       1  03:19      4.229
  G71R050                  0.056   77.9    0.0    0.0       0.067   93.1       1  23:57      2.135
  G72R34R                  0.002   15.0    0.0    0.0       0.003   19.7       1  23:57      0.072
  G71F320                  0.014   94.5    0.0    0.0       0.014  100.0       0  06:31      3.742
  G72R520                  0.001    7.6    0.0    0.0       0.001    9.1       0  17:11      0.017
  G80F66Y                  0.015   95.3    0.0    0.0       0.015  100.0       1  03:18      7.328
  
  
  ***********************
  Outfall Loading Summary
  ***********************
 
  ----------------------------------------------------------- 
                         Flow       Avg       Max       Total 
                         Freq      Flow      Flow      Volume 
  Outfall Node           Pcnt       CMS       CMS    10^6 ltr 
  -----------------------------------------------------------
  F74F360               21.39     0.007     0.027       0.236
  G60K220               78.24     0.301     0.678      34.942
  G60U02F                0.41     0.045     0.077       0.022
  G70U01F                0.55     0.024     0.172       0.015
  G71U02F               43.95     0.026     0.101       1.740
  G71U10F               82.32     0.009     2.481       1.053
  G72U07R                0.27     0.060     0.370       0.019
  G75U03F               58.14     0.009     0.089       0.806
  G80U03F               10.07     0.003     0.352       0.043 
  -----------------------------------------------------------
  System                32.81     0.484     4.348      38.875
  
  
  ********************
  Link Flow Summary
  ********************

  -----------------------------------------------------------------------------
                                 Maximum  Time of Max   Maximum    Max/    Max/
                                  |Flow|   Occurrence   |Veloc|    Full    Full
  Link                 Type          CMS  days hr:min     m/sec    Flow   Depth
  -----------------------------------------------------------------------------
  F74F370_F74F360_l1   CONDUIT     0.251     0  02:03      1.29    4.76    1.00
  F74F380_F74F370_l1   CONDUIT     0.306     0  06:24      1.56    3.43    1.00
  F74F390_F74F380_l1   CONDUIT     0.314     0  06:23      1.60    2.88    1.00
  F74F410_F74F390_l1   CONDUIT     0.188     0  07:16      0.96    1.12    1.00
  F74F420_F74F410_l1   CONDUIT     0.185     0  07:39      0.94    1.40    1.00
  F74F430_F74F420_l1   CONDUIT     0.184     0  07:39      0.94    1.82    1.00
  F74F440_F74F430_l1   CONDUIT     0.220     0  06:27      1.12    1.34    1.00
  F74F445_F74F440_l1   CONDUIT     0.221     0  06:26      1.12    0.62    1.00
  G60F010_F74F445_l1   CONDUIT     0.200     0  06:26      1.02    1.01    1.00
  G60F020_G60F010_l1   CONDUIT     0.152     0  12:17      0.77    0.71    1.00
  G60F030_G60F020_l1   CONDUIT     0.152     0  12:17      0.77    0.88    1.00
  G60F040_G60F030_l1   CONDUIT     0.201     0  06:50      1.02    0.81    1.00
  G60F060_G60F040_l1   CONDUIT     0.201     0  06:50      1.02    1.02    1.00
  G60F070_G60F060_l1   CONDUIT     0.220     0  08:16      1.12    0.80    1.00
  G60F090_G60F070_l1   CONDUIT     0.245     0  08:28      1.25   28.29    1.00
  G60F110_G60F090_l1   CONDUIT     0.217     0  10:06      1.10    0.96    1.00
  G60F120_G60F110_l1   CONDUIT     0.200     0  11:37      1.02    1.50    1.00
  G60F130_G60F120_l1   CONDUIT     0.226     0  07:50      1.15    1.11    1.00
  G60F140_G60F130_l1   CONDUIT     0.199     0  16:52      1.01    1.14    1.00
  G60F141_G60F140_l1   CONDUIT     0.006     0  06:25      0.11    0.29    1.00
  G60F160_G60F140_l1   CONDUIT     0.193     0  17:10      0.98    1.05    1.00
  G60F170_G60F160_l1   CONDUIT     0.193     0  17:02      0.98    1.67    1.00
  G60F180_G60F170_l1   CONDUIT     0.193     0  17:01      0.68    0.58    1.00
  G60F190_G60F180_l1   CONDUIT     0.193     0  17:00      0.76    0.71    1.00
  G60F210_G60F190_l1   CONDUIT     0.193     0  17:00      0.71    0.96    1.00
  G60F230_G60F60Y_l1   CONDUIT     1.207     0  06:38      3.14    1.05    1.00
  G60F240_G60F230_l1   CONDUIT     1.207     0  06:38      3.02    1.03    1.00
  G60F260_G60F240_l1   CONDUIT     1.252     0  06:31      3.55    0.96    1.00
  G60F280_G60F270_l1   CONDUIT     1.374     0  06:32      3.80    1.43    1.00
  G60F320_G60F280_l1   CONDUIT     1.378     0  06:32      3.46    1.02    1.00
  G60F330_G60F320_l1   CONDUIT     1.386     0  06:32      3.60    1.33    1.00
  G60F340_G60F330_l1   CONDUIT     1.408     0  06:27      2.94    1.15    1.00
  G60F350_G60F340_l1   CONDUIT     1.443     0  06:27      2.77    1.41    1.00
  G60F360_G60F350_l1   CONDUIT     1.468     0  06:27      2.82    1.41    1.00
  G60F380_G60F360_l1   CONDUIT     1.482     0  06:27      2.84    1.38    1.00
  G60F60Y_G60O071_l1   CONDUIT     1.549     0  06:35      4.87    1.05    1.00
  G60F60Y_G60O220_l1   CONDUIT     0.442     0  07:54      6.25    1.47    1.00
  G60F61Y_G60F390_l1   CONDUIT     1.513     0  06:27      2.90    0.91    1.00
  G60K009_G60R304_l1   CONDUIT     0.058     0  06:27      2.03    1.23    1.00
  G60K200_G60K210_l1   CONDUIT     1.817     0  04:49      2.50    1.00    1.00
  G60K210_G60K220_l1   CONDUIT     1.756     0  04:49      2.24    0.85    1.00
  G60K300_G60OU01_l1   CONDUIT     0.542     0  06:24      2.82    1.12    1.00
  G60K301_G60F260_l1   CONDUIT     1.361     0  06:36      4.30    0.72    1.00
  G60K309_G60R307_l1   CONDUIT     0.027     0  06:26      1.04    0.73    1.00
  G60K311_G60K309_l1   CONDUIT     0.004     0  06:23      0.59    1.39    1.00
  G60O220_G60U02F_l1   CONDUIT     0.688     0  04:46      3.50    1.20    1.00
  G60O230_G60O220_l1   CONDUIT     0.472     0  06:30      2.40    0.88    1.00
  G60O240_G60O230_l1   CONDUIT     0.483     0  06:26      3.21    0.86    0.92
  G60O260_G60O240_l1   CONDUIT     0.492     0  06:26      2.85    1.08    0.92
  G60O280_G60O272_l1   CONDUIT     0.534     0  06:25      2.72    1.18    1.00
  G60O320_G60O290_l1   CONDUIT     0.400     0  06:24      2.20    0.88    0.94
  G60O330_G60O320_l1   CONDUIT     0.275     0  06:24      2.24    0.45    0.65
  G60O340_G60O330_l1   CONDUIT     0.275     0  06:24      2.89    0.48    0.49
  G60O360_G60O340_l1   CONDUIT     0.154     0  06:24      2.30    0.49    0.53
  G60O361_G60O360_l1   CONDUIT     0.104     0  06:34      2.06    0.79    0.67
  G60OU01_G60O270_l1   CONDUIT     0.512     0  06:26      2.62    1.21    1.00
  G60R011_G60K009_l1   CONDUIT     0.039     0  06:24      1.52    1.50    1.00
  G60R281_G60O280_l1   CONDUIT     0.069     0  06:23      1.41    1.05    1.00
  G60R282_G60R281_l1   CONDUIT     0.052     0  06:24      1.34    0.66    0.80
  G60R290_G60O280_l1   CONDUIT     0.094     0  06:29      1.92    1.63    1.00
  G60R292_G60R291_l1   CONDUIT     0.079     0  06:23      1.61    1.02    1.00
  G60R293_G60R292_l1   CONDUIT     0.073     0  06:23      1.52    1.04    1.00
  G60R294_G60R293_l1   CONDUIT     0.040     0  06:23      1.05    0.46    1.00
  G60R295_G60R294_l1   CONDUIT     0.045     0  06:24      2.33    0.36    0.65
  G60R296_G60R295_l1   CONDUIT     0.041     0  06:24      1.72    0.57    0.49
  G60R302_G60R301_l1   CONDUIT     0.039     0  06:30      1.66    1.07    1.00
  G60R303_G60R302_l1   CONDUIT     0.028     0  06:30      1.25    1.50    1.00
  G60R304_G60R303_l1   CONDUIT     0.051     0  06:24      1.91    1.02    1.00
  G60R307_G60R306_l1   CONDUIT     0.054     0  06:23      1.91    1.27    1.00
  G60R308_G60K309_l1   CONDUIT     0.038     0  06:24      1.53    1.09    1.00
  G60R321_G60O320_l1   CONDUIT     0.111     0  06:25      2.26    1.22    1.00
  G60R322_G60R321_l1   CONDUIT     0.099     0  06:24      2.30    0.73    0.86
  G60R323_G60R322_l1   CONDUIT     0.044     0  06:24      2.02    0.38    0.51
  G60R341_G60O340_l1   CONDUIT     0.066     0  06:24      1.83    0.34    0.70
  G60R342_G60R341_l1   CONDUIT     0.066     0  06:24      2.92    0.97    0.75
  G60R343_G60R342_l1   CONDUIT     0.046     0  06:24      1.64    0.94    0.88
  G60R380_G60R370_l1   CONDUIT     0.153     0  06:24      2.17    0.58    0.55
  G60R382_G60R380_l1   CONDUIT     0.055     0  06:23      1.94    1.07    1.00
  G60R383_G60R382_l1   CONDUIT     0.036     0  06:24      1.15    1.15    1.00
  G60R385_G60R381_l1   CONDUIT     0.040     0  06:24      1.04    0.38    0.56
  G60U01F_G60K200_l1   CONDUIT     1.351     0  06:28      2.43    0.55    1.00
  G61F010_G60F61Y_l1   CONDUIT     0.989     0  06:26      1.91    0.79    1.00
  G61F011_G61F010_l1   CONDUIT     0.208     0  06:25      2.17    0.81    1.00
  G61F012_G61F011_l1   CONDUIT     0.034     0  06:24      1.49    0.56    0.77
  G61F013_G61F012_l1   CONDUIT     0.030     0  06:25      1.84    1.21    0.86
  G61F020_G61F010_l1   CONDUIT     0.994     0  06:27      1.97    0.79    1.00
  G61F030_G61F020_l1   CONDUIT     0.629     0  06:26      2.28    2.06    1.00
  G61F030_G61F090_l1   CONDUIT     0.100     0  06:28      2.03    3.54    1.00
  G61F031_G61F030_l1   CONDUIT     0.099     0  06:27      2.03    1.13    1.00
  G61F032_G61F031_l1   CONDUIT     0.086     0  06:25      1.75    1.21    1.00
  G61F033_G61F032_l1   CONDUIT     0.056     0  06:29      1.19    0.97    1.00
  G61F034_G61F033_l1   CONDUIT     0.044     0  06:23      0.91    1.19    1.00
  G61F035_G61F034_l1   CONDUIT     0.036     0  06:23      0.82    0.87    1.00
  G61F040_G61F030_l1   CONDUIT     0.595     0  06:26      2.13    0.91    1.00
  G61F040_G61F120_l1   CONDUIT     0.107     0  06:30      1.11    0.50    1.00
  G61F041_G61F040_l1   CONDUIT     0.164     0  06:25      1.76    0.98    1.00
  G61F042_G61F041_l1   CONDUIT     0.120     0  06:25      1.26    1.97    1.00
  G61F044_G61F043_l1   CONDUIT     0.063     0  06:25      1.29    1.32    1.00
  G61F045_G61F044_l1   CONDUIT     0.051     0  06:23      1.10    0.93    1.00
  G61F060_G61F040_l1   CONDUIT     0.557     0  06:27      2.59    0.80    0.83
  G61F060_G61F140_l1   CONDUIT     0.099     0  06:25      1.02    7.73    1.00
  G61F061_G61F060_l1   CONDUIT     0.124     0  06:27      1.29    1.14    1.00
  G61F062_G61F061_l1   CONDUIT     0.096     0  06:24      1.06    0.89    1.00
  G61F063_G61F062_l1   CONDUIT     0.080     0  06:24      1.14    1.19    1.00
  G61F064_G61F063_l1   CONDUIT     0.049     0  06:25      1.00    1.17    1.00
  G61F065_G61F064_l1   CONDUIT     0.045     0  06:24      1.10    0.70    0.87
  G61F070_G61F060_l1   CONDUIT     0.503     0  06:27      2.01    0.76    0.83
  G61F080_G60F61Y_l1   CONDUIT     0.909     0  06:26      2.02    0.70    1.00
  G61F080_G61F020_l1   CONDUIT     0.995     0  07:56      1.66    0.34    1.00
  G61F090_G61F080_l1   CONDUIT     1.164     0  06:27      2.90    1.04    1.00
  G61F110_G61F090_l1   CONDUIT     1.063     0  06:27      2.30    1.09    1.00
  G61F120_G61F115_l1   CONDUIT     0.677     0  06:27      2.75    1.15    1.00
  G61F130_G61F120_l1   CONDUIT     0.596     0  06:25      2.63    0.97    1.00
  G61F140_G61F130_l1   CONDUIT     0.572     0  07:55      2.52    1.42    1.00
  G61F160_G61F070_l1   CONDUIT     0.502     0  06:27      2.13    0.96    0.78
  G61F160_G61F140_l1   CONDUIT     0.501     0  06:24      2.10    1.09    1.00
  G61F161_G61F160_l1   CONDUIT     0.137     0  06:25      1.43    0.93    1.00
  G61F162_G61F161_l1   CONDUIT     0.108     0  06:24      1.20    0.92    1.00
  G61F163_G61F162_l1   CONDUIT     0.092     0  06:25      1.20    0.83    0.84
  G61F164_G61F163_l1   CONDUIT     0.039     0  06:24      0.90    0.45    0.66
  G61F170_G61F160_l1   CONDUIT     0.151     0  06:25      2.96    0.27    0.68
  G61F180_G61F160_l1   CONDUIT     0.496     0  06:31      2.03    2.77    1.00
  G61F210_G61F110_l1   CONDUIT     0.395     0  06:28      1.99    1.29    1.00
  G61F220_G61F210_l1   CONDUIT     0.384     0  06:28      1.88    1.37    1.00
  G61F221_G61F220_l1   CONDUIT     0.073     0  06:25      1.48    1.64    1.00
  G61F222_G61F221_l1   CONDUIT     0.050     0  06:23      1.04    1.07    1.00
  G61F223_G61F222_l1   CONDUIT     0.039     0  06:23      1.18    0.66    1.00
  G61F224_G61F222_l1   CONDUIT     0.027     0  06:24      0.70    0.48    1.00
  G61F230_G61F220_l1   CONDUIT     0.323     0  06:27      1.59    1.09    1.00
  G61F231_G61F230_l1   CONDUIT     0.066     0  06:25      1.34    1.51    1.00
  G61F232_G61F231_l1   CONDUIT     0.051     0  06:23      1.04    1.10    1.00
  G61F233_G61F232_l1   CONDUIT     0.043     0  06:23      1.12    0.80    1.00
  G61F240_G61F230_l1   CONDUIT     0.290     0  06:24      1.44    1.11    1.00
  G61F241_G61F240_l1   CONDUIT     0.067     0  06:24      1.37    1.52    1.00
  G61F242_G61F241_l1   CONDUIT     0.044     0  06:23      0.91    1.01    1.00
  G61F243_G61F242_l1   CONDUIT     0.033     0  06:23      1.06    0.59    1.00
  G61F260_G61F240_l1   CONDUIT     0.262     0  06:24      1.40    0.89    1.00
  G61F261_G61F260_l1   CONDUIT     0.035     0  06:23      0.80    0.98    1.00
  G61F270_G61F260_l1   CONDUIT     0.252     0  06:25      1.49    0.88    1.00
  G61F280_G61F270_l1   CONDUIT     0.203     0  06:25      1.41    1.20    1.00
  G61F290_G61F280_l1   CONDUIT     0.186     0  06:25      1.41    1.03    0.92
  G61F310_G61F290_l1   CONDUIT     0.152     0  06:24      1.61    0.78    0.73
  G61F320_G61F164_l1   CONDUIT     0.000     0  00:00      0.00    0.00    0.24
  G61F320_G61F310_l1   CONDUIT     0.151     0  06:26      2.30    1.08    0.97
  G61F330_G61F320_l1   CONDUIT     0.131     0  06:28      1.87    1.21    1.00
  G61F331_G61F330_l1   CONDUIT     0.026     0  06:24      0.93    0.75    0.82
  G61F340_G61F330_l1   CONDUIT     0.102     0  06:25      1.44    1.51    1.00
  G61F350_G61F340_l1   CONDUIT     0.072     0  06:29      1.17    0.62    1.00
  G61F350_G62F022_l1   CONDUIT     0.050     0  06:24      1.03    1.12    1.00
  G61F351_G61F350_l1   CONDUIT     0.047     0  06:24      1.41    0.99    0.87
  G61F352_G61F351_l1   CONDUIT     0.019     0  06:24      1.03    0.41    0.62
  G61F353_G61F350_l1   CONDUIT     0.045     0  06:24      1.11    1.37    1.00
  G61F354_G61F353_l1   CONDUIT     0.029     0  06:24      0.82    0.72    1.00
  G61F361_G61K360_l1   CONDUIT     0.028     0  06:24      1.56    1.29    1.00
  G61F362_G61F361_l1   CONDUIT     0.028     0  06:24      1.55    1.38    1.00
  G61F370_G61K360_l1   CONDUIT     0.217     0  06:24      1.83    1.06    1.00
  G61F371_G61F370_l1   CONDUIT     0.046     0  06:25      1.26    0.80    0.84
  G61F372_G61F371_l1   CONDUIT     0.046     0  06:25      1.70    0.47    0.58
  G61F373_G61F372_l1   CONDUIT     0.045     0  06:25      1.41    1.59    0.77
  G61F374_G61F373_l1   CONDUIT     0.026     0  06:23      0.75    0.72    1.00
  G61F375_G61F374_l1   CONDUIT     0.028     0  06:23      1.10    0.88    1.00
  G61F376_G61F375_l1   CONDUIT     0.012     0  06:23      0.56    0.28    0.85
  G61F380_G61F370_l1   CONDUIT     0.143     0  06:24      1.22    1.16    1.00
  G61F390_G61F380_l1   CONDUIT     0.113     0  06:24      1.17    1.17    1.00
  G61F400_G61F390_l1   CONDUIT     0.101     0  06:24      1.05    1.05    1.00
  G61F410_G61F400_l1   CONDUIT     0.101     0  06:24      1.09    1.04    1.00
  G61F411_G61F410_l1   CONDUIT     0.020     0  06:24      0.60    0.53    0.76
  G61F412_G61F410_l1   CONDUIT     0.045     0  06:23      1.15    1.03    1.00
  G61F413_G61F412_l1   CONDUIT     0.000     0  00:00      0.00    0.00    0.50
  G61F414_G61F413_l1   CONDUIT     0.000     0  00:00      0.00    0.00    0.00
  G61F420_G61F011_l1   CONDUIT     0.145     0  06:25      2.26    0.85    0.85
  G61F430_G61F420_l1   CONDUIT     0.097     0  06:27      1.56    1.45    0.85
  G61F440_G61F430_l1   CONDUIT     0.058     0  06:27      0.82    1.64    1.00
  G61F460_G61F440_l1   CONDUIT     0.052     0  06:24      0.85    0.73    1.00
  G61K360_G61F360_l1   CONDUIT     0.229     0  06:25      1.82    0.95    1.00
  G62F010_G61F170_l1   CONDUIT     0.107     0  06:30      1.57    1.51    0.92
  G62F011_G62F010_l1   CONDUIT     0.040     0  06:24      0.99    0.92    1.00
  G62F012_G62F011_l1   CONDUIT     0.052     0  06:25      1.25   39.79    1.00
  G62F014_G62F012_l1   CONDUIT     0.045     0  06:24      0.78    0.93    1.00
  G62F015_G62F014_l1   CONDUIT     0.025     0  06:24      1.00    1.13    1.00
  G62F020_G62F010_l1   CONDUIT     0.086     0  06:24      1.23    1.15    1.00
  G62F022_G62F020_l1   CONDUIT     0.047     0  07:50      0.98    1.02    1.00
  G62F023_G62F020_l1   CONDUIT     0.042     0  06:23      0.86    1.18    1.00
  G62F060_G61F180_l1   CONDUIT     0.474     0  06:32      1.92    1.18    1.00
  G62F070_G62F060_l1   CONDUIT     0.455     0  06:32      1.84    1.16    1.00
  G62F071_G62F070_l1   CONDUIT     0.148     0  06:24      1.37    0.68    1.00
  G62F072_G62F071_l1   CONDUIT     0.079     0  06:25      1.61    1.25    1.00
  G62F073_G62F072_l1   CONDUIT     0.033     0  06:23      0.80    0.62    1.00
  G62F080_G62F070_l1   CONDUIT     0.235     0  06:34      1.87    1.03    1.00
  G62F090_G62F080_l1   CONDUIT     0.246     0  06:24      2.02    1.16    1.00
  G62F091_G62F090_l1   CONDUIT     0.142     0  06:24      1.17    0.94    1.00
  G62F092_G62F091_l1   CONDUIT     0.119     0  06:24      1.24    1.14    1.00
  G62F093_G62F092_l1   CONDUIT     0.107     0  06:24      1.18    1.03    1.00
  G62F094_G62F093_l1   CONDUIT     0.064     0  06:24      1.30    1.58    1.00
  G62F095_G62F094_l1   CONDUIT     0.032     0  06:29      0.66    0.86    1.00
  G62F095_G62F191_l1   CONDUIT     0.054     0  06:23      1.11    0.93    1.00
  G62F110_G62F090_l1   CONDUIT     0.082     0  08:12      1.20    1.28    1.00
  G62F111_G62F110_l1   CONDUIT     0.063     0  08:13      0.97    1.03    1.00
  G62F112_G62F111_l1   CONDUIT     0.076     0  06:26      1.56    1.45    1.00
  G62F113_G62F118_l1   CONDUIT     0.081     0  06:24      1.66    1.39    1.00
  G62F114_G62F113_l1   CONDUIT     0.053     0  06:25      1.09    1.33    1.00
  G62F115_G62F114_l1   CONDUIT     0.052     0  06:23      1.05    1.27    1.00
  G62F116_G62F115_l1   CONDUIT     0.036     0  06:23      0.86    0.60    1.00
  G62F117_G62F116_l1   CONDUIT     0.036     0  06:25      1.13    0.50    0.95
  G62F117_G62F122_l1   CONDUIT     0.048     0  06:25      1.08    0.80    0.87
  G62F118_G62F112_l1   CONDUIT     0.060     0  06:24      1.22    1.66    1.00
  G62F120_G62F090_l1   CONDUIT     0.064     0  06:23      1.34    0.98    1.00
  G62F121_G62F120_l1   CONDUIT     0.083     0  06:23      1.78    1.16    1.00
  G62F122_G62F121_l1   CONDUIT     0.046     0  06:28      0.95    0.77    1.00
  G62F130_G62F070_l1   CONDUIT     0.148     0  06:33      1.18    0.99    1.00
  G62F140_G62F130_l1   CONDUIT     0.157     0  06:24      1.27    1.18    1.00
  G62F160_G62F140_l1   CONDUIT     0.132     0  06:24      1.38    4.79    1.00
  G62F170_G62F160_l1   CONDUIT     0.108     0  06:29      1.12    1.21    1.00
  G62F180_G62F170_l1   CONDUIT     0.102     0  06:23      1.18    0.81    1.00
  G62F190_G62F180_l1   CONDUIT     0.099     0  06:23      1.16    1.05    1.00
  G62F191_G62F190_l1   CONDUIT     0.099     0  06:24      1.41    1.53    1.00
  G62F192_G62F191_l1   CONDUIT     0.076     0  06:28      1.54    1.57    1.00
  G62F193_G62F192_l1   CONDUIT     0.095     0  06:23      2.10    1.03    1.00
  G62F194_G62F193_l1   CONDUIT     0.021     0  06:23      0.69    0.84    1.00
  G62F195_G62F193_l1   CONDUIT     0.100     0  06:25      3.18    1.81    1.00
  G62F196_G62F195_l1   CONDUIT     0.026     0  06:23      0.90    0.75    1.00
  G62F197_G62F200_l1   CONDUIT     0.061     0  06:24      1.25    1.26    1.00
  G62F198_G62F197_l1   CONDUIT     0.028     0  06:24      0.71    0.59    1.00
  G62F199_G62F201_l1   CONDUIT     0.045     0  06:24      1.17    1.18    0.79
  G62F200_G62F195_l1   CONDUIT     0.045     0  06:25      0.93    1.05    1.00
  G62F201_G62F198_l1   CONDUIT     0.045     0  06:25      1.16    0.91    0.92
  G62F401_G62F194_l1   CONDUIT     0.032     0  06:23      1.46    0.65    1.00
  G62F402_G62F401_l1   CONDUIT     0.026     0  06:24      1.56    1.11    1.00
  G62F403_G62F196_l1   CONDUIT     0.035     0  06:23      1.23    0.93    1.00
  G63F010_G60F210_l1   CONDUIT     0.193     0  16:58      0.68    1.77    1.00
  G63F020_G63F010_l1   CONDUIT     0.194     0  16:54      0.69    0.85    1.00
  G63F030_G63F020_l1   CONDUIT     0.188     0  17:00      0.80    0.81    1.00
  G63F040_G63F030_l1   CONDUIT     0.188     0  16:58      0.84    0.97    1.00
  G63F060_G63F040_l1   CONDUIT     0.189     0  16:56      0.91    0.74    1.00
  G63F070_G63F060_l1   CONDUIT     0.210     0  06:21      0.96    1.02    1.00
  G63F080_G63F070_l1   CONDUIT     0.224     0  06:22      0.97    0.92    1.00
  G63F090_G63F080_l1   CONDUIT     0.240     0  06:23      0.98    1.08    1.00
  G63S021_G63F020_l1   CONDUIT     0.024     0  06:29      2.33    0.60    0.56
  G63S022_G63S021_l1   CONDUIT     0.024     0  06:28      1.96    0.84    0.65
  G63S023_G63S022_l1   CONDUIT     0.024     0  06:27      1.51    1.09    0.87
  G64F010_G63F090_l1   CONDUIT     0.247     0  06:23      0.99    1.04    1.00
  G64F020_G64F010_l1   CONDUIT     0.255     0  06:24      0.94    2.01    1.00
  G64F030_G64F020_l1   CONDUIT     0.268     0  06:25      0.95    1.15    1.00
  G64F040_G64F030_l1   CONDUIT     0.283     0  06:25      1.00    2.92    1.00
  G64F060_G64F040_l1   CONDUIT     0.297     0  06:25      1.05    1.25    1.00
  G64F070_G64F060_l1   CONDUIT     0.273     0  06:25      0.97    1.62    1.00
  G64F080_G64F070_l1   CONDUIT     0.262     0  06:26      0.93    2.71    1.00
  G65F010_G64F080_l1   CONDUIT     0.204     0  06:14      0.86    0.58    1.00
  G65F020_G65F010_l1   CONDUIT     0.219     0  06:15      1.00    1.43    1.00
  G65F030_G65F020_l1   CONDUIT     0.226     0  06:16      0.90    1.03    1.00
  G65F040_G65F030_l1   CONDUIT     0.235     0  06:17      0.89    1.30    1.00
  G65F060_G65F040_l1   CONDUIT     0.242     0  06:17      0.87    1.25    1.00
  G65F070_G65F060_l1   CONDUIT     0.254     0  06:18      0.90    1.12    1.00
  G65F080_G65F070_l1   CONDUIT     0.266     0  06:19      0.94    1.71    1.00
  G65F090_G65F080_l1   CONDUIT     0.282     0  06:25      1.00    1.27    1.00
  G65F110_G65F090_l1   CONDUIT     0.234     0  06:10      0.84    3.10    1.00
  G65F120_G65F110_l1   CONDUIT     0.236     0  06:10      0.84    0.80    1.00
  G65F130_G65F120_l1   CONDUIT     0.240     0  06:10      0.94    1.04    1.00
  G70F010_G65F130_l1   CONDUIT     0.246     0  06:09      0.94    1.12    1.00
  G70F020_G70F010_l1   CONDUIT     0.224     0  06:23      0.87    0.87    1.00
  G70F030_G70F020_l1   CONDUIT     0.236     0  06:23      0.89    1.67    1.00
  G70F040_G70F030_l1   CONDUIT     0.199     0  06:09      0.79    0.79    1.00
  G70F050_G70F040_l1   CONDUIT     0.202     0  06:09      1.17    0.85    1.00
  G70F060_G70F050_l1   CONDUIT     0.205     0  06:10      1.25    1.09    1.00
  G70F070_G70F060_l1   CONDUIT     0.206     0  06:11      1.23    0.91    1.00
  G70F100_G70F030_l1   CONDUIT     0.033     0  07:52      1.07    1.82    1.00
  G70F105_G70F300_l1   CONDUIT     0.447     0  06:25      1.58    0.38    1.00
  G70F120_G70F110_l1   CONDUIT     0.424     0  06:26      1.79    0.86    1.00
  G70F121_G70F120_l1   CONDUIT     0.171     0  06:30      1.77    1.84    1.00
  G70F122_G70F121_l1   CONDUIT     0.071     0  06:21      0.78    1.18    1.00
  G70F123_G70F122_l1   CONDUIT     0.038     0  06:22      0.64    0.71    1.00
  G70F124_G70F123_l1   CONDUIT     0.016     0  07:50      0.83    0.45    1.00
  G70F125_G70F124_l1   CONDUIT     0.031     0  06:24      1.60    0.70    0.81
  G70F130_G70F120_l1   CONDUIT     0.299     0  06:25      2.42    0.80    0.91
  G70F140_G70F130_l1   CONDUIT     0.244     0  06:24      2.24    1.03    0.89
  G70F141_G70F140_l1   CONDUIT     0.091     0  06:25      1.82    0.50    0.76
  G70F142_G70F141_l1   CONDUIT     0.085     0  06:27      1.97    1.11    0.89
  G70F143_G70F142_l1   CONDUIT     0.087     0  06:19      2.77    2.06    1.00
  G70F160_G70F140_l1   CONDUIT     0.155     0  06:24      2.48    0.73    0.83
  G70F161_G70F160_l1   CONDUIT     0.106     0  06:24      2.56    0.99    0.80
  G70F162_G70F161_l1   CONDUIT     0.088     0  06:17      2.76    0.57    0.62
  G70F163_G70F162_l1   CONDUIT     0.088     0  06:17      3.40    1.02    0.84
  G70F164_G70F163_l1   CONDUIT     0.065     0  06:17      1.76    0.78    0.83
  G70F165_G70F164_l1   CONDUIT     0.029     0  06:18      1.80    0.89    0.87
  G70F166_G70F164_l1   CONDUIT     0.008     0  06:17      0.62    0.34    0.70
  G70F170_G70F160_l1   CONDUIT     0.043     0  06:20      1.76    0.22    0.47
  G70F180_G70F170_l1   CONDUIT     0.043     0  06:20      2.66    0.28    0.37
  G70F190_G70F143_l1   CONDUIT     0.128     0  06:18      2.63    0.20    0.70
  G70F190_G70F180_l1   CONDUIT     0.043     0  06:20      2.61    0.62    0.52
  G70F210_G70F190_l1   CONDUIT     0.168     0  06:19      3.24    1.12    0.70
  G70F211_G70F210_l1   CONDUIT     0.021     0  06:24      1.17    1.13    1.00
  G70F212_G70F211_l1   CONDUIT     0.012     0  06:18      0.69    1.02    1.00
  G70F220_G70F210_l1   CONDUIT     0.134     0  06:18      2.13    0.79    0.84
  G70F230_G70F220_l1   CONDUIT     0.102     0  06:18      2.31    0.64    0.63
  G70F231_G70F230_l1   CONDUIT     0.087     0  06:22      2.11    1.08    0.85
  G70F232_G70F231_l1   CONDUIT     0.093     0  06:19      2.96    1.30    1.00
  G70F233_G70F232_l1   CONDUIT     0.038     0  06:27      1.38    1.17    1.00
  G70F234_G70F233_l1   CONDUIT     0.040     0  06:16      1.28    1.21    1.00
  G70F235_G70F234_l1   CONDUIT     0.020     0  06:16      0.73    0.71    1.00
  G70F236_G70F232_l1   CONDUIT     0.023     0  06:17      0.86    0.63    1.00
  G70F237_G70F231_l1   CONDUIT     0.000     0  00:00      0.00    0.00    0.50
  G70F300_G70F62Y_l1   CONDUIT     0.753     0  06:26      1.96    0.44    1.00
  G70F301_G70F11P_l1   CONDUIT     0.024     0  05:55      1.38   17.16    1.00
  G70F301_G70F11P_l2   CONDUIT     0.024     0  05:55      1.37   17.17    1.00
  G70F320_G70F300_l1   CONDUIT     0.307     0  06:26      1.08    0.41    1.00
  G70F330_G70F320_l1   CONDUIT     0.297     0  06:26      3.12    1.02    1.00
  G70F331_G70F330_l1   CONDUIT     0.142     0  06:24      1.42    0.80    1.00
  G70F332_G70F331_l1   CONDUIT     0.108     0  06:24      1.39    0.89    0.81
  G70F333_G70F332_l1   CONDUIT     0.065     0  06:24      1.64    0.51    0.75
  G70F334_G70F333_l1   CONDUIT     0.037     0  06:24      1.82    0.69    0.62
  G70F335_G70F334_l1   CONDUIT     0.022     0  06:17      1.23    0.70    0.55
  G70F340_G70F330_l1   CONDUIT     0.211     0  06:25      2.06    0.84    0.93
  G70F341_G70F340_l1   CONDUIT     0.013     0  06:23      0.73    0.24    0.66
  G70F370_G70F360_l1   CONDUIT     0.160     0  06:25      1.30    1.28    0.98
  G70F371_G70F370_l1   CONDUIT     0.129     0  06:24      1.37    1.03    1.00
  G70F372_G70F371_l1   CONDUIT     0.092     0  06:26      1.31    1.27    1.00
  G70F373_G70F378_l1   CONDUIT     0.101     0  06:24      2.06    1.61    1.00
  G70F374_G70F373_l1   CONDUIT     0.036     0  06:24      1.31    0.65    0.90
  G70F376_G70F373_l1   CONDUIT     0.041     0  06:27      1.32    1.21    1.00
  G70F377_G70F376_l1   CONDUIT     0.043     0  06:25      1.36    1.53    1.00
  G70F378_G70F372_l1   CONDUIT     0.095     0  06:24      1.56    0.90    1.00
  G70F379_G70F375_l1   CONDUIT     0.024     0  06:24      1.68    0.78    0.82
  G70F62Y_G70F301_l1   CONDUIT     0.064     0  05:54      2.22    1.68    1.00
  G70F62Y_G70O001_l1   CONDUIT     0.379     0  06:21      1.74    0.14    1.00
  G70K340_G70F340_l1   CONDUIT     0.156     0  06:26      1.61    1.21    0.91
  G70R213_G70F212_l1   CONDUIT     0.000     0  00:00      0.00    0.00    0.50
  G70R214_G70R213_l1   CONDUIT     0.000     0  00:00      0.00    0.00    0.00
  G70S010_G70F010_l1   CONDUIT     0.034     0  06:21      1.10    1.17    1.00
  G70S020_G70S010_l1   CONDUIT     0.041     0  06:15      1.31    2.35    1.00
  G70S030_G70S020_l1   CONDUIT     0.032     0  06:10      1.01    1.55    1.00
  G70S040_G70S030_l1   CONDUIT     0.034     0  06:18      1.09    1.28    1.00
  G70S050_G70S060_l1   CONDUIT     0.043     0  05:59      1.45    1.16    1.00
  G70S060_G70S040_l1   CONDUIT     0.037     0  05:56      1.32    0.82    1.00
  G70S070_G70S050_l1   CONDUIT     0.036     0  05:56      1.15    1.47    1.00
  G70S080_G70S070_l1   CONDUIT     0.040     0  06:16      1.26    1.68    1.00
  G70S200_G70S080_l1   CONDUIT     0.033     0  21:05      1.04    1.09    1.00
  G70S210_G70S200_l1   CONDUIT     0.038     0  06:07      1.22    1.93    1.00
  G70S213_G70F212_l1   CONDUIT     0.008     0  06:20      0.52    0.36    1.00
  G70S214_G70S213_l1   CONDUIT     0.000     0  00:00      0.00    0.00    0.50
  G70S250_G70S210_l1   CONDUIT     0.034     0  08:07      1.22    1.68    1.00
  G71F010_G70F070_l1   CONDUIT     0.206     0  06:11      1.20    1.13    1.00
  G71F020_G71F010_l1   CONDUIT     0.207     0  06:16      1.17    1.00    1.00
  G71F030_G71F020_l1   CONDUIT     0.214     0  06:18      1.31    0.88    1.00
  G71F040_G71F030_l1   CONDUIT     0.222     0  06:19      1.31    1.09    1.00
  G71F041_G71F12P_l1   CONDUIT     0.019     0  05:58      1.14    0.81    1.00
  G71F043_G71F041_l1   CONDUIT     0.013     0  09:42      0.91    1.04    1.00
  G71F044_G71F043_l1   CONDUIT     0.013     0  06:15      0.83    1.69    1.00
  G71F045_G71F044_l1   CONDUIT     0.014     0  06:16      0.90    1.10    1.00
  G71F046_G71F045_l1   CONDUIT     0.019     0  06:17      1.18    1.27    1.00
  G71F047_G71F046_l1   CONDUIT     0.015     0  06:18      0.95    1.32    1.00
  G71F048_G71F047_l1   CONDUIT     0.010     0  06:23      0.82    0.75    1.00
  G71F04R_G71F04R_201189929_l1 CONDUIT     2.633     0  06:32      1.20    0.24    1.00
  G71F052_G71F051_l1   CONDUIT     0.127     0  07:51      3.13    0.40    1.00
  G71F053_G71F052_l1   CONDUIT     0.126     0  07:53      2.93    3.69    1.00
  G71F054_G71F053_l1   CONDUIT     0.123     0  06:17      2.56    0.98    1.00
  G71F056_G71F054_l1   CONDUIT     0.049     0  06:25      0.99    0.87    1.00
  G71F058_G71F057_l1   CONDUIT     0.052     0  06:23      1.69    0.86    1.00
  G71F05R_G71F04R_l1   CONDUIT     1.911     0  06:30      1.10    0.22    1.00
  G71F060_G71F040_l1   CONDUIT     0.223     0  06:19      1.25    1.25    1.00
  G71F06R_G71F060_l1   CONDUIT     0.208     0  06:17      1.16    0.99    1.00
  G71F06R_G71K060_l1   CONDUIT     0.329     0  06:19      3.44    0.08    0.59
  G71F070_G71F06R_l1   CONDUIT     0.254     0  06:31      1.39    1.53    1.00
  G71F090_G71F265_l1   CONDUIT     0.731     0  16:27      0.83    0.21    0.83
  G71F100_G71F04R_l1   CONDUIT     2.034     0  06:27      1.57    0.36    0.69
  G71F110_G71F100_l1   CONDUIT     2.025     0  06:27      1.84    0.66    0.62
  G71F120_G71F110_l1   CONDUIT     2.014     0  06:27      1.79    0.68    0.62
  G71F121_G71F129_l1   CONDUIT     0.188     0  06:18      2.39    0.53    0.76
  G71F122_G71F121_l1   CONDUIT     0.121     0  06:18      2.02    0.77    0.60
  G71F123_G71F122_l1   CONDUIT     0.106     0  06:18      2.30    1.02    0.89
  G71F124_G71F123_l1   CONDUIT     0.069     0  06:18      1.90    0.61    0.70
  G71F125_G71F124_l1   CONDUIT     0.069     0  06:18      2.32    0.67    0.58
  G71F126_G71F125_l1   CONDUIT     0.030     0  06:17      1.37    0.33    0.50
  G71F127_G71F123_l1   CONDUIT     0.017     0  06:17      0.86    0.15    0.54
  G71F128_G71F121_l1   CONDUIT     0.015     0  06:17      0.81    0.14    0.49
  G71F130_G71F120_l1   CONDUIT     1.949     0  06:26      1.72    0.63    0.63
  G71F140_G71F130_l1   CONDUIT     1.953     0  06:26      1.60    2.00    0.66
  G71F141_G71F140_l1   CONDUIT     0.142     0  06:19      1.13    1.97    1.00
  G71F142_G71F141_l1   CONDUIT     0.133     0  06:19      0.83    0.76    1.00
  G71F143_G71F142_l1   CONDUIT     0.083     0  06:19      1.18    1.20    1.00
  G71F144_G71F143_l1   CONDUIT     0.074     0  06:19      1.05    1.30    1.00
  G71F145_G71F144_l1   CONDUIT     0.050     0  06:23      0.74    0.84    1.00
  G71F146_G71F145_l1   CONDUIT     0.025     0  06:23      0.87    0.77    1.00
  G71F147_G71F142_l1   CONDUIT     0.028     0  06:18      0.56    0.92    1.00
  G71F148_G71F147_l1   CONDUIT     0.023     0  06:18      0.72    1.17    1.00
  G71F160_G71F140_l1   CONDUIT     1.896     0  06:26      1.50    0.75    0.68
  G71F170_G71F160_l1   CONDUIT     1.890     0  06:26      1.53    0.64    0.67
  G71F171_G71F170_l1   CONDUIT     0.130     0  06:18      0.82    1.29    1.00
  G71F172_G71F171_l1   CONDUIT     0.106     0  06:18      0.67    1.03    1.00
  G71F173_G71F172_l1   CONDUIT     0.060     0  06:19      0.48    0.56    1.00
  G71F174_G71F173_l1   CONDUIT     0.069     0  06:18      0.97    0.87    1.00
  G71F175_G71F174_l1   CONDUIT     0.029     0  06:18      0.60    0.80    1.00
  G71F176_G71F174_l1   CONDUIT     0.019     0  06:16      0.75    0.62    1.00
  G71F177_G71F172_l1   CONDUIT     0.028     0  06:19      1.58    1.34    1.00
  G71F180_G71F170_l1   CONDUIT     1.854     0  06:25      1.54    0.70    0.66
  G71F190_G71F180_l1   CONDUIT     1.855     0  06:25      1.71    0.39    0.61
  G71F200_G71F190_l1   CONDUIT     1.864     0  06:25      1.96    0.50    0.55
  G71F265_G71F070_l2   CONDUIT     0.253     0  06:31      4.20    5.32    1.00
  G71F280_G71F06R_l1   CONDUIT     0.295     0  06:18      1.42    0.39    0.69
  G71F290_G71F280_l1   CONDUIT     0.295     0  06:18      2.00   11.14    0.52
  G71F300_G71F290_l1   CONDUIT     0.295     0  06:18      1.78    0.78    0.66
  G71F301_G71F300_l1   CONDUIT     0.163     0  06:18      1.88    0.82    0.84
  G71F302_G71F301_l1   CONDUIT     0.126     0  06:18      2.19    0.87    0.76
  G71F303_G71F302_l1   CONDUIT     0.010     0  06:17      0.50    0.32    0.69
  G71F304_G71F300_l1   CONDUIT     0.015     0  06:23      0.57    0.56    1.00
  G71F305_G71F302_l1   CONDUIT     0.077     0  06:18      1.38    0.91    0.74
  G71F306_G71F305_l1   CONDUIT     0.014     0  06:17      0.50    0.20    0.60
  G71F310_G71F300_l1   CONDUIT     0.159     0  06:25      1.42    1.06    0.85
  G71F311_G71F310_l1   CONDUIT     0.153     0  06:25      1.27    1.24    0.94
  G71F312_G71F311_l1   CONDUIT     0.111     0  06:25      1.23    0.92    0.92
  G71F313_G71F312_l1   CONDUIT     0.045     0  06:25      0.91    1.47    1.00
  G71F314_G71F313_l1   CONDUIT     0.023     0  06:23      0.77    0.99    1.00
  G71F315_G71F312_l1   CONDUIT     0.031     0  06:18      1.51    0.62    0.62
  G71F320_201189934_G71F320_200964321_l1 CONDUIT     1.349     0  06:25      0.76    0.35    1.00
  G71F350_G71F120_l1   CONDUIT     0.156     0  06:18      2.06    0.44    0.73
  G71F360_G71F350_l1   CONDUIT     0.156     0  06:18      3.27    0.53    0.50
  G71F370_G71F360_l1   CONDUIT     0.136     0  06:18      2.40    1.04    0.77
  G71F380_G71F370_l1   CONDUIT     0.112     0  06:21      2.32    1.11    1.00
  G71F390_G71F380_l1   CONDUIT     0.109     0  06:17      2.28    1.06    1.00
  G71F391_G71F390_l1   CONDUIT     0.041     0  06:18      1.14    0.50    0.75
  G71F392_G71F391_l1   CONDUIT     0.021     0  06:17      0.96    0.36    0.46
  G71F393_G71F390_l1   CONDUIT     0.061     0  06:18      1.40    0.76    0.82
  G71F394_G71F393_l1   CONDUIT     0.019     0  06:17      0.91    0.23    0.48
  G71O020_G71O010_l1   CONDUIT     0.101     0  08:06      2.06   16.20    1.00
  G71R050_G71U10F_l1   CONDUIT     2.481     0  05:38      0.70    5.98    1.00
  G71R062_G71R050_l1   CONDUIT     0.146     0  06:19      2.20    0.15    1.00
  G71R070_G71R060_l1   CONDUIT     0.146     0  06:19      4.78    0.21    0.56
  G71R080_G71R070_l1   CONDUIT     0.045     0  06:19      1.84    0.30    0.40
  G71R090_G71R080_l1   CONDUIT     0.044     0  06:19      1.19    1.51    0.52
  G71R110_G71R090_l1   CONDUIT     0.041     0  06:19      0.73    1.14    0.74
  G71R130_G71R110_l1   CONDUIT     0.041     0  06:18      0.85    2.07    0.99
  G71R131_G71R130_l1   CONDUIT     0.024     0  06:18      0.67    0.32    0.69
  G71R132_G71R131_l1   CONDUIT     0.025     0  06:18      1.49    0.31    0.38
  G71R133_G71R132_l1   CONDUIT     0.003     0  06:18      0.23    1.20    0.30
  G71R134_G71R133_l1   CONDUIT     0.000     0  00:00      0.00    0.00    0.15
  G72F010_G71F200_l1   CONDUIT     1.843     0  06:24      1.76    0.76    0.59
  G72F011_G72K010_l1   CONDUIT     0.063     0  06:20      1.45    1.27    0.93
  G72F012_G72F011_l1   CONDUIT     0.053     0  06:19      1.09    1.62    1.00
  G72F013_G72F012_l1   CONDUIT     0.031     0  06:16      1.01    0.99    1.00
  G72F014_G72F013_l1   CONDUIT     0.028     0  06:16      0.99    1.00    1.00
  G72F015_G72F014_l1   CONDUIT     0.021     0  06:17      0.92    0.62    0.78
  G72F030_G72F020_l1   CONDUIT     3.204     0  06:24      2.40    0.53    0.71
  G72F040_G72F030_l1   CONDUIT     3.008     0  06:23      2.97    0.52    0.59
  G72F050_G72F040_l1   CONDUIT     2.974     0  06:23      3.13    0.49    0.56
  G72F060_G72K050_l1   CONDUIT     2.544     0  06:23      2.81    0.48    0.54
  G72F061_G72K060_l1   CONDUIT     0.067     0  06:20      4.94    0.22    0.66
  G72F062_G72F061_l1   CONDUIT     0.067     0  06:20      2.85    1.49    0.70
  G72F063_G72F062_l1   CONDUIT     0.044     0  06:26      1.47    0.95    1.00
  G72F065_G72F064_l1   CONDUIT     0.042     0  06:29      1.65    0.90    1.00
  G72F066_G72F065_l1   CONDUIT     0.045     0  06:17      1.45    1.28    1.00
  G72F067_G72F066_l1   CONDUIT     0.050     0  06:17      1.69    0.91    1.00
  G72F068_G72F067_l1   CONDUIT     0.034     0  06:18      1.08    1.21    1.00
  G72F069_G72F068_l1   CONDUIT     0.030     0  06:16      0.99    1.08    1.00
  G72F070_G72K060_l1   CONDUIT     2.452     0  06:23      2.69    0.43    0.54
  G72F071_G72F069_l1   CONDUIT     0.019     0  06:16      0.67    0.96    1.00
  G72F080_G72F070_l1   CONDUIT     2.434     0  06:22      2.51    0.82    0.57
  G72F081_G72F080_l1   CONDUIT     0.059     0  06:19      2.02    1.08    0.97
  G72F082_G72F081_l1   CONDUIT     0.067     0  06:19      2.14    1.78    1.00
  G72F083_G72F082_l1   CONDUIT     0.038     0  06:17      1.27    0.93    1.00
  G72F084_G72F083_l1   CONDUIT     0.026     0  06:18      0.92    0.76    0.83
  G72F085_G72F084_l1   CONDUIT     0.011     0  06:18      0.82    0.53    0.52
  G72F086_G72F085_l1   CONDUIT     0.012     0  06:17      1.26    0.38    0.46
  G72F090_G72F080_l1   CONDUIT     2.354     0  06:23      3.02    0.72    0.66
  G72F091_G72F095_l1   CONDUIT     0.083     0  06:18      1.40    0.39    0.72
  G72F092_G72F091_l1   CONDUIT     0.061     0  06:18      2.07    0.31    0.41
  G72F093_G72F092_l1   CONDUIT     0.050     0  06:18      1.89    0.29    0.38
  G72F095_G72F090_l1   CONDUIT     2.350     0  06:22      2.86    0.84    0.69
  G72F100_G72F095_l1   CONDUIT     2.281     0  06:22      2.83    0.63    0.68
  G72F101_G72K100_l1   CONDUIT     0.009     0  06:23      0.42    0.14    0.63
  G72F110_G72K100_l1   CONDUIT     2.262     0  06:22      2.89    0.79    0.71
  G72F111_1102710_l1   CONDUIT     0.011     0  06:23      0.62    0.51    1.00
  G72F120_G72F110_l1   CONDUIT     2.136     0  06:22      2.84    0.69    0.69
  G72F250_G72F010_l1   CONDUIT     0.296     0  06:20      4.23    0.74    1.00
  G72F252_G72F252_200957745_l1 CONDUIT     0.114     0  06:19      1.88    1.09    0.93
  G72F253_G72F253_200957505_l1 CONDUIT     0.050     0  06:17      1.24    0.93    0.91
  G72F257_G72K257_l1   CONDUIT     0.005     0  06:23      0.68    0.99    0.99
  G72F260_G72F250_l1   CONDUIT     0.246     0  06:21      1.83    0.71    0.69
  G72F270_G72F260_l1   CONDUIT     0.238     0  06:21      1.41    1.17    0.80
  G72F280_G72F270_l1   CONDUIT     0.244     0  06:20      1.40    1.01    0.87
  G72F281_G72F280_l1   CONDUIT     0.244     0  06:19      1.49    0.93    0.79
  G72F290_G72F281_l1   CONDUIT     0.040     0  06:20      0.53    0.15    0.71
  G72F300_G72F290_l1   CONDUIT     0.003     0  06:18      0.15    0.01    0.36
  G72F310_1041250_l1   CONDUIT     0.225     0  06:19      1.50    0.90    0.75
  G72F311_G72F310_l1   CONDUIT     0.074     0  06:23      2.58    1.09    1.00
  G72F312_G72K312_l1   CONDUIT     0.019     0  06:16      0.71    0.27    1.00
  G72F313_G72F312_l1   CONDUIT     0.019     0  06:17      1.80    0.70    0.81
  G72F314_1205320_l1   CONDUIT     0.059     0  06:32      3.70    1.18    1.00
  G72F315_G72F314_l1   CONDUIT     0.056     0  06:21      1.79    1.23    1.00
  G72F316_G72F315_l1   CONDUIT     0.063     0  06:15      2.02    1.05    1.00
  G72F317_G72F316_l1   CONDUIT     0.046     0  06:16      1.48    1.06    1.00
  G72F320_G72F310_l1   CONDUIT     0.145     0  06:18      1.03    0.60    0.69
  G72F330_G72F320_l1   CONDUIT     0.128     0  06:18      1.60    0.77    0.79
  G72F331_G72K330_l1   CONDUIT     0.091     0  06:18      1.93    1.01    0.93
  G72F332_G72F331_l1   CONDUIT     0.085     0  06:18      2.07    0.89    0.79
  G72F333_G72F332_l1   CONDUIT     0.042     0  06:17      1.95    0.27    0.54
  G72F334_G72F333_l1   CONDUIT     0.032     0  06:24      1.79    1.27    1.00
  G72F335_G72F334_l1   CONDUIT     0.026     0  06:19      1.46    1.31    1.00
  G72F336_G72F335_l1   CONDUIT     0.031     0  06:17      1.22    0.53    0.79
  G72F337_G72F337_201320760_l1 CONDUIT     0.020     0  06:17      0.70    0.15    0.47
  G72F350_G72F340_l1   CONDUIT     0.127     0  06:20      1.83    1.16    0.95
  G72F360_G72F350_l1   CONDUIT     0.079     0  06:27      1.63    1.26    1.00
  G72F370_G72F360_l1   CONDUIT     0.070     0  06:29      1.47    1.11    1.00
  G72F380_G72F370_l1   CONDUIT     0.070     0  06:17      1.53    1.13    1.00
  G72F390_G72F380_l1   CONDUIT     0.076     0  06:18      1.55    1.26    1.00
  G72F410_G72F390_l1   CONDUIT     0.068     0  06:18      1.41    1.07    1.00
  G72F420_G72F410_l1   CONDUIT     0.047     0  06:38      1.52    1.16    1.00
  G72F430_G72F420_l1   CONDUIT     0.043     0  06:54      1.46    1.06    1.00
  G72F440_G72F430_l1   CONDUIT     0.049     0  06:17      1.70    0.86    0.87
  G72F460_G72F440_l1   CONDUIT     0.037     0  08:03      1.39    3.89    0.87
  G72F470_G72F460_l1   CONDUIT     0.037     0  07:52      1.18    0.92    1.00
  G72F480_G72F470_l1   CONDUIT     0.036     0  08:11      1.37    1.03    1.00
  G72F490_G72F480_l1   CONDUIT     0.034     0  06:50      1.22    1.75    1.00
  G72F491_G72F490_l1   CONDUIT     0.036     0  06:55      1.27    1.66    1.00
  G72F492_G72F491_l1   CONDUIT     0.037     0  06:25      1.29    1.91    1.00
  G72F493_G72F492_l1   CONDUIT     0.038     0  06:17      1.35    2.31    1.00
  G72F494_G72F493_l1   CONDUIT     0.059     0  06:16      2.09    3.34    1.00
  G72F550_G72F010_l1   CONDUIT     0.382     0  06:19      1.95    0.81    1.00
  G72F561_G72K560_l1   CONDUIT     0.055     0  06:17      1.74    2.85    1.00
  G72F562_G72K563_l1   CONDUIT     0.020     0  06:17      1.13    0.89    1.00
  G72F570_G72K560_l1   CONDUIT     0.336     0  06:17      1.72    0.76    1.00
  G72F580_G72F570_l1   CONDUIT     0.334     0  06:17      3.50    1.07    1.00
  G72F581_G72F580_l1   CONDUIT     0.128     0  06:19      2.05    0.53    0.76
  G72F582_G72F581_l1   CONDUIT     0.114     0  06:20      2.52    1.27    0.87
  G72F583_G72F582_l1   CONDUIT     0.009     0  06:17      0.30    0.20    1.00
  G72F584_G72F582_l1   CONDUIT     0.111     0  06:17      1.68    0.88    1.00
  G72F585_G72F584_l1   CONDUIT     0.093     0  06:17      1.46    1.08    1.00
  G72F586_G72F585_l1   CONDUIT     0.065     0  06:17      2.11    1.06    1.00
  G72F587_G72F586_l1   CONDUIT     0.056     0  06:19      1.87    0.92    0.92
  G72F588_G72F587_l1   CONDUIT     0.057     0  06:18      1.94    1.57    0.92
  G72F590_G72F580_l1   CONDUIT     0.218     0  06:17      3.15    1.06    1.00
  G72F610_G72F590_l1   CONDUIT     0.188     0  06:18      2.36    0.96    0.89
  G72F620_G72F610_l1   CONDUIT     0.155     0  06:18      1.84    1.10    0.87
  G72F630_G72F620_l1   CONDUIT     0.134     0  06:20      1.96    1.06    1.00
  G72F631_G72F630_l1   CONDUIT     0.106     0  06:21      2.24    1.10    1.00
  G72F632_G72F631_l1   CONDUIT     0.013     0  06:17      0.54    0.46    1.00
  G72F633_G72F631_l1   CONDUIT     0.079     0  06:17      1.83    0.85    1.00
  G72F636_G72F635_l1   CONDUIT     0.033     0  06:17      1.87    0.51    0.55
  G72F637_G72K634_l1   CONDUIT     0.012     0  06:17      0.94    0.20    0.45
  G72F640_G72F090_l1   CONDUIT     0.034     0  06:17      0.72    0.18    0.64
  G72F642_G72F641_l1   CONDUIT     0.046     0  06:22      1.82    3.03    1.00
  G72F644_G72F643_l1   CONDUIT     0.017     0  06:18      0.66    0.85    1.00
  G72F645_G72F644_l1   CONDUIT     0.011     0  06:15      0.54    0.64    1.00
  G72F646_G72F645_l1   CONDUIT     0.011     0  06:15      0.67    0.62    1.00
  G72F647_G72F646_l1   CONDUIT     0.007     0  06:15      0.86    1.07    1.00
  G72F648_G72F646_l1   CONDUIT     0.005     0  06:16      0.58    1.95    1.00
  G72F660_G72F650_l1   CONDUIT     0.186     0  06:18      1.67    1.04    1.00
  G72F661_G72F660_l1   CONDUIT     0.056     0  06:18      2.11    0.50    0.74
  G72F662_G72F661_l1   CONDUIT     0.050     0  06:19      1.28    1.48    0.75
  G72F663_G72F662_l1   CONDUIT     0.039     0  06:17      1.29    0.90    0.95
  G72F664_G72F663_l1   CONDUIT     0.028     0  06:20      1.59    2.02    1.00
  G72F665_G72F660_l1   CONDUIT     0.111     0  06:21      1.58    1.37    1.00
  G72F670_G72F665_l1   CONDUIT     0.112     0  06:20      1.59    1.18    1.00
  G72F671_G72F670_l1   CONDUIT     0.060     0  06:19      1.23    1.19    1.00
  G72F672_G72F671_l1   CONDUIT     0.047     0  06:16      1.08    0.85    1.00
  G72F673_G72F672_l1   CONDUIT     0.032     0  06:18      1.29    0.46    0.74
  G72F674_G72F673_l1   CONDUIT     0.032     0  06:18      2.54    0.30    0.42
  G72F675_G72F670_l1   CONDUIT     0.054     0  06:21      1.72    1.17    1.00
  G72F676_G72F675_l1   CONDUIT     0.055     0  06:19      1.77    1.15    1.00
  G72F677_G72F676_l1   CONDUIT     0.027     0  06:16      0.95    0.78    1.00
  G72F678_G72F676_l1   CONDUIT     0.030     0  06:17      1.17    0.57    0.78
  G72F710_G72F700_l1   CONDUIT     0.254     0  06:18      2.45    0.56    0.77
  G72F720_G72F710_l1   CONDUIT     0.204     0  06:19      2.00    1.44    0.77
  G72F730_G72F720_l1   CONDUIT     0.189     0  06:19      1.61    0.97    1.00
  G72F740_G72F730_l1   CONDUIT     0.167     0  06:19      2.36    1.12    1.00
  G72F760_G72F740_l1   CONDUIT     0.176     0  06:17      2.75    0.85    0.86
  G72F766_G72F760_l1   CONDUIT     0.020     0  06:17      0.74    0.68    0.80
  G72F767_G72F760_l1   CONDUIT     0.025     0  06:17      1.47    1.03    0.92
  G72F768_G72F767_l1   CONDUIT     0.013     0  06:17      1.31    0.27    0.60
  G72F770_G72F760_l1   CONDUIT     0.096     0  06:16      3.41    1.08    1.00
  G72F771_G72F770_l1   CONDUIT     0.068     0  06:17      1.53    1.14    1.00
  G72F772_G72F771_l1   CONDUIT     0.017     0  06:21      0.68    0.49    1.00
  G72F773_G72F772_l1   CONDUIT     0.023     0  06:18      1.10    0.70    0.81
  G72F774_G72F771_l1   CONDUIT     0.031     0  06:18      1.77    1.26    1.00
  G72F800_G72F050_l1   CONDUIT     0.206     0  06:21      3.02    1.09    1.00
  G72F810_G72F800_l1   CONDUIT     0.218     0  06:18      3.09    1.20    1.00
  G72F811_G72F810_l1   CONDUIT     0.067     0  06:17      1.45    0.74    1.00
  G72F812_G72F811_l1   CONDUIT     0.080     0  06:18      1.99    0.94    0.89
  G72F813_G72F812_l1   CONDUIT     0.027     0  06:18      1.06    0.62    0.77
  G72F814_G72F812_l1   CONDUIT     0.038     0  06:18      1.21    1.15    0.98
  G72F820_G72F810_l1   CONDUIT     0.149     0  06:16      1.64    1.06    1.00
  G72F821_G72F820_l1   CONDUIT     0.040     0  06:18      1.27    1.50    1.00
  G72F830_G72F820_l1   CONDUIT     0.121     0  06:16      1.37    0.95    1.00
  G72F831_G72F830_l1   CONDUIT     0.063     0  06:17      2.10    0.98    0.98
  G72F832_G72F831_l1   CONDUIT     0.055     0  06:18      2.04    0.94    0.84
  G72F833_G72F832_l1   CONDUIT     0.028     0  06:18      1.35    0.50    0.64
  G72F834_G72F830_l1   CONDUIT     0.048     0  06:24      1.12    1.04    1.00
  G72F835_G72F834_l1   CONDUIT     0.044     0  06:18      1.41    1.44    1.00
  G72F870_G72K050_l1   CONDUIT     0.246     0  06:18      1.99    0.86    1.00
  G72F871_G72F870_l1   CONDUIT     0.061     0  06:18      1.96    1.02    1.00
  G72F872_G72F871_l1   CONDUIT     0.063     0  06:18      2.02    1.24    1.00
  G72F873_G72F872_l1   CONDUIT     0.028     0  06:22      1.57    1.65    1.00
  G72F874_G72F873_l1   CONDUIT     0.016     0  06:24      0.92    1.12    1.00
  G72F880_G72F870_l1   CONDUIT     0.153     0  06:20      2.16    1.13    1.00
  G72F890_G72F880_l1   CONDUIT     0.110     0  06:21      1.62    1.13    1.00
  G72F891_G72F890_l1   CONDUIT     0.096     0  06:20      1.95    1.31    1.00
  G72F892_G72F891_l1   CONDUIT     0.022     0  06:17      0.95    0.33    0.70
  G72F893_G72F891_l1   CONDUIT     0.065     0  06:24      2.06    1.44    1.00
  G72F894_G72F893_l1   CONDUIT     0.041     0  06:15      1.34    0.96    1.00
  G72K010_G72F010_l1   CONDUIT     1.225     0  06:24      1.09    0.34    0.64
  G72K050_G72F050_l1   CONDUIT     2.763     0  06:23      3.00    0.46    0.55
  G72K060_G72F060_l1   CONDUIT     2.515     0  06:22      2.74    0.50    0.54
  G72K100_G72F100_l1   CONDUIT     2.268     0  06:22      2.98    0.81    0.69
  G72K257_G72K256_l1   CONDUIT     0.038     0  06:18      0.65    3.87    0.60
  G72K258_G72K257_l1   CONDUIT     0.023     0  06:18      0.51    0.20    0.48
  G72K293_G72R293_l1   CONDUIT     0.007     0  06:17      0.41    0.57    1.00
  G72K312_G72F311_l1   CONDUIT     0.074     0  06:19      2.55    1.09    1.00
  G72K330_G72F330_l1   CONDUIT     0.114     0  06:18      1.54    1.18    0.72
  G72K332_G72F332_l1   CONDUIT     0.025     0  06:18      1.00    0.99    0.75
  G72K560_G72K560_201188562_l1 CONDUIT     0.383     0  06:17      2.00    0.92    1.00
  G72K561_G72F561_l1   CONDUIT     0.031     0  06:27      1.75    1.38    1.00
  G72K562_G72K561_l1   CONDUIT     0.025     0  06:27      1.44    1.13    1.00
  G72K563_G72K562_l1   CONDUIT     0.032     0  06:16      1.83    1.44    1.00
  G72K634_G72F634_l1   CONDUIT     0.044     0  06:17      1.40    0.46    0.74
  G72K875_G72F874_l1   CONDUIT     0.013     0  10:47      0.76   24.25    1.00
  G72K882_G72F881_l1   CONDUIT     0.028     0  06:18      1.24    0.26    0.67
  G72R150_G72UD02_l1   CONDUIT     0.317     0  06:19      1.61    1.00    1.00
  G72R155_G72R150_l1   CONDUIT     0.191     0  06:19      1.52    0.62    1.00
  G72R160_G72R150_l1   CONDUIT     0.137     0  06:19      1.93    1.17    1.00
  G72R161_G72R160_l1   CONDUIT     0.006     0  06:23      0.54    0.10    1.00
  G72R165_G72R155_l1   CONDUIT     0.195     0  06:19      2.17    0.56    1.00
  G72R170_G72R165_l1   CONDUIT     0.084     0  06:18      1.68    0.23    0.63
  G72R171_G72R170_l1   CONDUIT     0.078     0  06:18      2.42    0.83    0.62
  G72R180_G72R171_l1   CONDUIT     0.068     0  06:18      2.01    0.68    0.67
  G72R190_G72R180_l1   CONDUIT     0.060     0  06:20      2.05    0.62    0.58
  G72R200_G72R160_l1   CONDUIT     0.140     0  06:18      1.38    0.31    1.00
  G72R201_G72R200_l1   CONDUIT     0.029     0  06:24      0.86    0.27    1.00
  G72R202_G72R201_l1   CONDUIT     0.020     0  06:24      1.09    0.30    0.61
  G72R203_G72R202_l1   CONDUIT     0.002     0  06:23      0.27    0.02    0.23
  G72R204_G72R202_l1   CONDUIT     0.017     0  06:24      1.46    0.32    0.43
  G72R205_G72R204_l1   CONDUIT     0.004     0  06:23      0.64    0.05    0.22
  G72R210_G72R190_l1   CONDUIT     0.060     0  06:20      1.45    1.19    0.78
  G72R210_G72R211_l1   CONDUIT     0.302     0  06:20      1.48    0.84    0.68
  G72R211_G72R410_l1   CONDUIT     0.366     0  06:20      2.33    0.79    0.54
  G72R220_G72R210_l1   CONDUIT     0.362     0  06:19      2.88    1.69    1.00
  G72R240_G72R230_l1   CONDUIT     0.092     0  06:24      1.87    2.36    1.00
  G72R260_G72R240_l1   CONDUIT     0.071     0  06:26      1.44    1.52    1.00
  G72R270_G72R260_l1   CONDUIT     0.068     0  06:17      1.47    0.89    1.00
  G72R271_G72R270_l1   CONDUIT     0.034     0  06:17      1.30    0.76    0.82
  G72R272_G72R271_l1   CONDUIT     0.016     0  06:17      0.98    0.37    0.53
  G72R280_G72R270_l1   CONDUIT     0.038     0  06:30      1.30    1.19    1.00
  G72R290_G72R280_l1   CONDUIT     0.033     0  06:24      1.05    1.05    1.00
  G72R291_G72R290_l1   CONDUIT     0.040     0  06:17      1.29    1.22    1.00
  G72R292_G72R291_l1   CONDUIT     0.033     0  06:16      1.08    1.09    1.00
  G72R293_G72R292_l1   CONDUIT     0.035     0  06:16      1.15    1.03    1.00
  G72R294_G72R293_l1   CONDUIT     0.035     0  06:16      1.15    1.07    1.00
  G72R295_G72R294_l1   CONDUIT     0.024     0  06:16      0.93    0.69    1.00
  G72R310_G72R220_l1   CONDUIT     0.306     0  06:18      2.57    0.76    1.00
  G72R320_G72R310_l1   CONDUIT     0.294     0  06:18      3.30    0.72    0.80
  G72R330_G72R320_l1   CONDUIT     0.294     0  06:18      2.94    1.04    0.74
  G72R332_G72R331_l1   CONDUIT     0.034     0  06:17      1.24    0.70    0.81
  G72R333_G72R332_l1   CONDUIT     0.014     0  06:17      0.94    0.31    0.50
  G72R334_G72R330_l1   CONDUIT     0.018     0  06:17      0.75    0.38    0.71
  G72R335_G72R334_l1   CONDUIT     0.016     0  06:17      1.12    0.47    0.46
  G72R340_G72R330_l1   CONDUIT     0.215     0  06:19      1.92    1.02    0.85
  G72R34R_G72U07R_l1   CONDUIT     0.407     0  05:45      0.93    0.33    1.00
  G72R360_G72R340_l1   CONDUIT     0.193     0  06:18      1.69    1.06    0.86
  G72R370_G72R360_l1   CONDUIT     0.161     0  06:18      1.39    1.05    0.87
  G72R380_G72R370_l1   CONDUIT     0.102     0  06:18      1.44    1.09    1.00
  G72R390_G72R380_l1   CONDUIT     0.059     0  06:18      0.96    0.75    0.82
  G72R410_G72R408_l1   CONDUIT     0.385     0  06:19      1.79    0.37    0.71
  G72R470_G72UD54_l1   CONDUIT     0.232     0  06:37      0.82    1.19    1.00
  G72R480_G72R470_l1   CONDUIT     0.267     0  06:23      1.18    0.55    1.00
  G72R490_G72R480_l1   CONDUIT     0.096     0  06:30      0.46    0.23    1.00
  G72R510_G72R490_l1   CONDUIT     0.038     0  06:36      0.23    0.06    0.58
  G72R520_G72R510_l1   CONDUIT     0.028     0  06:37      1.03    0.06    0.44
  G72R530_G72R520_l1   CONDUIT     0.016     0  08:16      0.55    0.07    0.89
  G72R540_G72R530_l1   CONDUIT     0.018     0  08:12      0.73    0.04    1.00
  G72R542_G72R541_l1   CONDUIT     0.000     0  00:00      0.00    0.00    0.50
  G72R543_G72R542_l1   CONDUIT     0.000     0  00:00      0.00    0.00    0.00
  G72R560_G72R540_l1   CONDUIT     0.021     0  08:12      0.72    0.05    1.00
  G72R570_G72R560_l1   CONDUIT     0.030     0  07:09      0.33    0.07    1.00
  G72R580_G72R570_l1   CONDUIT     0.032     0  07:09      0.12    0.07    1.00
  G72R641_G72F640_l1   CONDUIT     0.028     0  06:17      1.85    0.32    0.38
  G72R642_G72R641_l1   CONDUIT     0.020     0  05:49      1.83    0.16    0.33
  G72R643_G72UD04_l1   CONDUIT     0.260     0  06:18      1.35    3.51    1.00
  G72R644_G72R643_l1   CONDUIT     0.263     0  06:18      1.40    0.58    1.00
  G72R645_G72R644_l1   CONDUIT     0.028     0  06:17      0.91    0.41    0.77
  G72R646_G72R644_l1   CONDUIT     0.255     0  06:19      1.68    0.80    0.94
  G72R647_G72R646_l1   CONDUIT     0.249     0  06:19      1.59    0.98    0.79
  G72R648_G72R647_l1   CONDUIT     0.247     0  06:19      1.77    0.56    0.67
  G72R649_G72R648_l1   CONDUIT     0.170     0  06:19      2.46    1.13    0.98
  G72R650_G72R649_l1   CONDUIT     0.069     0  06:18      1.67    0.91    0.88
  G72R651_G72R649_l1   CONDUIT     0.094     0  06:18      1.59    0.68    0.80
  G72R652_G72R651_l1   CONDUIT     0.083     0  06:18      1.96    0.63    0.59
  G72R653_G72R652_l1   CONDUIT     0.083     0  06:18      2.70    0.67    0.66
  G72R654_G72R653_l1   CONDUIT     0.048     0  06:18      1.79    0.61    0.58
  G72R655_G72R648_l1   CONDUIT     0.082     0  06:21      1.86    1.60    1.00
  G72R656_G72R655_l1   CONDUIT     0.078     0  06:21      1.75    1.73    1.00
  G72R657_G72R656_l1   CONDUIT     0.078     0  06:17      1.81    0.91    1.00
  G72R658_G72R657_l1   CONDUIT     0.060     0  06:18      1.63    0.76    0.83
  G72R659_G72R658_l1   CONDUIT     0.042     0  06:18      1.64    0.43    0.56
  G72R661_G72R650_l1   CONDUIT     0.032     0  06:18      1.24    0.34    0.58
  G72R662_G72R645_l1   CONDUIT     0.020     0  06:17      1.32    0.22    0.38
  G72R820_G72R810_l1   CONDUIT     0.248     0  06:20      0.82    0.10    0.98
  G72R830_G72R820_l1   CONDUIT     0.265     0  06:23      1.80    0.15    0.80
  G72R83B_G72UD11_l1   CONDUIT     0.033     0  07:09      0.21    0.02    0.56
  G72R840_G72R830_l1   CONDUIT     0.157     0  06:19      1.69    0.10    0.50
  G72R860_G72R840_l1   CONDUIT     0.157     0  06:19      1.76    0.08    0.21
  G72R870_G72R860_l1   CONDUIT     0.157     0  06:18      2.17    0.05    0.17
  G72R880_G72R870_l1   CONDUIT     0.158     0  06:18      1.73    0.13    0.20
  G72R890_G72R880_l1   CONDUIT     0.159     0  06:18      2.16    0.63    0.57
  G72R891_G72R890_l1   CONDUIT     0.097     0  06:18      1.63    1.01    0.79
  G72R892_G72R891_l1   CONDUIT     0.052     0  06:18      1.32    0.55    0.75
  G72R893_G72R890_l1   CONDUIT     0.048     0  06:18      1.32    0.50    0.71
  G72R894_G72R893_l1   CONDUIT     0.037     0  06:18      1.78    0.75    0.64
  G72S810_G72F642_l1   CONDUIT     0.035     0  06:34      1.46    1.41    1.00
  G72UD03_G72R642_l1   CONDUIT     0.020     0  05:48      1.04    1.89    0.46
  G72UD11_G72R580_l1   CONDUIT     0.033     0  07:09      0.34    0.20    1.00
  G72UD55_G72R34R_l1   CONDUIT     0.062     0  06:36      0.34    0.06    0.75
  G73F000_G72F120_l1   CONDUIT     1.357     0  06:21      2.02    0.85    0.81
  G73F001_G73F000_l1   CONDUIT     0.093     0  06:19      3.92    0.76    0.83
  G73F002_G73F001_l1   CONDUIT     0.089     0  06:20      3.23    1.25    0.83
  G73F003_G73F002_l1   CONDUIT     0.050     0  06:23      1.61    1.35    1.00
  G73F004_G73F003_l1   CONDUIT     0.052     0  06:17      1.97    0.82    1.00
  G73F005_G73F003_l1   CONDUIT     0.007     0  06:26      0.53    0.18    1.00
  G73F006_G73F002_l1   CONDUIT     0.041     0  06:18      1.31    1.30    1.00
  G73F007_G73F000_l1   CONDUIT     0.055     0  06:18      1.79    1.05    1.00
  G73F008_G73F007_l1   CONDUIT     0.041     0  06:18      1.38    1.02    0.91
  G73F010_G73F000_l1   CONDUIT     1.234     0  06:21      1.98    0.86    0.75
  G73F020_G73F010_l1   CONDUIT     1.225     0  06:20      1.93    1.11    0.75
  G73F030_G73F020_l1   CONDUIT     1.221     0  06:20      1.98    0.74    0.74
  G73F040_G73F030_l1   CONDUIT     1.214     0  06:20      2.02    0.91    0.71
  G73F041_G73K040_l1   CONDUIT     0.003     0  06:34      0.10    0.10    1.00
  G73F042_G73K041_l1   CONDUIT     0.045     0  06:35      0.14    0.10    0.84
  G73F050_G73K040_l1   CONDUIT     1.179     0  06:20      2.39    0.41    0.61
  G73F060_G73F050_l1   CONDUIT     0.853     0  06:21      3.31    1.01    0.92
  G73F070_G73F060_l1   CONDUIT     0.847     0  06:21      3.09    1.31    0.93
  G73F071_G73F070_l1   CONDUIT     0.044     0  06:18      1.42    0.92    1.00
  G73F072_G73F071_l1   CONDUIT     0.032     0  06:18      1.24    0.63    0.79
  G73F080_G73F070_l1   CONDUIT     0.826     0  06:25      2.92    1.05    1.00
  G73F090_G73F080_l1   CONDUIT     0.823     0  06:25      3.15    0.97    1.00
  G73F100_G73F090_l1   CONDUIT     0.847     0  06:19      3.06    1.22    1.00
  G73F110_G73F100_l1   CONDUIT     0.863     0  06:18      2.44    0.94    1.00
  G73F111_G73F110_l1   CONDUIT     0.129     0  06:17      1.36    1.18    1.00
  G73F112_G73F111_l1   CONDUIT     0.128     0  06:17      1.39    1.07    1.00
  G73F113_G73F112_l1   CONDUIT     0.099     0  06:19      1.40    1.11    1.00
  G73F114_G73F113_l1   CONDUIT     0.079     0  06:20      1.60    1.07    1.00
  G73F115_G73F114_l1   CONDUIT     0.075     0  06:16      1.55    1.04    1.00
  G73F116_G73F115_l1   CONDUIT     0.055     0  06:17      1.19    1.00    1.00
  G73F117_G73F116_l1   CONDUIT     0.028     0  06:18      1.09    0.56    0.77
  G73F120_G73F110_l1   CONDUIT     0.750     0  06:19      2.31    0.89    1.00
  G73F130_G73F120_l1   CONDUIT     0.731     0  06:19      2.05    1.37    1.00
  G73F140_G73F130_l1   CONDUIT     0.708     0  06:20      2.13    1.61    1.00
  G73F150_G73F140_l1   CONDUIT     0.696     0  06:20      2.10    0.82    1.00
  G73F160_G73F150_l1   CONDUIT     0.683     0  06:20      2.92    0.86    0.95
  G73F161_G73F160_l1   CONDUIT     0.000     1  17:58      0.02    0.00    0.50
  G73F170_G73F160_l1   CONDUIT     0.674     0  06:20      3.65    1.08    1.00
  G73F180_G73F170_l1   CONDUIT     0.424     0  06:27      3.37    1.77    1.00
  G73F190_G73F180_l1   CONDUIT     0.417     0  06:27      2.62    1.01    1.00
  G73F210_G73F190_l1   CONDUIT     0.220     0  06:17      1.78    1.03    1.00
  G73F211_G73F210_l1   CONDUIT     0.022     0  06:17      0.98    0.54    0.76
  G73F220_G73F210_l1   CONDUIT     0.206     0  06:17      1.77    1.02    1.00
  G73F221_G73F220_l1   CONDUIT     0.036     0  06:18      1.29    0.77    0.83
  G73F222_G73F221_l1   CONDUIT     0.009     0  06:17      0.70    0.19    0.47
  G73F230_G73F220_l1   CONDUIT     0.143     0  06:18      2.02    1.11    1.00
  G73F231_G73F230_l1   CONDUIT     0.078     0  06:16      1.65    1.05    1.00
  G73F232_G73F231_l1   CONDUIT     0.017     0  06:16      0.67    0.47    0.98
  G73F233_G73F230_l1   CONDUIT     0.075     0  06:17      1.17    0.81    1.00
  G73F234_G73F233_l1   CONDUIT     0.041     0  06:18      1.32    1.20    1.00
  G73F235_G73F234_l1   CONDUIT     0.030     0  06:18      0.95    2.51    1.00
  G73F240_G73F170_l1   CONDUIT     0.281     0  06:20      2.25    1.05    1.00
  G73F260_G73F240_l1   CONDUIT     0.238     0  06:18      2.10    0.95    1.00
  G73F270_G73F260_l1   CONDUIT     0.236     0  06:20      1.92    1.49    1.00
  G73F271_G73F270_l1   CONDUIT     0.193     0  06:19      2.30    0.72    0.82
  G73F272_G73F271_l1   CONDUIT     0.139     0  06:21      2.95    1.35    0.94
  G73F273_G73F272_l1   CONDUIT     0.087     0  06:23      1.23    1.05    1.00
  G73F274_G73F273_l1   CONDUIT     0.092     0  06:19      1.48    0.69    1.00
  G73F300_G73F050_l1   CONDUIT     0.328     0  06:19      1.28    0.53    0.76
  G73F301_G73F300_l1   CONDUIT     0.002     0  06:34      0.04    0.02    1.00
  G73F310_G73F300_l1   CONDUIT     0.344     0  06:18      1.70    0.39    0.55
  G73F311_G73F310_l1   CONDUIT     0.077     0  06:18      3.09    0.89    0.74
  G73F312_G73F311_l1   CONDUIT     0.030     0  06:18      1.07    1.37    0.87
  G73F313_G73F314_l1   CONDUIT     0.002     0  06:18      0.31    0.18    0.66
  G73F314_G73F312_l1   CONDUIT     0.006     0  06:23      0.46    0.43    0.91
  G73F320_G73F310_l1   CONDUIT     0.215     0  06:19      1.29    0.54    0.47
  G73F330_G73F320_l1   CONDUIT     0.178     0  06:24      1.14    0.30    0.44
  G73F340_G73F330_l1   CONDUIT     0.178     0  06:23      1.17    5.23    0.42
  G73F350_G73F340_l1   CONDUIT     0.174     0  06:23      1.16    0.24    0.42
  G73F360_G73F350_l1   CONDUIT     0.169     0  06:23      1.57    0.33    0.41
  G73F361_G73F360_l1   CONDUIT     0.048     0  06:19      1.58    1.12    0.95
  G73F362_G73F361_l1   CONDUIT     0.033     0  06:19      1.39    0.83    0.85
  G73F363_G73K365_l1   CONDUIT     0.034     0  06:18      1.33    1.23    1.00
  G73F370_G73F360_l1   CONDUIT     0.100     0  06:24      2.06    2.77    0.98
  G73F371_G73K370_l1   CONDUIT     0.006     0  06:16      0.18    0.11    1.00
  G73F380_G73K370_l1   CONDUIT     0.091     0  06:26      1.85    1.93    1.00
  G73F381_G73K380_l1   CONDUIT     0.039     0  06:18      1.27    0.85    1.00
  G73F382_G73F381_l1   CONDUIT     0.024     0  06:16      0.86    0.71    1.00
  G73F383_G73G384_l1   CONDUIT     0.009     0  06:23      0.75    0.93    1.00
  G73F385_G73F380_l1   CONDUIT     0.020     0  06:18      0.64    1.34    1.00
  G73F390_G73F380_l1   CONDUIT     0.070     0  06:31      1.43    0.98    1.00
  G73F400_G73F390_l1   CONDUIT     0.069     0  06:16      1.54    1.01    1.00
  G73F410_G73F400_l1   CONDUIT     0.062     0  06:56      1.97    1.92    1.00
  G73F420_G73F410_l1   CONDUIT     0.060     0  06:27      1.90    1.49    1.00
  G73F430_G73F420_l1   CONDUIT     0.066     0  06:16      2.11    1.96    1.00
  G73F500_G73F190_l1   CONDUIT     0.259     0  06:33      2.13    0.85    1.00
  G73F510_G73F500_l1   CONDUIT     0.248     0  06:33      1.64    0.64    1.00
  G73F520_G73F510_l1   CONDUIT     0.239     0  06:28      2.56    0.80    0.89
  G73F530_G73F520_l1   CONDUIT     0.238     0  06:27      1.89    0.59    0.56
  G73F540_G73F530_l1   CONDUIT     0.237     0  06:26      1.92    1.62    0.87
  G73F560_G73F540_l1   CONDUIT     0.238     0  06:25      1.77    1.67    1.00
  G73F570_G73F560_l1   CONDUIT     0.256     0  06:17      1.14    1.13    1.00
  G73F580_G73F670_l1   CONDUIT     0.139     0  06:17      1.11    0.58    1.00
  G73F580_G73K570_l1   CONDUIT     0.319     0  06:17      1.54    0.92    1.00
  G73F590_G73F580_l1   CONDUIT     0.193     0  06:17      1.58    1.00    1.00
  G73F610_G73F590_l1   CONDUIT     0.186     0  06:17      1.83    0.72    1.00
  G73F612_G73K611_l1   CONDUIT     0.051     0  06:18      1.41    1.44    0.69
  G73F614_G73K613_l1   CONDUIT     0.024     0  06:17      0.91    0.65    0.80
  G73F620_G73F610_l1   CONDUIT     0.150     0  06:18      1.95    1.16    1.00
  G73F630_G73F620_l1   CONDUIT     0.064     0  06:24      1.53    0.52    0.83
  G73F631_G73F630_l1   CONDUIT     0.000     0  00:00      0.00    0.00    0.42
  G73F670_G73F660_l1   CONDUIT     0.000     0  00:00      0.00    0.00    0.50
  G73F671_G73F670_l1   CONDUIT     0.119     0  06:17      0.94    0.98    1.00
  G73F672_G73F671_l1   CONDUIT     0.114     0  06:16      0.95    1.54    1.00
  G73F673_G73F672_l1   CONDUIT     0.088     0  06:16      0.84    0.65    1.00
  G73F674_G73F673_l1   CONDUIT     0.080     0  06:17      1.24    1.11    1.00
  G73F679_G73F670_l1   CONDUIT     0.002     0  06:24      0.12    0.04    0.57
  G73G384_G73F385_l1   CONDUIT     0.027     0  06:17      1.01    0.60    1.00
  G73K040_G73F040_l1   CONDUIT     1.179     0  06:20      2.11    0.41    0.68
  G73K041_G73F040_l1   CONDUIT     0.077     0  06:17      0.24    0.19    0.90
  G73K365_G73F362_l1   CONDUIT     0.033     0  06:19      1.31    1.18    0.93
  G73K370_G73F370_l1   CONDUIT     0.094     0  06:26      1.92    2.25    1.00
  G73K570_G73F570_l1   CONDUIT     0.304     0  06:17      1.36    0.98    1.00
  G73K611_G73F610_l1   CONDUIT     0.053     0  06:18      1.46    0.30    0.69
  G73K613_G73F612_l1   CONDUIT     0.050     0  06:17      1.06    0.97    1.00
  G73K727_G73R722_l1   CONDUIT     0.027     0  06:16      1.16    1.02    1.00
  G73R450_G73R440_l1   CONDUIT     0.242     0  06:18      1.41    0.76    1.00
  G73R451_G73R450_l1   CONDUIT     0.064     0  06:18      1.49    1.52    1.00
  G73R452_G73R451_l1   CONDUIT     0.040     0  06:18      0.91    1.18    1.00
  G73R453_G73R452_l1   CONDUIT     0.012     0  06:18      0.51    0.60    1.00
  G73R454_G73R452_l1   CONDUIT     0.023     0  06:52      0.82    1.37    1.00
  G73R455_G73R454_l1   CONDUIT     0.009     0  06:53      0.35    0.64    1.00
  G73R460_G73R450_l1   CONDUIT     0.032     0  06:17      1.41    0.79    1.00
  G73R710_G73F710_l1   CONDUIT     0.024     0  06:25      1.37   29.42    1.00
  G73R711_G73R710_l1   CONDUIT     0.110     0  06:25      0.41    0.07    0.87
  G73R712_G73R711_l1   CONDUIT     0.147     0  06:21      0.68    0.07    0.72
  G73R714_G73R713_l1   CONDUIT     0.094     0  06:18      0.85    0.05    0.53
  G73R716_G73R714_l1   CONDUIT     0.054     0  06:18      1.18    0.03    0.17
  G73R718_G73R717_l1   CONDUIT     0.067     0  06:23      0.27    0.03    0.54
  G73R719_G73K726_l1   CONDUIT     0.037     0  06:19      1.45    1.61    1.00
  G73R721_G73R719_l1   CONDUIT     0.021     0  06:21      0.82    0.80    1.00
  G73R723_G73R716_l1   CONDUIT     0.042     0  06:18      1.81    0.89    0.86
  G73R724_G73R723_l1   CONDUIT     0.042     0  06:18      1.79    1.62    0.87
  G74F130_G72F120_l1   CONDUIT     0.778     0  06:21      2.02    0.74    1.00
  G74F140_G74F130_l1   CONDUIT     0.764     0  06:22      2.08    0.89    0.92
  G74F150_G74F140_l1   CONDUIT     0.766     0  06:21      2.56    0.79    0.76
  G74F160_G74F150_l1   CONDUIT     0.766     0  06:20      3.16    0.55    0.61
  G74F170_G74F160_l1   CONDUIT     0.777     0  06:20      3.84    0.53    0.52
  G74F180_G74F170_l1   CONDUIT     0.776     0  06:20      3.89    0.52    0.51
  G74F190_G74F180_l1   CONDUIT     0.763     0  06:20      2.88    1.04    0.65
  G74F191_G74F190_l1   CONDUIT     0.022     0  06:17      0.91    0.39    0.72
  G74F210_G74F190_l1   CONDUIT     0.716     0  06:20      2.19    0.96    0.79
  G74F211_G74F210_l1   CONDUIT     0.019     0  06:17      0.82    0.28    0.68
  G74F220_G74F210_l1   CONDUIT     0.658     0  06:19      1.98    1.02    0.81
  G74F221_G74F220_l1   CONDUIT     0.047     0  06:17      1.65    0.83    0.85
  G74F222_G74F221_l1   CONDUIT     0.017     0  06:17      1.01    0.33    0.55
  G74F230_G74F220_l1   CONDUIT     0.586     0  06:19      2.44    0.75    0.81
  G74F231_G74F230_l1   CONDUIT     0.061     0  06:18      1.17    0.51    0.75
  G74F232_G74F231_l1   CONDUIT     0.034     0  06:18      1.49    0.67    0.68
  G74F240_G74F230_l1   CONDUIT     0.490     0  06:19      2.89    1.04    0.82
  G74F241_G74F240_l1   CONDUIT     0.090     0  06:18      1.34    0.96    1.00
  G74F242_G74F241_l1   CONDUIT     0.074     0  06:18      1.25    0.91    0.86
  G74F243_G74F242_l1   CONDUIT     0.029     0  06:17      0.93    1.04    0.99
  G74F250_G74F240_l1   CONDUIT     0.371     0  06:21      2.15    1.14    0.92
  G74F260_G74F250_l1   CONDUIT     0.348     0  06:21      1.78    1.26    1.00
  G74F261_G74F260_l1   CONDUIT     0.009     0  06:17      0.40    0.22    0.66
  G74F270_G74F260_l1   CONDUIT     0.325     0  06:17      1.68    1.13    1.00
  G74F271_G74F270_l1   CONDUIT     0.054     0  06:18      0.94    0.52    0.76
  G74F272_G74F271_l1   CONDUIT     0.028     0  06:18      1.10    0.91    0.76
  G74F280_G74F270_l1   CONDUIT     0.285     0  06:17      1.55    1.03    1.00
  G74F281_G74F280_l1   CONDUIT     0.058     0  06:18      0.98    0.59    0.78
  G74F282_G74F281_l1   CONDUIT     0.029     0  06:17      1.13    0.90    0.78
  G74F290_G74F280_l1   CONDUIT     0.203     0  06:24      1.64    1.22    1.00
  G74F310_G74F290_l1   CONDUIT     0.194     0  06:18      1.55    1.12    1.00
  G74F311_G74F310_l1   CONDUIT     0.098     0  06:18      1.39    1.09    1.00
  G74F312_G74F311_l1   CONDUIT     0.057     0  06:24      1.83    1.96    1.00
  G74F320_G74F310_l1   CONDUIT     0.077     0  06:21      1.12    0.96    1.00
  G74F321_G74F320_l1   CONDUIT     0.039     0  06:19      1.23    1.12    1.00
  G74F322_G74F321_l1   CONDUIT     0.027     0  06:16      0.95    0.80    1.00
  G74F323_G74F320_l1   CONDUIT     0.026     0  06:16      0.96    0.74    1.00
  G75F65Y_G75S541_l1   CONDUIT     0.030     0  15:14      3.57    1.84    1.00
  G75F65Y_G75U03F_l1   CONDUIT     0.124     0  05:44      1.75    0.92    1.00
  G75S060_G75S040_l1   CONDUIT     0.065     0  06:25      1.05    0.40    1.00
  G75S080_G75S070_l1   CONDUIT     0.051     0  05:47      1.46    0.77    1.00
  G75S090_G75S080_l1   CONDUIT     0.056     0  06:02      1.00    1.08    1.00
  G75S110_G75S090_l1   CONDUIT     0.070     0  06:17      1.10    1.32    1.00
  G75S120_G75S110_l1   CONDUIT     0.074     0  06:23      1.16    1.84    1.00
  G75S125_G75S120_l1   CONDUIT     0.059     0  05:56      0.93    0.87    1.00
  G75S140_G75S130_l1   CONDUIT     0.097     0  06:22      1.53    2.08    1.00
  G75S160_G75S140_l1   CONDUIT     0.050     0  05:56      0.83    1.06    1.00
  G75S170_G75S160_l1   CONDUIT     0.061     0  05:56      0.98    1.21    1.00
  G75S180_G75S170_l1   CONDUIT     0.088     0  09:03      1.39    1.99    1.00
  G75S190_G75S180_l1   CONDUIT     0.077     1  23:57      1.22    1.52    1.00
  G75S210_G75S190_l1   CONDUIT     0.049     0  05:55      0.84    1.16    1.00
  G75S220_G75S210_l1   CONDUIT     0.050     0  05:53      0.84    1.18    1.00
  G75S230_G75S220_l1   CONDUIT     0.074     0  06:47      1.16    1.45    1.00
  G75S240_G75S230_l1   CONDUIT     0.074     0  06:43      1.16    1.33    1.00
  G75S260_G75S240_l1   CONDUIT     0.092     1  23:57      1.45    1.85    1.00
  G75S270_G75S260_l1   CONDUIT     0.103     0  06:24      1.63    1.86    1.00
  G75S280_G75S270_l1   CONDUIT     0.043     0  06:52      1.66    1.30    1.00
  G75S290_G75S280_l1   CONDUIT     0.037     0  13:41      1.44    1.55    1.00
  G75S310_G75S290_l1   CONDUIT     0.032     0  15:32      1.23    1.48    1.00
  G75S320_G75S310_l1   CONDUIT     0.020     0  05:50      0.83    0.93    1.00
  G75S330_G75S320_l1   CONDUIT     0.025     0  05:56      1.10    1.09    1.00
  G75S340_G75S330_l1   CONDUIT     0.014     0  05:57      0.62    0.82    1.00
  G75S360_G75S340_l1   CONDUIT     0.021     0  05:59      0.97    0.99    1.00
  G75S370_G75S360_l1   CONDUIT     0.021     0  06:26      0.83    0.88    1.00
  G75S380_G75S370_l1   CONDUIT     0.009     0  06:29      0.42    0.38    1.00
  G75S390_G75S380_l1   CONDUIT     0.001     0  17:47      0.36    0.01    0.52
  G75S410_G75S270_l1   CONDUIT     0.070     0  06:23      1.11    0.94    1.00
  G75S420_G75S410_l1   CONDUIT     0.061     1  23:57      0.99    1.13    1.00
  G75S430_G75S420_l1   CONDUIT     0.109     0  06:24      1.73    2.09    1.00
  G75S440_G75S430_l1   CONDUIT     0.077     0  09:49      1.21    1.50    1.00
  G75S460_G75S440_l1   CONDUIT     0.065     0  06:21      1.03    1.34    1.00
  G75S470_G75S460_l1   CONDUIT     0.064     1  11:35      1.02    1.25    1.00
  G75S480_G75S470_l1   CONDUIT     0.071     0  06:23      1.12    1.43    1.00
  G75S490_G75S480_l1   CONDUIT     0.066     0  21:49      1.03    1.14    1.00
  G75S510_G75S490_l1   CONDUIT     0.066     0  21:47      1.03    1.44    1.00
  G75S520_G75S510_l1   CONDUIT     0.097     0  06:25      1.54    1.83    1.00
  G75S530_G75S520_l1   CONDUIT     0.057     0  06:25      0.89    1.06    1.00
  G75S540_G75S530_l1   CONDUIT     0.057     1  23:08      0.92    1.20    1.00
  G75S541_G75S540_l1   CONDUIT     0.130     0  15:14      5.06    1.22    1.00
  G76R180_G72R204_l1   CONDUIT     0.001     0  06:25      0.29    0.02    0.24
  G76R180_G76R185_l1   CONDUIT     0.000     0  07:51      0.15    0.01    0.03
  G76R181_G76R180_l1   CONDUIT     0.000     0  00:00      0.00    0.00    0.05
  G76R182_G76R180_l1   CONDUIT     0.001     0  06:24      0.34    0.00    0.03
  G76R183_G76R182_l1   CONDUIT     0.000     0  05:45      0.12    0.00    0.02
  G76R184_G76R182_l1   CONDUIT     0.000     0  00:00      0.00    0.00    0.06
  G76R185_G72R652_l1   CONDUIT     0.000     0  07:52      0.28    0.01    0.37
  G80F010_G73F630_l1   CONDUIT     0.064     0  06:24      1.36    1.07    0.71
  G80F020_G80F010_l1   CONDUIT     0.049     0  06:53      0.81    1.22    0.84
  G80F030_G80F020_l1   CONDUIT     0.049     0  06:54      0.70    1.18    0.99
  G80F040_G80F030_l1   CONDUIT     0.049     0  06:22      0.76    1.08    1.00
  G80F060_G80F040_l1   CONDUIT     0.051     0  16:45      0.77    1.15    1.00
  G80F070_G80F060_l1   CONDUIT     0.072     0  06:37      1.02    2.04    1.00
  G80F080_G80F070_l1   CONDUIT     0.072     0  06:37      1.02    1.47    1.00
  G80F090_G80F080_l1   CONDUIT     0.072     0  06:34      1.02    1.56    1.00
  G80F110_G80F090_l1   CONDUIT     0.075     0  06:26      1.06    1.23    1.00
  G80F120_G80F110_l1   CONDUIT     0.067     0  07:16      0.96    1.19    1.00
  G80F130_G80F120_l1   CONDUIT     0.066     0  07:22      0.94    1.19    1.00
  G80F140_G80F130_l1   CONDUIT     0.067     0  06:22      1.01    1.05    1.00
  G80F160_G80F140_l1   CONDUIT     0.077     0  06:21      1.09    1.28    1.00
  G80F170_G80F160_l1   CONDUIT     0.087     0  06:19      1.23    0.96    1.00
  G80F180_G80F170_l1   CONDUIT     0.098     0  06:19      1.39    2.51    1.00
  G80F190_G80F180_l1   CONDUIT     0.050     0  09:21      1.61    1.34    1.00
  G80F210_G80F190_l1   CONDUIT     0.084     0  07:02      1.72    1.01    1.00
  G80F220_G80F210_l1   CONDUIT     0.026     0  06:02      1.64    0.31    0.69
  G80F230_G80F220_l1   CONDUIT     0.027     0  05:48      1.86    0.28    0.37
  G80F240_G80F230_l1   CONDUIT     0.028     0  03:43      2.12    0.17    0.29
  G80F312_G80F311_l1   CONDUIT     0.049     0  06:19      2.75    1.10    1.00
  G80F313_G80F312_l1   CONDUIT     0.032     0  06:18      1.80    2.20    1.00
  G80F340_G80F330_l1   CONDUIT     1.006     0  06:23      2.00    1.20    1.00
  G80F350_G80F340_l1   CONDUIT     0.985     0  06:22      1.96    1.90    1.00
  G80F360_G80F350_l1   CONDUIT     0.995     0  06:21      1.98    1.54    1.00
  G80F370_G80F360_l1   CONDUIT     1.011     0  06:21      2.01    1.31    1.00
  G80F380_G80F370_l1   CONDUIT     1.036     0  06:20      2.06    2.31    1.00
  G80F390_G80F380_l1   CONDUIT     1.112     0  06:20      2.91    0.55    1.00
  G80F400_G80F390_l1   CONDUIT     0.578     0  06:19      2.06    1.15    1.00
  G80F410_G80F400_l1   CONDUIT     0.589     0  06:19      1.73    1.23    1.00
  G80F420_G80F410_l1   CONDUIT     0.573     0  06:20      1.77    0.70    0.91
  G80F421_G80F420_l1   CONDUIT     0.153     0  06:19      1.59    2.36    1.00
  G80F422_G80F421_l1   CONDUIT     0.122     0  06:18      2.68    0.86    0.87
  G80F423_G80F422_l1   CONDUIT     0.082     0  06:18      2.24    0.79    0.71
  G80F424_G80F423_l1   CONDUIT     0.051     0  06:18      1.40    0.84    0.69
  G80F425_G80F424_l1   CONDUIT     0.030     0  06:18      1.12    0.81    0.78
  G80F430_G80F420_l1   CONDUIT     0.460     0  06:25      1.69    2.07    0.99
  G80F440_G80F430_l1   CONDUIT     0.376     0  06:20      1.33    2.13    1.00
  G80F460_G80F440_l1   CONDUIT     0.375     0  06:19      2.36    1.80    1.00
  G80F461_G80F460_l1   CONDUIT     0.072     0  06:16      2.33    1.07    1.00
  G80F462_G80F461_l1   CONDUIT     0.038     0  06:17      1.26    1.09    1.00
  G80F463_G80F462_l1   CONDUIT     0.027     0  06:18      0.97    0.74    0.82
  G80F470_G80F460_l1   CONDUIT     0.300     0  06:25      2.07    0.68    0.86
  G80F472_G80K471_l1   CONDUIT     0.002     0  06:23      0.55    0.07    0.59
  G80F473_G80K471_l1   CONDUIT     0.001     0  06:23      0.56    0.05    0.57
  G80F480_G80F470_l1   CONDUIT     0.290     0  06:25      2.00    0.96    0.70
  G80F490_G80F480_l1   CONDUIT     0.277     0  06:25      2.22    1.27    0.98
  G80F491_G80F490_l1   CONDUIT     0.206     0  06:17      1.70    1.02    1.00
  G80F492_G80F491_l1   CONDUIT     0.181     0  06:17      1.88    1.44    1.00
  G80F493_G80F492_l1   CONDUIT     0.138     0  06:16      1.54    0.90    1.00
  G80F494_G80F493_l1   CONDUIT     0.107     0  06:18      2.18    1.09    1.00
  G80F495_G80F494_l1   CONDUIT     0.082     0  06:16      1.31    0.91    1.00
  G80F496_G80F495_l1   CONDUIT     0.054     0  06:17      1.21    0.86    1.00
  G80F497_G80F496_l1   CONDUIT     0.000     1  17:50      0.10    0.00    0.51
  G80F510_G80F390_l1   CONDUIT     0.526     0  06:20      2.31    1.07    1.00
  G80F520_G80F510_l1   CONDUIT     0.515     0  06:19      3.46    0.94    0.88
  G80F531_G80K530_l1   CONDUIT     0.000     0  00:00      0.00    0.00    0.50
  G80F540_G80K530_l1   CONDUIT     0.488     0  06:19      3.06    0.76    0.76
  G80F560_G80F540_l1   CONDUIT     0.457     0  06:19      2.77    1.07    0.80
  G80F570_G80F560_l1   CONDUIT     0.437     0  06:19      2.79    1.07    0.96
  G80F580_G80F570_l1   CONDUIT     0.410     0  06:19      3.06    0.83    0.81
  G80F610_G80F580_l1   CONDUIT     0.401     0  06:19      3.26    0.90    0.72
  G80F620_G80F620_201320795_l1 CONDUIT     0.364     0  06:19      2.27    0.59    0.55
  G80F621_G80F620_l1   CONDUIT     0.040     0  06:17      1.58    0.52    0.64
  G80F622_G80F621_l1   CONDUIT     0.005     0  06:17      0.48    0.12    0.39
  G80F660_G80K640_l1   CONDUIT     0.282     0  06:19      1.64    0.71    0.86
  G80F66X_G80F11B_l1   CONDUIT     1.080     0  06:27      2.15    0.43    1.00
  G80F670_G80F660_l1   CONDUIT     0.282     0  06:18      1.79    1.02    0.76
  G80F680_G80F670_l1   CONDUIT     0.250     0  06:19      1.39    1.31    0.90
  G80F690_G80F680_l1   CONDUIT     0.205     0  06:19      1.29    1.38    1.00
  G80F710_G80F690_l1   CONDUIT     0.156     0  06:20      1.27    0.93    1.00
  G80F720_G80F710_l1   CONDUIT     0.131     0  06:21      1.85    1.21    1.00
  G80F730_G80F720_l1   CONDUIT     0.111     0  06:23      1.57    1.49    1.00
  G80F740_G80F730_l1   CONDUIT     0.067     0  06:21      0.94    1.26    1.00
  G80F741_G80F740_l1   CONDUIT     0.040     0  06:28      0.82    1.08    1.00
  G80F742_G80F741_l1   CONDUIT     0.033     0  06:16      0.83    0.78    1.00
  G80F743_G80F742_l1   CONDUIT     0.039     0  06:17      1.27    1.15    1.00
  G80K530_G80F520_l1   CONDUIT     0.488     0  06:19      3.04    1.02    0.76
  G80K630_G80F620_l1   CONDUIT     0.285     0  06:19      1.74    2.00    0.82
  G80O010_G80U03F_l1   CONDUIT     4.853     0  05:34      9.65    1.39    1.00
  H50S820_G80F13P_l1   CONDUIT     0.069     0  06:51      2.66    1.36    1.00
  G72F020_G72K020_l1   CONDUIT     3.369     0  06:24      2.51    0.39    0.71
  G72K020_G72K010_l1   CONDUIT     1.173     0  06:24      1.09    0.39    0.62
  G80F66Y_G80F310_l1   CONDUIT     0.449     1  03:18     14.30   16.33    1.00
  G80F66X_G80F66Y_l1   CONDUIT     0.056     0  05:54      1.78    2.60    1.00
  G80F330_G80F320_l1   CONDUIT     1.077     0  06:24      2.14    0.55    1.00
  G61F043_G61F042_l1   CONDUIT     0.092     0  06:26      1.30    1.22    1.00
  G73R440_G73R430_l1   CONDUIT     0.193     0  06:17      1.11    0.57    1.00
  G70F11Pp1            PUMP        0.039     0  05:51              0.00        
  G71F12Pp1            PUMP        0.015     0  04:41              0.00        
  G71F12Pp2            PUMP        0.004     0  05:46              0.00        
  G71F68Yp1            PUMP        0.000     0  00:00              0.00        
  G80F13Pp1            PUMP        0.026     0  03:41              0.00        
  G70F11Pp2            PUMP        0.039     0  05:51              0.00        
  G60F60Yw1            WEIR        1.211     0  08:13              0.00        
  G70F62Yw1            WEIR        1.077     0  06:19              0.00        
  G71F06Rw1            WEIR        0.329     0  06:18              0.00        
  G71F090w1            WEIR        1.780     0  06:27              0.00        
  G72R33Bw1            WEIR        0.000     0  00:00              0.00        
  G72R34Rw1            WEIR        0.000     0  00:00              0.00        
  G72R520w1            WEIR        0.000     0  00:00              0.00        
  G75F65Yw1            WEIR        1.550     0  18:26              0.00        
  G80F11Bw1            WEIR        1.466     1  01:43              0.00        
  G71F05R_skylw1       WEIR        2.195     0  06:24              0.00        
  G72K020w1            WEIR        2.196     0  06:24              0.00        
  G80F66Yw1            WEIR        6.000     1  12:05              0.00        
  G80F66Yw2            WEIR        1.162     1  12:05              0.00        
  G60F61Yo1            ORIFICE     0.104     0  06:33              0.00        
  G71F05R_skylo1       ORIFICE     0.296     0  06:00              0.00        
  G71F12Pw1            ORIFICE     0.104     0  06:22              0.00        
  G72R33Bout1          OUTLET      0.020     0  04:46              0.00        
  G71F68Yout1          OUTLET      0.000     0  00:00              0.00        
  G80F310_G80F13P_l1   OUTLET      0.012     0  07:05              0.00        
  G72R150_G74F150_l1   OUTLET      0.010     0  05:51              0.00        
  G60F60Y_G60F070_l1   OUTLET      0.080     0  06:15              0.00        
  G72R520_l1_vandbremse OUTLET      0.013     0  04:40              0.00        
  G72R34R_vandbremse   OUTLET      0.010     0  05:44              0.00        
  
  
  ***************************
  Flow Classification Summary
  ***************************

  -------------------------------------------------------------------------------------
                      Adjusted    ---------- Fraction of Time in Flow Class ---------- 
                       /Actual         Up    Down  Sub   Sup   Up    Down  Norm  Inlet 
  Conduit               Length    Dry  Dry   Dry   Crit  Crit  Crit  Crit  Ltd   Ctrl  
  -------------------------------------------------------------------------------------
  F74F370_F74F360_l1      1.00   0.00  0.00  0.00  1.00  0.00  0.00  0.00  0.00  0.00
  F74F380_F74F370_l1      1.00   0.00  0.00  0.00  1.00  0.00  0.00  0.00  0.00  0.00
  F74F390_F74F380_l1      1.00   0.00  0.00  0.00  1.00  0.00  0.00  0.00  0.00  0.00
  F74F410_F74F390_l1      1.00   0.00  0.00  0.00  1.00  0.00  0.00  0.00  0.00  0.00
  F74F420_F74F410_l1      1.00   0.00  0.00  0.00  1.00  0.00  0.00  0.00  0.00  0.00
  F74F430_F74F420_l1      1.00   0.00  0.00  0.00  1.00  0.00  0.00  0.00  0.00  0.00
  F74F440_F74F430_l1      1.00   0.00  0.00  0.00  1.00  0.00  0.00  0.00  0.00  0.00
  F74F445_F74F440_l1      1.00   0.00  0.00  0.00  1.00  0.00  0.00  0.00  0.01  0.00
  G60F010_F74F445_l1      1.00   0.00  0.00  0.00  1.00  0.00  0.00  0.00  0.00  0.00
  G60F020_G60F010_l1      1.00   0.00  0.00  0.00  1.00  0.00  0.00  0.00  0.01  0.00
  G60F030_G60F020_l1      1.00   0.00  0.00  0.00  1.00  0.00  0.00  0.00  0.00  0.00
  G60F040_G60F030_l1      1.00   0.00  0.00  0.00  1.00  0.00  0.00  0.00  0.01  0.00
  G60F060_G60F040_l1      1.00   0.00  0.00  0.00  1.00  0.00  0.00  0.00  0.00  0.00
  G60F070_G60F060_l1      1.00   0.00  0.00  0.00  1.00  0.00  0.00  0.00  0.01  0.00
  G60F090_G60F070_l1      1.00   0.00  0.00  0.00  1.00  0.00  0.00  0.00  0.00  0.00
  G60F110_G60F090_l1      1.00   0.00  0.00  0.00  1.00  0.00  0.00  0.00  0.01  0.00
  G60F120_G60F110_l1      1.00   0.00  0.00  0.00  1.00  0.00  0.00  0.00  0.00  0.00
  G60F130_G60F120_l1      1.00   0.00  0.00  0.00  1.00  0.00  0.00  0.00  0.03  0.00
  G60F140_G60F130_l1      1.00   0.00  0.00  0.00  1.00  0.00  0.00  0.00  0.01  0.00
  G60F141_G60F140_l1      1.00   0.00  0.00  0.00  1.00  0.00  0.00  0.00  0.00  0.00
  G60F160_G60F140_l1      1.00   0.00  0.00  0.00  1.00  0.00  0.00  0.00  0.04  0.00
  G60F170_G60F160_l1      1.00   0.00  0.00  0.00  1.00  0.00  0.00  0.00  0.00  0.00
  G60F180_G60F170_l1      1.00   0.00  0.00  0.00  1.00  0.00  0.00  0.00  0.04  0.00
  G60F190_G60F180_l1      1.00   0.00  0.00  0.00  1.00  0.00  0.00  0.00  0.00  0.00
  G60F210_G60F190_l1      1.00   0.00  0.00  0.00  1.00  0.00  0.00  0.00  0.00  0.00
  G60F230_G60F60Y_l1      1.00   0.00  0.00  0.00  0.98  0.00  0.00  0.02  0.02  0.00
  G60F240_G60F230_l1      1.00   0.00  0.00  0.00  0.96  0.04  0.00  0.00  0.93  0.00
  G60F260_G60F240_l1      1.00   0.00  0.00  0.00  0.02  0.98  0.00  0.00  0.96  0.00
  G60F280_G60F270_l1      1.00   0.00  0.00  0.00  0.01  0.99  0.00  0.00  0.02  0.00
  G60F320_G60F280_l1      1.00   0.00  0.00  0.00  0.02  0.96  0.00  0.02  0.95  0.00
  G60F330_G60F320_l1      1.00   0.00  0.00  0.00  0.02  0.98  0.00  0.01  0.15  0.00
  G60F340_G60F330_l1      1.00   0.00  0.00  0.00  0.02  0.98  0.00  0.00  0.04  0.00
  G60F350_G60F340_l1      1.00   0.00  0.00  0.00  0.02  0.00  0.00  0.98  0.00  0.00
  G60F360_G60F350_l1      1.00   0.00  0.00  0.00  0.04  0.96  0.00  0.00  0.05  0.00
  G60F380_G60F360_l1      1.00   0.00  0.00  0.00  0.04  0.96  0.00  0.00  0.02  0.00
  G60F60Y_G60O071_l1      1.00   0.02  0.00  0.00  0.92  0.06  0.00  0.00  0.89  0.00
  G60F60Y_G60O220_l1      1.00   0.02  0.00  0.00  0.02  0.00  0.96  0.00  0.00  0.00
  G60F61Y_G60F390_l1      1.00   0.00  0.00  0.00  0.02  0.98  0.00  0.00  0.95  0.00
  G60K009_G60R304_l1      1.00   0.02  0.00  0.00  0.04  0.00  0.00  0.94  0.01  0.00
  G60K200_G60K210_l1      1.00   0.02  0.00  0.00  0.98  0.00  0.00  0.00  0.00  0.00
  G60K210_G60K220_l1      1.00   0.02  0.00  0.00  0.98  0.00  0.00  0.00  0.00  0.00
  G60K300_G60OU01_l1      1.00   0.02  0.00  0.00  0.00  0.00  0.00  0.98  0.00  0.00
  G60K301_G60F260_l1      1.00   0.00  0.00  0.00  0.01  0.99  0.00  0.00  0.98  0.00
  G60K309_G60R307_l1      1.00   0.02  0.00  0.00  0.98  0.00  0.00  0.00  0.96  0.00
  G60K311_G60K309_l1      1.00   0.02  0.00  0.00  0.98  0.00  0.00  0.00  0.07  0.00
  G60O220_G60U02F_l1      1.00   0.02  0.00  0.00  0.98  0.00  0.00  0.00  0.00  0.00
  G60O230_G60O220_l1      1.00   0.02  0.00  0.00  0.98  0.00  0.00  0.00  0.97  0.00
  G60O240_G60O230_l1      1.00   0.02  0.00  0.00  0.00  0.98  0.00  0.00  0.93  0.00
  G60O260_G60O240_l1      1.00   0.02  0.00  0.00  0.00  0.98  0.00  0.00  0.00  0.00
  G60O280_G60O272_l1      1.00   0.02  0.00  0.00  0.01  0.97  0.00  0.00  0.96  0.00
  G60O320_G60O290_l1      1.00   0.02  0.00  0.00  0.82  0.16  0.00  0.00  0.98  0.00
  G60O330_G60O320_l1      1.00   0.02  0.00  0.00  0.00  0.14  0.00  0.84  0.14  0.00
  G60O340_G60O330_l1      1.00   0.02  0.00  0.00  0.00  0.00  0.00  0.98  0.00  0.00
  G60O360_G60O340_l1      1.00   0.02  0.00  0.00  0.00  0.01  0.00  0.97  0.01  0.00
  G60O361_G60O360_l1      1.00   0.02  0.00  0.00  0.31  0.60  0.00  0.08  0.58  0.00
  G60OU01_G60O270_l1      1.00   0.02  0.00  0.00  0.00  0.00  0.00  0.98  0.00  0.00
  G60R011_G60K009_l1      1.00   0.02  0.00  0.00  0.98  0.00  0.00  0.00  0.95  0.00
  G60R281_G60O280_l1      1.00   0.02  0.00  0.00  0.01  0.01  0.00  0.95  0.02  0.00
  G60R282_G60R281_l1      1.00   0.02  0.00  0.00  0.94  0.04  0.00  0.00  0.98  0.00
  G60R290_G60O280_l1      1.00   0.02  0.00  0.00  0.58  0.40  0.00  0.00  0.97  0.00
  G60R292_G60R291_l1      1.00   0.02  0.00  0.00  0.01  0.03  0.00  0.94  0.03  0.00
  G60R293_G60R292_l1      1.00   0.02  0.00  0.00  0.01  0.00  0.00  0.97  0.00  0.00
  G60R294_G60R293_l1      1.00   0.02  0.00  0.00  0.02  0.97  0.00  0.00  0.98  0.00
  G60R295_G60R294_l1      1.00   0.02  0.00  0.00  0.00  0.00  0.00  0.98  0.00  0.00
  G60R296_G60R295_l1      1.00   0.02  0.03  0.00  0.86  0.10  0.00  0.00  0.93  0.00
  G60R302_G60R301_l1      1.00   0.02  0.00  0.00  0.00  0.00  0.00  0.98  0.00  0.00
  G60R303_G60R302_l1      1.00   0.02  0.00  0.00  0.09  0.89  0.00  0.00  0.00  0.00
  G60R304_G60R303_l1      1.00   0.02  0.00  0.00  0.09  0.89  0.00  0.00  0.94  0.00
  G60R307_G60R306_l1      1.00   0.02  0.00  0.00  0.04  0.95  0.00  0.00  0.17  0.00
  G60R308_G60K309_l1      1.00   0.02  0.00  0.00  0.89  0.09  0.00  0.00  0.95  0.00
  G60R321_G60O320_l1      1.00   0.02  0.00  0.00  0.94  0.04  0.00  0.00  0.98  0.00
  G60R322_G60R321_l1      1.00   0.02  0.00  0.00  0.44  0.54  0.00  0.00  0.71  0.00
  G60R323_G60R322_l1      1.00   0.02  0.00  0.00  0.00  0.00  0.00  0.98  0.00  0.00
  G60R341_G60O340_l1      1.00   0.02  0.19  0.00  0.78  0.01  0.00  0.00  0.81  0.00
  G60R342_G60R341_l1      1.00   0.02  0.00  0.00  0.41  0.58  0.00  0.00  0.00  0.00
  G60R343_G60R342_l1      1.00   0.02  0.00  0.00  0.00  0.00  0.00  0.98  0.00  0.00
  G60R380_G60R370_l1      1.00   0.02  0.00  0.00  0.00  0.00  0.00  0.98  0.00  0.00
  G60R382_G60R380_l1      1.00   0.02  0.00  0.00  0.00  0.03  0.00  0.95  0.03  0.00
  G60R383_G60R382_l1      1.00   0.02  0.00  0.00  0.00  0.00  0.00  0.98  0.00  0.00
  G60R385_G60R381_l1      1.00   0.02  0.00  0.00  0.06  0.04  0.00  0.87  0.10  0.00
  G60U01F_G60K200_l1      1.00   0.02  0.00  0.00  0.98  0.00  0.00  0.00  0.01  0.00
  G61F010_G60F61Y_l1      1.00   0.00  0.00  0.00  0.02  0.00  0.00  0.98  0.00  0.00
  G61F011_G61F010_l1      1.00   0.00  0.00  0.00  1.00  0.00  0.00  0.00  0.95  0.00
  G61F012_G61F011_l1      1.00   0.00  0.00  0.00  0.39  0.61  0.00  0.00  1.00  0.00
  G61F013_G61F012_l1      1.00   0.00  0.00  0.00  0.08  0.92  0.00  0.00  0.92  0.00
  G61F020_G61F010_l1      1.00   0.00  0.00  0.00  0.99  0.01  0.00  0.00  0.83  0.00
  G61F030_G61F020_l1      1.00   0.00  0.00  0.00  0.01  0.00  0.00  0.99  0.00  0.00
  G61F030_G61F090_l1      1.00   0.66  0.09  0.00  0.02  0.00  0.23  0.00  0.00  0.00
  G61F031_G61F030_l1      1.00   0.00  0.00  0.00  0.03  0.01  0.00  0.96  0.02  0.00
  G61F032_G61F031_l1      1.00   0.00  0.00  0.00  0.01  0.00  0.00  0.99  0.00  0.00
  G61F033_G61F032_l1      1.00   0.00  0.00  0.00  0.84  0.04  0.00  0.12  0.86  0.00
  G61F034_G61F033_l1      1.00   0.00  0.00  0.00  1.00  0.00  0.00  0.00  0.20  0.00
  G61F035_G61F034_l1      1.00   0.00  0.00  0.00  1.00  0.00  0.00  0.00  0.99  0.00
  G61F040_G61F030_l1      1.00   0.00  0.67  0.00  0.33  0.00  0.00  0.00  0.32  0.00
  G61F040_G61F120_l1      1.00   0.00  0.00  0.00  1.00  0.00  0.00  0.00  0.58  0.00
  G61F041_G61F040_l1      1.00   0.00  0.00  0.00  0.25  0.75  0.00  0.00  0.48  0.00
  G61F042_G61F041_l1      1.00   0.00  0.00  0.00  1.00  0.00  0.00  0.00  0.02  0.00
  G61F044_G61F043_l1      1.00   0.00  0.00  0.00  0.12  0.88  0.00  0.00  0.13  0.00
  G61F045_G61F044_l1      1.00   0.00  0.00  0.00  1.00  0.00  0.00  0.00  0.99  0.00
  G61F060_G61F040_l1      1.00   0.92  0.00  0.00  0.00  0.00  0.00  0.07  0.01  0.00
  G61F060_G61F140_l1      1.00   0.00  0.00  0.00  1.00  0.00  0.00  0.00  0.00  0.00
  G61F061_G61F060_l1      1.00   0.00  0.00  0.00  1.00  0.00  0.00  0.00  0.98  0.00
  G61F062_G61F061_l1      1.00   0.00  0.00  0.00  1.00  0.00  0.00  0.00  0.99  0.00
  G61F063_G61F062_l1      1.00   0.00  0.00  0.00  1.00  0.00  0.00  0.00  0.97  0.00
  G61F064_G61F063_l1      1.00   0.00  0.00  0.00  1.00  0.00  0.00  0.00  0.99  0.00
  G61F065_G61F064_l1      1.00   0.00  0.00  0.00  0.99  0.01  0.00  0.00  0.99  0.00
  G61F070_G61F060_l1      1.00   0.00  0.00  0.00  1.00  0.00  0.00  0.00  1.00  0.00
  G61F080_G60F61Y_l1      1.00   0.00  0.00  0.00  1.00  0.00  0.00  0.00  0.98  0.00
  G61F080_G61F020_l1      1.00   0.00  0.02  0.00  0.98  0.00  0.00  0.00  0.42  0.00
  G61F090_G61F080_l1      1.00   0.00  0.00  0.00  0.03  0.97  0.00  0.00  0.17  0.00
  G61F110_G61F090_l1      1.00   0.00  0.00  0.00  0.01  0.00  0.00  0.98  0.00  0.00
  G61F120_G61F115_l1      1.00   0.00  0.00  0.00  0.01  0.05  0.00  0.94  0.02  0.00
  G61F130_G61F120_l1      1.00   0.00  0.00  0.00  0.03  0.97  0.00  0.00  0.97  0.00
  G61F140_G61F130_l1      1.00   0.00  0.00  0.00  0.01  0.99  0.00  0.00  0.95  0.00
  G61F160_G61F070_l1      1.00   0.61  0.30  0.00  0.01  0.00  0.00  0.08  0.01  0.00
  G61F160_G61F140_l1      1.00   0.00  0.00  0.00  0.04  0.96  0.00  0.00  0.97  0.00
  G61F161_G61F160_l1      1.00   0.00  0.00  0.00  1.00  0.00  0.00  0.00  0.99  0.00
  G61F162_G61F161_l1      1.00   0.00  0.00  0.00  1.00  0.00  0.00  0.00  0.98  0.00
  G61F163_G61F162_l1      1.00   0.00  0.00  0.00  1.00  0.00  0.00  0.00  0.99  0.00
  G61F164_G61F163_l1      1.00   0.00  0.00  0.00  1.00  0.00  0.00  0.00  1.00  0.00
  G61F170_G61F160_l1      1.00   0.00  0.00  0.00  0.97  0.03  0.00  0.00  1.00  0.00
  G61F180_G61F160_l1      1.00   0.00  0.00  0.00  1.00  0.00  0.00  0.00  0.00  0.00
  G61F210_G61F110_l1      1.00   0.00  0.00  0.00  0.01  0.00  0.00  0.99  0.00  0.00
  G61F220_G61F210_l1      1.00   0.00  0.00  0.00  0.92  0.08  0.00  0.00  0.03  0.00
  G61F221_G61F220_l1      1.00   0.00  0.00  0.00  0.09  0.00  0.00  0.91  0.07  0.00
  G61F222_G61F221_l1      1.00   0.00  0.00  0.00  0.96  0.00  0.00  0.04  0.94  0.00
  G61F223_G61F222_l1      1.00   0.00  0.00  0.00  0.88  0.12  0.00  0.00  0.98  0.00
  G61F224_G61F222_l1      1.00   0.00  0.00  0.00  1.00  0.00  0.00  0.00  1.00  0.00
  G61F230_G61F220_l1      1.00   0.00  0.00  0.00  1.00  0.00  0.00  0.00  0.98  0.00
  G61F231_G61F230_l1      1.00   0.00  0.00  0.00  0.06  0.00  0.00  0.94  0.04  0.00
  G61F232_G61F231_l1      1.00   0.00  0.00  0.00  1.00  0.00  0.00  0.00  0.98  0.00
  G61F233_G61F232_l1      1.00   0.00  0.00  0.00  0.01  0.00  0.00  0.99  0.01  0.00
  G61F240_G61F230_l1      1.00   0.00  0.00  0.00  0.03  0.00  0.00  0.97  0.00  0.00
  G61F241_G61F240_l1      1.00   0.00  0.00  0.00  0.11  0.00  0.00  0.89  0.09  0.00
  G61F242_G61F241_l1      1.00   0.00  0.00  0.00  1.00  0.00  0.00  0.00  0.99  0.00
  G61F243_G61F242_l1      1.00   0.00  0.00  0.00  0.01  0.00  0.00  0.99  0.01  0.00
  G61F260_G61F240_l1      1.00   0.00  0.00  0.00  1.00  0.00  0.00  0.00  0.98  0.00
  G61F261_G61F260_l1      1.00   0.00  0.00  0.00  0.56  0.00  0.00  0.44  0.46  0.00
  G61F270_G61F260_l1      1.00   0.00  0.00  0.00  0.02  0.00  0.00  0.98  0.01  0.00
  G61F280_G61F270_l1      1.00   0.00  0.00  0.00  0.01  0.00  0.00  0.99  0.00  0.00
  G61F290_G61F280_l1      1.00   0.00  0.00  0.00  0.01  0.00  0.00  0.99  0.00  0.00
  G61F310_G61F290_l1      1.00   0.00  0.00  0.00  0.00  0.04  0.00  0.95  0.04  0.00
  G61F320_G61F164_l1      1.00   0.00  1.00  0.00  0.00  0.00  0.00  0.00  0.00  0.00
  G61F320_G61F310_l1      1.00   0.00  0.00  0.00  0.00  0.00  0.00  1.00  0.00  0.00
  G61F330_G61F320_l1      1.00   0.00  0.00  0.00  0.00  0.00  0.00  1.00  0.00  0.00
  G61F331_G61F330_l1      1.00   0.00  0.00  0.00  0.00  0.00  0.00  1.00  0.00  0.00
  G61F340_G61F330_l1      1.00   0.00  0.00  0.00  0.97  0.03  0.00  0.00  0.03  0.00
  G61F350_G61F340_l1      1.00   0.00  0.02  0.00  0.95  0.03  0.00  0.00  0.98  0.00
  G61F350_G62F022_l1      1.00   0.00  0.00  0.00  0.06  0.00  0.00  0.94  0.05  0.00
  G61F351_G61F350_l1      1.00   0.00  0.00  0.00  0.00  0.00  0.00  1.00  0.00  0.00
  G61F352_G61F351_l1      1.00   0.00  0.00  0.00  0.99  0.01  0.00  0.00  0.99  0.00
  G61F353_G61F350_l1      1.00   0.00  0.00  0.00  0.00  0.00  0.00  1.00  0.00  0.00
  G61F354_G61F353_l1      1.00   0.00  0.00  0.00  1.00  0.00  0.00  0.00  1.00  0.00
  G61F361_G61K360_l1      1.00   0.00  0.00  0.00  0.01  0.00  0.00  0.99  0.00  0.00
  G61F362_G61F361_l1      1.00   0.00  0.00  0.00  0.73  0.27  0.00  0.00  0.97  0.00
  G61F370_G61K360_l1      1.00   0.00  0.00  0.00  0.01  0.99  0.00  0.00  0.92  0.00
  G61F371_G61F370_l1      1.00   0.00  0.00  0.00  0.00  0.00  0.00  1.00  0.00  0.00
  G61F372_G61F371_l1      1.00   0.00  0.00  0.00  0.18  0.82  0.00  0.00  1.00  0.00
  G61F373_G61F372_l1      1.00   0.00  0.00  0.00  0.54  0.46  0.00  0.00  0.00  0.00
  G61F374_G61F373_l1      1.00   0.00  0.02  0.00  0.98  0.00  0.00  0.00  0.98  0.00
  G61F375_G61F374_l1      1.00   0.02  0.00  0.00  0.98  0.00  0.00  0.00  0.78  0.00
  G61F376_G61F375_l1      1.00   0.02  0.45  0.00  0.54  0.00  0.00  0.00  0.58  0.00
  G61F380_G61F370_l1      1.00   0.00  0.00  0.00  1.00  0.00  0.00  0.00  0.83  0.00
  G61F390_G61F380_l1      1.00   0.00  0.00  0.00  1.00  0.00  0.00  0.00  0.98  0.00
  G61F400_G61F390_l1      1.00   0.00  0.00  0.00  1.00  0.00  0.00  0.00  0.98  0.00
  G61F410_G61F400_l1      1.00   0.00  0.00  0.00  0.01  0.00  0.00  0.99  0.00  0.00
  G61F411_G61F410_l1      1.00   0.00  0.00  0.00  1.00  0.00  0.00  0.00  1.00  0.00
  G61F412_G61F410_l1      1.00   0.00  0.00  0.00  0.99  0.01  0.00  0.00  0.99  0.00
  G61F413_G61F412_l1      1.00   0.00  1.00  0.00  0.00  0.00  0.00  0.00  0.00  0.00
  G61F414_G61F413_l1      1.00   1.00  0.00  0.00  0.00  0.00  0.00  0.00  0.00  0.00
  G61F420_G61F011_l1      1.00   0.00  0.00  0.00  0.03  0.97  0.00  0.00  0.98  0.00
  G61F430_G61F420_l1      1.00   0.00  0.00  0.00  0.19  0.81  0.00  0.00  0.01  0.00
  G61F440_G61F430_l1      1.00   0.00  0.00  0.00  1.00  0.00  0.00  0.00  0.03  0.00
  G61F460_G61F440_l1      1.00   0.00  0.00  0.00  1.00  0.00  0.00  0.00  1.00  0.00
  G61K360_G61F360_l1      1.00   0.00  0.00  0.00  1.00  0.00  0.00  0.00  0.99  0.00
  G62F010_G61F170_l1      1.00   0.00  0.00  0.00  0.00  0.00  0.00  1.00  0.00  0.00
  G62F011_G62F010_l1      1.00   0.00  0.00  0.00  1.00  0.00  0.00  0.00  0.99  0.00
  G62F012_G62F011_l1      1.00   0.00  0.00  0.00  0.01  0.00  0.00  0.99  0.00  0.00
  G62F014_G62F012_l1      1.00   0.00  0.00  0.00  1.00  0.00  0.00  0.00  0.99  0.00
  G62F015_G62F014_l1      1.00   0.00  0.00  0.00  1.00  0.00  0.00  0.00  0.99  0.00
  G62F020_G62F010_l1      1.00   0.00  0.00  0.00  0.99  0.01  0.00  0.00  0.94  0.00
  G62F022_G62F020_l1      1.00   0.00  0.00  0.00  1.00  0.00  0.00  0.00  0.98  0.00
  G62F023_G62F020_l1      1.00   0.02  0.00  0.00  0.15  0.00  0.00  0.83  0.09  0.00
  G62F060_G61F180_l1      1.00   0.00  0.00  0.00  1.00  0.00  0.00  0.00  0.97  0.00
  G62F070_G62F060_l1      1.00   0.00  0.00  0.00  0.03  0.00  0.00  0.97  0.00  0.00
  G62F071_G62F070_l1      1.00   0.00  0.00  0.00  1.00  0.00  0.00  0.00  0.98  0.00
  G62F072_G62F071_l1      1.00   0.01  0.00  0.00  0.02  0.01  0.00  0.97  0.02  0.00
  G62F073_G62F072_l1      1.00   0.00  0.00  0.00  1.00  0.00  0.00  0.00  1.00  0.00
  G62F080_G62F070_l1      1.00   0.00  0.00  0.00  1.00  0.00  0.00  0.00  0.98  0.00
  G62F090_G62F080_l1      1.00   0.00  0.00  0.00  0.02  0.98  0.00  0.00  0.04  0.00
  G62F091_G62F090_l1      1.00   0.00  0.00  0.00  1.00  0.00  0.00  0.00  0.98  0.00
  G62F092_G62F091_l1      1.00   0.00  0.00  0.00  0.03  0.00  0.00  0.97  0.01  0.00
  G62F093_G62F092_l1      1.00   0.00  0.00  0.00  0.03  0.00  0.00  0.97  0.01  0.00
  G62F094_G62F093_l1      1.00   0.00  0.00  0.00  0.98  0.02  0.00  0.00  0.12  0.00
  G62F095_G62F094_l1      1.00   0.00  0.00  0.00  0.05  0.00  0.00  0.95  0.04  0.00
  G62F095_G62F191_l1      1.00   0.00  0.00  0.00  0.98  0.00  0.00  0.02  0.96  0.00
  G62F110_G62F090_l1      1.00   0.00  0.00  0.00  1.00  0.00  0.00  0.00  0.97  0.00
  G62F111_G62F110_l1      1.00   0.00  0.00  0.00  1.00  0.00  0.00  0.00  0.97  0.00
  G62F112_G62F111_l1      1.00   0.00  0.00  0.00  0.03  0.00  0.00  0.97  0.00  0.00
  G62F113_G62F118_l1      1.00   0.00  0.00  0.00  0.99  0.01  0.00  0.00  0.96  0.00
  G62F114_G62F113_l1      1.00   0.00  0.00  0.00  1.00  0.00  0.00  0.00  0.00  0.00
  G62F115_G62F114_l1      1.00   0.00  0.00  0.00  1.00  0.00  0.00  0.00  0.95  0.00
  G62F116_G62F115_l1      1.00   0.00  0.00  0.00  1.00  0.00  0.00  0.00  0.98  0.00
  G62F117_G62F116_l1      1.00   0.00  0.00  0.00  0.02  0.00  0.00  0.98  0.01  0.00
  G62F117_G62F122_l1      1.00   0.00  0.97  0.00  0.03  0.00  0.00  0.00  0.02  0.00
  G62F118_G62F112_l1      1.00   0.00  0.00  0.00  1.00  0.00  0.00  0.00  0.02  0.00
  G62F120_G62F090_l1      1.00   0.00  0.00  0.00  0.54  0.46  0.00  0.00  0.98  0.00
  G62F121_G62F120_l1      1.00   0.00  0.00  0.00  0.04  0.96  0.00  0.00  0.95  0.00
  G62F122_G62F121_l1      1.00   0.00  0.00  0.00  1.00  0.00  0.00  0.00  0.98  0.00
  G62F130_G62F070_l1      1.00   0.00  0.00  0.00  1.00  0.00  0.00  0.00  0.97  0.00
  G62F140_G62F130_l1      1.00   0.00  0.00  0.00  0.03  0.00  0.00  0.97  0.00  0.00
  G62F160_G62F140_l1      1.00   0.00  0.00  0.00  0.02  0.00  0.00  0.98  0.00  0.00
  G62F170_G62F160_l1      1.00   0.00  0.00  0.00  0.98  0.00  0.00  0.02  0.95  0.00
  G62F180_G62F170_l1      1.00   0.00  0.00  0.00  0.99  0.01  0.00  0.00  0.96  0.00
  G62F190_G62F180_l1      1.00   0.00  0.00  0.00  0.92  0.08  0.00  0.00  0.00  0.00
  G62F191_G62F190_l1      1.00   0.00  0.00  0.00  0.02  0.00  0.00  0.98  0.00  0.00
  G62F192_G62F191_l1      1.00   0.00  0.00  0.00  0.02  0.00  0.00  0.98  0.00  0.00
  G62F193_G62F192_l1      1.00   0.00  0.00  0.00  0.02  0.03  0.00  0.95  0.03  0.00
  G62F194_G62F193_l1      1.00   0.00  0.00  0.00  1.00  0.00  0.00  0.00  0.98  0.00
  G62F195_G62F193_l1      1.00   0.00  0.00  0.00  0.02  0.98  0.00  0.00  0.97  0.00
  G62F196_G62F195_l1      1.00   0.00  0.00  0.00  1.00  0.00  0.00  0.00  0.98  0.00
  G62F197_G62F200_l1      1.00   0.00  0.00  0.00  1.00  0.00  0.00  0.00  0.97  0.00
  G62F198_G62F197_l1      1.00   0.00  0.02  0.00  0.98  0.00  0.00  0.00  0.97  0.00
  G62F199_G62F201_l1      1.00   0.02  0.00  0.00  0.98  0.00  0.00  0.00  0.95  0.00
  G62F200_G62F195_l1      1.00   0.00  0.00  0.00  0.11  0.89  0.00  0.00  0.00  0.00
  G62F201_G62F198_l1      1.00   0.02  0.00  0.00  0.00  0.00  0.00  0.98  0.00  0.00
  G62F401_G62F194_l1      1.00   0.00  0.00  0.00  0.04  0.96  0.00  0.00  0.99  0.00
  G62F402_G62F401_l1      1.00   0.00  0.00  0.00  0.90  0.10  0.00  0.00  0.99  0.00
  G62F403_G62F196_l1      1.00   0.00  0.00  0.00  0.03  0.97  0.00  0.00  0.97  0.00
  G63F010_G60F210_l1      1.00   0.00  0.00  0.00  1.00  0.00  0.00  0.00  0.00  0.00
  G63F020_G63F010_l1      1.00   0.00  0.00  0.00  1.00  0.00  0.00  0.00  0.04  0.00
  G63F030_G63F020_l1      1.00   0.00  0.00  0.00  1.00  0.00  0.00  0.00  0.02  0.00
  G63F040_G63F030_l1      1.00   0.00  0.00  0.00  1.00  0.00  0.00  0.00  0.00  0.00
  G63F060_G63F040_l1      1.00   0.00  0.00  0.00  1.00  0.00  0.00  0.00  0.05  0.00
  G63F070_G63F060_l1      1.00   0.00  0.00  0.00  1.00  0.00  0.00  0.00  0.01  0.00
  G63F080_G63F070_l1      1.00   0.00  0.00  0.00  1.00  0.00  0.00  0.00  0.04  0.00
  G63F090_G63F080_l1      1.00   0.00  0.00  0.00  1.00  0.00  0.00  0.00  0.00  0.00
  G63S021_G63F020_l1      1.00   0.02  0.00  0.00  0.00  0.00  0.00  0.98  0.00  0.00
  G63S022_G63S021_l1      1.00   0.02  0.00  0.00  0.02  0.97  0.00  0.00  0.09  0.00
  G63S023_G63S022_l1      1.00   0.02  0.00  0.00  0.05  0.93  0.00  0.00  0.13  0.00
  G64F010_G63F090_l1      1.00   0.00  0.00  0.00  1.00  0.00  0.00  0.00  0.03  0.00
  G64F020_G64F010_l1      1.00   0.00  0.00  0.00  1.00  0.00  0.00  0.00  0.00  0.00
  G64F030_G64F020_l1      1.00   0.00  0.00  0.00  1.00  0.00  0.00  0.00  0.04  0.00
  G64F040_G64F030_l1      1.00   0.00  0.00  0.00  1.00  0.00  0.00  0.00  0.00  0.00
  G64F060_G64F040_l1      1.00   0.00  0.00  0.00  1.00  0.00  0.00  0.00  0.04  0.00
  G64F070_G64F060_l1      1.00   0.00  0.00  0.00  1.00  0.00  0.00  0.00  0.02  0.00
  G64F080_G64F070_l1      1.00   0.00  0.00  0.00  1.00  0.00  0.00  0.00  0.00  0.00
  G65F010_G64F080_l1      1.00   0.00  0.00  0.00  1.00  0.00  0.00  0.00  0.05  0.00
  G65F020_G65F010_l1      1.00   0.00  0.00  0.00  1.00  0.00  0.00  0.00  0.00  0.00
  G65F030_G65F020_l1      1.00   0.00  0.00  0.00  1.00  0.00  0.00  0.00  0.03  0.00
  G65F040_G65F030_l1      1.00   0.00  0.00  0.00  1.00  0.00  0.00  0.00  0.00  0.00
  G65F060_G65F040_l1      1.00   0.00  0.00  0.00  1.00  0.00  0.00  0.00  0.02  0.00
  G65F070_G65F060_l1      1.00   0.00  0.00  0.00  1.00  0.00  0.00  0.00  0.03  0.00
  G65F080_G65F070_l1      1.00   0.00  0.00  0.00  1.00  0.00  0.00  0.00  0.00  0.00
  G65F090_G65F080_l1      1.00   0.00  0.00  0.00  1.00  0.00  0.00  0.00  0.03  0.00
  G65F110_G65F090_l1      1.00   0.00  0.00  0.00  1.00  0.00  0.00  0.00  0.00  0.00
  G65F120_G65F110_l1      1.00   0.00  0.00  0.00  1.00  0.00  0.00  0.00  0.03  0.00
  G65F130_G65F120_l1      1.00   0.00  0.00  0.00  1.00  0.00  0.00  0.00  0.00  0.00
  G70F010_G65F130_l1      1.00   0.00  0.00  0.00  1.00  0.00  0.00  0.00  0.02  0.00
  G70F020_G70F010_l1      1.00   0.00  0.00  0.00  1.00  0.00  0.00  0.00  0.03  0.00
  G70F030_G70F020_l1      1.00   0.00  0.00  0.00  1.00  0.00  0.00  0.00  0.00  0.00
  G70F040_G70F030_l1      1.00   0.00  0.00  0.00  1.00  0.00  0.00  0.00  0.03  0.00
  G70F050_G70F040_l1      1.00   0.00  0.00  0.00  1.00  0.00  0.00  0.00  0.04  0.00
  G70F060_G70F050_l1      1.00   0.00  0.00  0.00  1.00  0.00  0.00  0.00  0.00  0.00
  G70F070_G70F060_l1      1.00   0.00  0.00  0.00  1.00  0.00  0.00  0.00  0.03  0.00
  G70F100_G70F030_l1      1.00   0.02  0.00  0.00  0.96  0.00  0.00  0.03  0.00  0.00
  G70F105_G70F300_l1      1.00   0.00  0.00  0.00  0.96  0.04  0.00  0.00  0.05  0.00
  G70F120_G70F110_l1      1.00   0.00  0.00  0.00  0.95  0.00  0.00  0.05  0.01  0.00
  G70F121_G70F120_l1      1.00   0.00  0.00  0.00  1.00  0.00  0.00  0.00  0.05  0.00
  G70F122_G70F121_l1      1.00   0.00  0.00  0.00  1.00  0.00  0.00  0.00  0.03  0.00
  G70F123_G70F122_l1      1.00   0.00  0.00  0.00  1.00  0.00  0.00  0.00  0.77  0.00
  G70F124_G70F123_l1      1.00   0.00  0.00  0.00  0.31  0.69  0.00  0.00  0.97  0.00
  G70F125_G70F124_l1      1.00   0.00  0.00  0.00  0.93  0.07  0.00  0.00  0.99  0.00
  G70F130_G70F120_l1      1.00   0.00  0.00  0.00  0.95  0.00  0.00  0.05  0.94  0.00
  G70F140_G70F130_l1      1.00   0.00  0.00  0.00  0.02  0.98  0.00  0.00  0.95  0.00
  G70F141_G70F140_l1      1.00   0.00  0.00  0.00  0.03  0.97  0.00  0.00  0.96  0.00
  G70F142_G70F141_l1      1.00   0.00  0.00  0.00  0.75  0.25  0.00  0.00  0.90  0.00
  G70F143_G70F142_l1      1.00   0.00  0.00  0.00  0.01  0.99  0.00  0.00  0.00  0.00
  G70F160_G70F140_l1      1.00   0.00  0.00  0.00  0.85  0.15  0.00  0.00  1.00  0.00
  G70F161_G70F160_l1      1.00   0.00  0.00  0.00  0.00  1.00  0.00  0.00  0.07  0.00
  G70F162_G70F161_l1      1.00   0.00  0.00  0.00  0.00  1.00  0.00  0.00  1.00  0.00
  G70F163_G70F162_l1      1.00   0.00  0.00  0.00  0.00  1.00  0.00  0.00  0.15  0.00
  G70F164_G70F163_l1      1.00   0.00  0.00  0.00  0.01  0.99  0.00  0.00  0.02  0.00
  G70F165_G70F164_l1      1.00   0.00  0.00  0.00  0.89  0.11  0.00  0.00  1.00  0.00
  G70F166_G70F164_l1      1.00   0.00  0.47  0.00  0.53  0.00  0.00  0.00  0.59  0.00
  G70F170_G70F160_l1      1.00   0.00  0.00  0.00  0.91  0.09  0.00  0.00  1.00  0.00
  G70F180_G70F170_l1      1.00   0.00  0.00  0.00  0.00  1.00  0.00  0.00  0.91  0.00
  G70F190_G70F143_l1      1.00   0.00  0.00  0.00  0.81  0.19  0.00  0.00  0.99  0.00
  G70F190_G70F180_l1      1.00   0.00  0.00  0.00  0.00  1.00  0.00  0.00  0.00  0.00
  G70F210_G70F190_l1      1.00   0.00  0.00  0.00  0.00  1.00  0.00  0.00  0.00  0.00
  G70F211_G70F210_l1      1.00   0.00  0.00  0.00  1.00  0.00  0.00  0.00  0.99  0.00
  G70F212_G70F211_l1      1.00   0.00  0.00  0.00  1.00  0.00  0.00  0.00  0.22  0.00
  G70F220_G70F210_l1      1.00   0.00  0.00  0.00  0.08  0.92  0.00  0.00  1.00  0.00
  G70F230_G70F220_l1      1.00   0.00  0.00  0.00  0.00  1.00  0.00  0.00  0.98  0.00
  G70F231_G70F230_l1      1.00   0.00  0.00  0.00  0.00  1.00  0.00  0.00  0.00  0.00
  G70F232_G70F231_l1      1.00   0.00  0.00  0.00  0.00  1.00  0.00  0.00  0.99  0.00
  G70F233_G70F232_l1      1.00   0.00  0.00  0.00  0.88  0.12  0.00  0.00  0.36  0.00
  G70F234_G70F233_l1      1.00   0.00  0.00  0.00  0.84  0.16  0.00  0.00  0.95  0.00
  G70F235_G70F234_l1      1.00   0.00  0.00  0.00  1.00  0.00  0.00  0.00  0.99  0.00
  G70F236_G70F232_l1      1.00   0.00  0.00  0.00  0.99  0.01  0.00  0.00  0.99  0.00
  G70F237_G70F231_l1      1.00   0.00  1.00  0.00  0.00  0.00  0.00  0.00  0.00  0.00
  G70F300_G70F62Y_l1      1.00   0.00  0.00  0.00  1.00  0.00  0.00  0.00  0.03  0.00
  G70F301_G70F11P_l1      1.00   0.02  0.00  0.00  0.96  0.00  0.00  0.02  0.00  0.00
  G70F301_G70F11P_l2      1.00   0.02  0.00  0.00  0.96  0.00  0.00  0.02  0.00  0.00
  G70F320_G70F300_l1      1.00   0.00  0.00  0.00  0.98  0.02  0.00  0.00  0.05  0.00
  G70F330_G70F320_l1      1.00   0.00  0.00  0.00  0.94  0.06  0.00  0.00  0.98  0.00
  G70F331_G70F330_l1      1.00   0.00  0.00  0.00  0.99  0.01  0.00  0.00  0.99  0.00
  G70F332_G70F331_l1      1.00   0.00  0.00  0.00  0.94  0.06  0.00  0.00  0.95  0.00
  G70F333_G70F332_l1      1.00   0.00  0.00  0.00  0.35  0.65  0.00  0.00  1.00  0.00
  G70F334_G70F333_l1      1.00   0.00  0.00  0.00  0.20  0.80  0.00  0.00  0.93  0.00
  G70F335_G70F334_l1      1.00   0.00  0.20  0.00  0.74  0.06  0.00  0.00  0.83  0.00
  G70F340_G70F330_l1      1.00   0.00  0.00  0.00  0.02  0.98  0.00  0.00  0.06  0.00
  G70F341_G70F340_l1      1.00   0.00  0.00  0.00  1.00  0.00  0.00  0.00  1.00  0.00
  G70F370_G70F360_l1      1.00   0.00  0.00  0.00  1.00  0.00  0.00  0.00  0.92  0.00
  G70F371_G70F370_l1      1.00   0.00  0.00  0.00  0.98  0.02  0.00  0.00  0.98  0.00
  G70F372_G70F371_l1      1.00   0.00  0.00  0.00  0.62  0.38  0.00  0.00  0.10  0.00
  G70F373_G70F378_l1      1.00   0.00  0.00  0.00  0.02  0.98  0.00  0.00  0.02  0.00
  G70F374_G70F373_l1      1.00   0.00  0.00  0.00  1.00  0.00  0.00  0.00  1.00  0.00
  G70F376_G70F373_l1      1.00   0.00  0.00  0.00  0.09  0.91  0.00  0.00  0.60  0.00
  G70F377_G70F376_l1      1.00   0.00  0.00  0.00  0.90  0.10  0.00  0.00  0.91  0.00
  G70F378_G70F372_l1      1.00   0.00  0.00  0.00  0.02  0.98  0.00  0.00  0.98  0.00
  G70F379_G70F375_l1      1.00   0.00  0.00  0.00  0.71  0.29  0.00  0.00  0.88  0.00
  G70F62Y_G70F301_l1      1.00   0.00  0.00  0.00  0.98  0.00  0.00  0.02  0.00  0.00
  G70F62Y_G70O001_l1      1.00   0.04  0.01  0.00  0.95  0.00  0.00  0.00  0.00  0.00
  G70K340_G70F340_l1      1.00   0.00  0.00  0.00  0.95  0.05  0.00  0.00  0.01  0.00
  G70R213_G70F212_l1      1.00   1.00  0.00  0.00  0.00  0.00  0.00  0.00  0.00  0.00
  G70R214_G70R213_l1      1.00   1.00  0.00  0.00  0.00  0.00  0.00  0.00  0.00  0.00
  G70S010_G70F010_l1      1.00   0.00  0.00  0.00  1.00  0.00  0.00  0.00  0.04  0.00
  G70S020_G70S010_l1      1.00   0.00  0.00  0.00  1.00  0.00  0.00  0.00  0.00  0.00
  G70S030_G70S020_l1      1.00   0.00  0.00  0.00  1.00  0.00  0.00  0.00  0.04  0.00
  G70S040_G70S030_l1      1.00   0.00  0.00  0.00  1.00  0.00  0.00  0.00  0.04  0.00
  G70S050_G70S060_l1      1.00   0.00  0.00  0.00  0.96  0.04  0.00  0.00  0.00  0.00
  G70S060_G70S040_l1      1.00   0.00  0.00  0.00  0.96  0.04  0.00  0.00  0.04  0.00
  G70S070_G70S050_l1      1.00   0.00  0.00  0.00  0.98  0.02  0.00  0.00  0.00  0.00
  G70S080_G70S070_l1      1.00   0.00  0.00  0.00  1.00  0.00  0.00  0.00  0.03  0.00
  G70S200_G70S080_l1      1.00   0.00  0.00  0.00  1.00  0.00  0.00  0.00  0.04  0.00
  G70S210_G70S200_l1      1.00   0.00  0.00  0.00  1.00  0.00  0.00  0.00  0.00  0.00
  G70S213_G70F212_l1      1.00   0.00  0.97  0.00  0.03  0.00  0.00  0.00  0.03  0.00
  G70S214_G70S213_l1      1.00   0.97  0.03  0.00  0.00  0.00  0.00  0.00  0.00  0.00
  G70S250_G70S210_l1      1.00   0.00  0.00  0.00  1.00  0.00  0.00  0.00  0.03  0.00
  G71F010_G70F070_l1      1.00   0.00  0.00  0.00  1.00  0.00  0.00  0.00  0.00  0.00
  G71F020_G71F010_l1      1.00   0.00  0.00  0.00  1.00  0.00  0.00  0.00  0.03  0.00
  G71F030_G71F020_l1      1.00   0.00  0.00  0.00  1.00  0.00  0.00  0.00  0.03  0.00
  G71F040_G71F030_l1      1.00   0.00  0.00  0.00  1.00  0.00  0.00  0.00  0.00  0.00
  G71F041_G71F12P_l1      1.00   0.00  0.00  0.00  1.00  0.00  0.00  0.00  0.81  0.00
  G71F043_G71F041_l1      1.00   0.02  0.00  0.00  0.18  0.00  0.00  0.80  0.00  0.00
  G71F044_G71F043_l1      1.00   0.02  0.00  0.00  0.98  0.00  0.00  0.00  0.00  0.00
  G71F045_G71F044_l1      1.00   0.02  0.00  0.00  0.98  0.00  0.00  0.00  0.81  0.00
  G71F046_G71F045_l1      1.00   0.02  0.00  0.00  0.17  0.00  0.00  0.81  0.01  0.00
  G71F047_G71F046_l1      1.00   0.02  0.00  0.00  0.16  0.00  0.00  0.83  0.02  0.00
  G71F048_G71F047_l1      1.00   0.02  0.00  0.00  0.98  0.00  0.00  0.00  0.88  0.00
  G71F04R_G71F04R_201189929_l1    1.00   0.02  0.00  0.00  0.98  0.00  0.00  0.00  0.02  0.00
  G71F052_G71F051_l1      1.00   0.00  0.00  0.00  0.87  0.13  0.00  0.00  0.89  0.00
  G71F053_G71F052_l1      1.00   0.00  0.00  0.00  0.04  0.96  0.00  0.00  0.00  0.00
  G71F054_G71F053_l1      1.00   0.00  0.00  0.00  0.94  0.06  0.00  0.00  0.92  0.00
  G71F056_G71F054_l1      1.00   0.00  0.00  0.00  0.24  0.76  0.00  0.00  0.16  0.00
  G71F058_G71F057_l1      1.00   0.00  0.00  0.00  0.09  0.91  0.00  0.00  0.99  0.00
  G71F05R_G71F04R_l1      1.00   0.02  0.00  0.00  0.98  0.00  0.00  0.00  0.01  0.00
  G71F060_G71F040_l1      1.00   0.00  0.00  0.00  1.00  0.00  0.00  0.00  0.00  0.00
  G71F06R_G71F060_l1      1.00   0.00  0.00  0.00  1.00  0.00  0.00  0.00  0.02  0.00
  G71F06R_G71K060_l1      1.00   0.04  0.00  0.00  0.95  0.00  0.00  0.00  0.95  0.00
  G71F070_G71F06R_l1      1.00   0.00  0.00  0.00  1.00  0.00  0.00  0.00  0.01  0.00
  G71F090_G71F265_l1      1.00   0.00  0.00  0.00  1.00  0.00  0.00  0.00  0.01  0.00
  G71F100_G71F04R_l1      1.00   0.00  0.00  0.00  1.00  0.00  0.00  0.00  0.28  0.00
  G71F110_G71F100_l1      1.00   0.00  0.00  0.00  1.00  0.00  0.00  0.00  0.02  0.00
  G71F120_G71F110_l1      1.00   0.00  0.00  0.00  1.00  0.00  0.00  0.00  0.03  0.00
  G71F121_G71F129_l1      1.00   0.00  0.00  0.00  1.00  0.00  0.00  0.00  1.00  0.00
  G71F122_G71F121_l1      1.00   0.00  0.00  0.00  0.02  0.98  0.00  0.00  0.00  0.00
  G71F123_G71F122_l1      1.00   0.00  0.00  0.00  0.00  1.00  0.00  0.00  1.00  0.00
  G71F124_G71F123_l1      1.00   0.00  0.00  0.00  0.01  0.99  0.00  0.00  0.99  0.00
  G71F125_G71F124_l1      1.00   0.00  0.00  0.00  0.00  1.00  0.00  0.00  0.04  0.00
  G71F126_G71F125_l1      1.00   0.00  0.00  0.00  0.02  0.98  0.00  0.00  0.18  0.00
  G71F127_G71F123_l1      1.00   0.00  0.00  0.00  0.99  0.01  0.00  0.00  1.00  0.00
  G71F128_G71F121_l1      1.00   0.00  0.38  0.00  0.62  0.00  0.00  0.00  0.70  0.00
  G71F130_G71F120_l1      1.00   0.00  0.00  0.00  1.00  0.00  0.00  0.00  0.02  0.00
  G71F140_G71F130_l1      1.00   0.00  0.00  0.00  1.00  0.00  0.00  0.00  0.00  0.00
  G71F141_G71F140_l1      1.00   0.00  0.00  0.00  1.00  0.00  0.00  0.00  0.01  0.00
  G71F142_G71F141_l1      1.00   0.00  0.00  0.00  0.98  0.00  0.00  0.02  0.02  0.00
  G71F143_G71F142_l1      1.00   0.00  0.01  0.00  0.99  0.00  0.00  0.00  0.54  0.00
  G71F144_G71F143_l1      1.00   0.00  0.00  0.00  1.00  0.00  0.00  0.00  0.87  0.00
  G71F145_G71F144_l1      1.00   0.00  0.00  0.00  0.17  0.00  0.00  0.83  0.11  0.00
  G71F146_G71F145_l1      1.00   0.00  0.00  0.00  1.00  0.00  0.00  0.00  0.99  0.00
  G71F147_G71F142_l1      1.00   0.00  0.00  0.00  0.69  0.00  0.00  0.31  0.21  0.00
  G71F148_G71F147_l1      1.00   0.00  0.00  0.00  1.00  0.00  0.00  0.00  0.91  0.00
  G71F160_G71F140_l1      1.00   0.00  0.00  0.00  0.99  0.00  0.00  0.01  0.01  0.00
  G71F170_G71F160_l1      1.00   0.00  0.00  0.00  1.00  0.00  0.00  0.00  0.37  0.00
  G71F171_G71F170_l1      1.00   0.00  0.00  0.00  1.00  0.00  0.00  0.00  0.00  0.00
  G71F172_G71F171_l1      1.00   0.00  0.00  0.00  1.00  0.00  0.00  0.00  0.02  0.00
  G71F173_G71F172_l1      1.00   0.00  0.00  0.00  0.98  0.00  0.00  0.02  0.02  0.00
  G71F174_G71F173_l1      1.00   0.00  0.00  0.00  1.00  0.00  0.00  0.00  0.94  0.00
  G71F175_G71F174_l1      1.00   0.00  0.00  0.00  1.00  0.00  0.00  0.00  0.99  0.00
  G71F176_G71F174_l1      1.00   0.00  0.00  0.00  1.00  0.00  0.00  0.00  0.99  0.00
  G71F177_G71F172_l1      1.00   0.00  0.00  0.00  0.98  0.00  0.00  0.02  0.97  0.00
  G71F180_G71F170_l1      1.00   0.00  0.00  0.00  1.00  0.00  0.00  0.00  0.00  0.00
  G71F190_G71F180_l1      1.00   0.00  0.00  0.00  1.00  0.00  0.00  0.00  0.75  0.00
  G71F200_G71F190_l1      1.00   0.00  0.00  0.00  1.00  0.00  0.00  0.00  0.01  0.00
  G71F265_G71F070_l2      1.00   0.00  0.00  0.00  1.00  0.00  0.00  0.00  0.01  0.00
  G71F280_G71F06R_l1      1.00   0.00  0.00  0.00  1.00  0.00  0.00  0.00  0.11  0.00
  G71F290_G71F280_l1      1.00   0.00  0.00  0.00  0.96  0.04  0.00  0.00  0.00  0.00
  G71F300_G71F290_l1      1.00   0.00  0.00  0.00  0.99  0.01  0.00  0.00  0.99  0.00
  G71F301_G71F300_l1      1.00   0.00  0.00  0.00  0.12  0.88  0.00  0.00  1.00  0.00
  G71F302_G71F301_l1      1.00   0.00  0.00  0.00  0.00  1.00  0.00  0.00  0.99  0.00
  G71F303_G71F302_l1      1.00   0.00  0.00  0.00  1.00  0.00  0.00  0.00  1.00  0.00
  G71F304_G71F300_l1      1.00   0.00  0.00  0.00  1.00  0.00  0.00  0.00  0.99  0.00
  G71F305_G71F302_l1      1.00   0.00  0.00  0.00  0.91  0.09  0.00  0.00  0.96  0.00
  G71F306_G71F305_l1      1.00   0.00  0.00  0.00  1.00  0.00  0.00  0.00  1.00  0.00
  G71F310_G71F300_l1      1.00   0.00  0.00  0.00  1.00  0.00  0.00  0.00  1.00  0.00
  G71F311_G71F310_l1      1.00   0.00  0.00  0.00  1.00  0.00  0.00  0.00  0.96  0.00
  G71F312_G71F311_l1      1.00   0.00  0.00  0.00  1.00  0.00  0.00  0.00  0.99  0.00
  G71F313_G71F312_l1      1.00   0.00  0.00  0.00  1.00  0.00  0.00  0.00  0.99  0.00
  G71F314_G71F313_l1      1.00   0.00  0.00  0.00  1.00  0.00  0.00  0.00  0.99  0.00
  G71F315_G71F312_l1      1.00   0.00  0.00  0.00  0.97  0.03  0.00  0.00  1.00  0.00
  G71F320_201189934_G71F320_200964321_l1    1.00   0.02  0.00  0.00  0.95  0.00  0.00  0.03  0.00  0.00
  G71F350_G71F120_l1      1.00   0.00  0.00  0.00  1.00  0.00  0.00  0.00  1.00  0.00
  G71F360_G71F350_l1      1.00   0.00  0.00  0.00  0.00  1.00  0.00  0.00  0.00  0.00
  G71F370_G71F360_l1      1.00   0.00  0.00  0.00  0.55  0.45  0.00  0.00  0.81  0.00
  G71F380_G71F370_l1      1.00   0.00  0.00  0.00  0.00  1.00  0.00  0.00  0.99  0.00
  G71F390_G71F380_l1      1.00   0.00  0.00  0.00  0.00  1.00  0.00  0.00  0.98  0.00
  G71F391_G71F390_l1      1.00   0.00  0.00  0.00  0.97  0.03  0.00  0.00  1.00  0.00
  G71F392_G71F391_l1      1.00   0.00  0.00  0.00  0.97  0.03  0.00  0.00  0.18  0.00
  G71F393_G71F390_l1      1.00   0.00  0.00  0.00  0.80  0.20  0.00  0.00  1.00  0.00
  G71F394_G71F393_l1      1.00   0.00  0.00  0.00  0.98  0.02  0.00  0.00  1.00  0.00
  G71O020_G71O010_l1      1.00   0.02  0.00  0.00  0.98  0.00  0.00  0.00  0.00  0.00
  G71R050_G71U10F_l1      1.00   0.02  0.00  0.00  0.98  0.00  0.00  0.00  0.00  0.00
  G71R062_G71R050_l1      1.00   0.02  0.00  0.00  0.97  0.01  0.00  0.00  0.22  0.00
  G71R070_G71R060_l1      1.00   0.02  0.00  0.00  0.72  0.26  0.00  0.00  0.76  0.00
  G71R080_G71R070_l1      1.00   0.02  0.00  0.00  0.00  0.98  0.00  0.00  0.07  0.00
  G71R090_G71R080_l1      1.00   0.02  0.00  0.00  0.98  0.00  0.00  0.00  0.00  0.00
  G71R110_G71R090_l1      1.00   0.02  0.00  0.00  0.98  0.00  0.00  0.00  0.42  0.00
  G71R130_G71R110_l1      1.00   0.02  0.00  0.00  0.98  0.00  0.00  0.00  0.70  0.00
  G71R131_G71R130_l1      1.00   0.02  0.00  0.00  0.98  0.00  0.00  0.00  0.76  0.00
  G71R132_G71R131_l1      1.00   0.02  0.00  0.00  0.77  0.22  0.00  0.00  0.51  0.00
  G71R133_G71R132_l1      1.00   0.02  0.00  0.00  0.98  0.00  0.00  0.00  0.00  0.00
  G71R134_G71R133_l1      1.00   0.02  0.98  0.00  0.00  0.00  0.00  0.00  0.00  0.00
  G72F010_G71F200_l1      1.00   0.00  0.00  0.00  1.00  0.00  0.00  0.00  0.00  0.00
  G72F011_G72K010_l1      1.00   0.00  0.00  0.00  0.00  0.00  0.00  1.00  0.00  0.00
  G72F012_G72F011_l1      1.00   0.00  0.00  0.00  1.00  0.00  0.00  0.00  0.00  0.00
  G72F013_G72F012_l1      1.00   0.00  0.00  0.00  1.00  0.00  0.00  0.00  1.00  0.00
  G72F014_G72F013_l1      1.00   0.00  0.00  0.00  0.99  0.01  0.00  0.00  0.98  0.00
  G72F015_G72F014_l1      1.00   0.00  0.00  0.00  0.99  0.01  0.00  0.00  0.99  0.00
  G72F030_G72F020_l1      1.00   0.00  0.00  0.00  1.00  0.00  0.00  0.00  0.99  0.00
  G72F040_G72F030_l1      1.00   0.00  0.00  0.00  0.02  0.98  0.00  0.00  0.13  0.00
  G72F050_G72F040_l1      1.00   0.00  0.00  0.00  0.02  0.98  0.00  0.00  0.02  0.00
  G72F060_G72K050_l1      1.00   0.00  0.00  0.00  0.03  0.97  0.00  0.00  0.59  0.00
  G72F061_G72K060_l1      1.00   0.00  0.00  0.00  0.00  0.01  0.00  0.99  0.01  0.00
  G72F062_G72F061_l1      1.00   0.00  0.00  0.00  0.00  1.00  0.00  0.00  0.00  0.00
  G72F063_G72F062_l1      1.00   0.00  0.00  0.00  0.02  0.98  0.00  0.00  0.99  0.00
  G72F065_G72F064_l1      1.00   0.00  0.00  0.00  0.03  0.97  0.00  0.00  0.91  0.00
  G72F066_G72F065_l1      1.00   0.00  0.00  0.00  0.03  0.97  0.00  0.00  0.09  0.00
  G72F067_G72F066_l1      1.00   0.00  0.00  0.00  0.02  0.98  0.00  0.00  0.99  0.00
  G72F068_G72F067_l1      1.00   0.00  0.00  0.00  0.90  0.10  0.00  0.00  0.87  0.00
  G72F069_G72F068_l1      1.00   0.00  0.00  0.00  0.33  0.67  0.00  0.00  0.84  0.00
  G72F070_G72K060_l1      1.00   0.00  0.00  0.00  0.43  0.57  0.00  0.00  0.02  0.00
  G72F071_G72F069_l1      1.00   0.00  0.02  0.00  0.98  0.00  0.00  0.00  0.85  0.00
  G72F080_G72F070_l1      1.00   0.00  0.00  0.00  0.98  0.02  0.00  0.00  0.00  0.00
  G72F081_G72F080_l1      1.00   0.00  0.00  0.00  0.00  0.00  0.00  1.00  0.00  0.00
  G72F082_G72F081_l1      1.00   0.00  0.00  0.00  0.22  0.78  0.00  0.00  0.57  0.00
  G72F083_G72F082_l1      1.00   0.00  0.00  0.00  0.31  0.69  0.00  0.00  0.99  0.00
  G72F084_G72F083_l1      1.00   0.00  0.00  0.00  0.99  0.01  0.00  0.00  1.00  0.00
  G72F085_G72F084_l1      1.00   0.02  0.00  0.00  0.00  0.00  0.00  0.98  0.00  0.00
  G72F086_G72F085_l1      1.00   0.02  0.00  0.00  0.92  0.06  0.00  0.00  0.61  0.00
  G72F090_G72F080_l1      1.00   0.00  0.00  0.00  0.00  0.00  0.00  1.00  0.00  0.00
  G72F091_G72F095_l1      1.00   0.00  0.00  0.00  1.00  0.00  0.00  0.00  1.00  0.00
  G72F092_G72F091_l1      1.00   0.00  0.00  0.00  0.00  0.89  0.00  0.11  0.12  0.00
  G72F093_G72F092_l1      1.00   0.00  0.02  0.00  0.78  0.20  0.00  0.00  0.97  0.00
  G72F095_G72F090_l1      1.00   0.00  0.00  0.00  0.02  0.98  0.00  0.00  0.98  0.00
  G72F100_G72F095_l1      1.00   0.00  0.00  0.00  0.02  0.98  0.00  0.00  0.91  0.00
  G72F101_G72K100_l1      1.00   0.00  0.02  0.00  0.98  0.00  0.00  0.00  0.98  0.00
  G72F110_G72K100_l1      1.00   0.00  0.00  0.00  0.02  0.98  0.00  0.00  0.07  0.00
  G72F111_1102710_l1      1.00   0.00  0.02  0.00  0.98  0.00  0.00  0.00  0.92  0.00
  G72F120_G72F110_l1      1.00   0.00  0.00  0.00  0.02  0.98  0.00  0.00  0.91  0.00
  G72F250_G72F010_l1      1.00   0.00  0.00  0.00  0.96  0.04  0.00  0.00  0.98  0.00
  G72F252_G72F252_200957745_l1    1.00   0.00  0.00  0.00  0.05  0.95  0.00  0.00  0.07  0.00
  G72F253_G72F253_200957505_l1    1.00   0.00  0.00  0.00  0.09  0.91  0.00  0.00  1.00  0.00
  G72F257_G72K257_l1      1.00   0.00  0.02  0.00  0.98  0.00  0.00  0.00  0.98  0.00
  G72F260_G72F250_l1      1.00   0.00  0.00  0.00  0.02  0.98  0.00  0.00  0.01  0.00
  G72F270_G72F260_l1      1.00   0.00  0.00  0.00  1.00  0.00  0.00  0.00  0.02  0.00
  G72F280_G72F270_l1      1.00   0.00  0.00  0.00  1.00  0.00  0.00  0.00  0.97  0.00
  G72F281_G72F280_l1      1.00   0.00  0.00  0.00  0.99  0.00  0.00  0.01  0.93  0.00
  G72F290_G72F281_l1      1.00   0.00  0.00  0.00  1.00  0.00  0.00  0.00  0.92  0.00
  G72F300_G72F290_l1      1.00   0.00  0.00  0.00  1.00  0.00  0.00  0.00  1.00  0.00
  G72F310_1041250_l1      1.00   0.00  0.00  0.00  0.99  0.01  0.00  0.00  0.95  0.00
  G72F311_G72F310_l1      1.00   0.00  0.00  0.00  0.00  0.00  0.00  1.00  0.00  0.00
  G72F312_G72K312_l1      1.00   0.00  0.00  0.00  1.00  0.00  0.00  0.00  0.99  0.00
  G72F313_G72F312_l1      1.00   0.00  0.00  0.00  0.01  0.00  0.00  0.99  0.01  0.00
  G72F314_1205320_l1      1.00   0.00  0.00  0.00  0.01  0.99  0.00  0.00  0.99  0.00
  G72F315_G72F314_l1      1.00   0.00  0.00  0.00  0.59  0.41  0.00  0.00  0.85  0.00
  G72F316_G72F315_l1      1.00   0.00  0.00  0.00  0.01  0.99  0.00  0.00  0.98  0.00
  G72F317_G72F316_l1      1.00   0.00  0.00  0.00  0.02  0.98  0.00  0.00  0.17  0.00
  G72F320_G72F310_l1      1.00   0.00  0.00  0.00  1.00  0.00  0.00  0.00  0.97  0.00
  G72F330_G72F320_l1      1.00   0.00  0.00  0.00  0.03  0.97  0.00  0.00  0.99  0.00
  G72F331_G72K330_l1      1.00   0.00  0.00  0.00  0.24  0.76  0.00  0.00  1.00  0.00
  G72F332_G72F331_l1      1.00   0.00  0.00  0.00  0.00  1.00  0.00  0.00  0.99  0.00
  G72F333_G72F332_l1      1.00   0.00  0.00  0.00  0.00  1.00  0.00  0.00  1.00  0.00
  G72F334_G72F333_l1      1.00   0.00  0.00  0.00  0.00  0.00  0.00  1.00  0.00  0.00
  G72F335_G72F334_l1      1.00   0.00  0.00  0.00  0.01  0.00  0.00  0.99  0.00  0.00
  G72F336_G72F335_l1      1.00   0.00  0.00  0.00  0.03  0.97  0.00  0.00  1.00  0.00
  G72F337_G72F337_201320760_l1    1.00   0.02  0.00  0.00  0.09  0.23  0.00  0.66  0.31  0.00
  G72F350_G72F340_l1      1.00   0.00  0.00  0.00  0.00  0.00  0.00  1.00  0.00  0.00
  G72F360_G72F350_l1      1.00   0.00  0.00  0.00  0.03  0.96  0.00  0.00  0.79  0.00
  G72F370_G72F360_l1      1.00   0.00  0.00  0.00  0.04  0.96  0.00  0.00  0.95  0.00
  G72F380_G72F370_l1      1.00   0.00  0.00  0.00  0.03  0.97  0.00  0.00  0.10  0.00
  G72F390_G72F380_l1      1.00   0.00  0.00  0.00  0.04  0.96  0.00  0.00  0.07  0.00
  G72F410_G72F390_l1      1.00   0.00  0.00  0.00  0.04  0.96  0.00  0.00  0.98  0.00
  G72F420_G72F410_l1      1.00   0.00  0.00  0.00  0.61  0.39  0.00  0.00  0.91  0.00
  G72F430_G72F420_l1      1.00   0.00  0.00  0.00  0.03  0.96  0.00  0.00  0.96  0.00
  G72F440_G72F430_l1      1.00   0.00  0.00  0.00  0.00  1.00  0.00  0.00  0.99  0.00
  G72F460_G72F440_l1      1.00   0.00  0.00  0.00  0.94  0.06  0.00  0.00  0.00  0.00
  G72F470_G72F460_l1      1.00   0.00  0.00  0.00  1.00  0.00  0.00  0.00  0.92  0.00
  G72F480_G72F470_l1      1.00   0.00  0.00  0.00  0.08  0.92  0.00  0.00  0.87  0.00
  G72F490_G72F480_l1      1.00   0.00  0.00  0.00  0.95  0.05  0.00  0.00  0.15  0.00
  G72F491_G72F490_l1      1.00   0.00  0.00  0.00  1.00  0.00  0.00  0.00  0.89  0.00
  G72F492_G72F491_l1      1.00   0.00  0.00  0.00  1.00  0.00  0.00  0.00  0.01  0.00
  G72F493_G72F492_l1      1.00   0.00  0.00  0.00  1.00  0.00  0.00  0.00  0.81  0.00
  G72F494_G72F493_l1      1.00   0.00  0.02  0.00  0.98  0.00  0.00  0.00  0.87  0.00
  G72F550_G72F010_l1      1.00   0.00  0.00  0.00  1.00  0.00  0.00  0.00  0.99  0.00
  G72F561_G72K560_l1      1.00   0.00  0.00  0.00  0.02  0.00  0.00  0.98  0.00  0.00
  G72F562_G72K563_l1      1.00   0.02  0.00  0.00  0.96  0.03  0.00  0.00  0.60  0.00
  G72F570_G72K560_l1      1.00   0.00  0.00  0.00  0.32  0.68  0.00  0.00  0.98  0.00
  G72F580_G72F570_l1      1.00   0.00  0.00  0.00  0.00  1.00  0.00  0.00  1.00  0.00
  G72F581_G72F580_l1      1.00   0.00  0.00  0.00  0.12  0.88  0.00  0.00  0.95  0.00
  G72F582_G72F581_l1      1.00   0.00  0.00  0.00  0.00  1.00  0.00  0.00  0.00  0.00
  G72F583_G72F582_l1      1.00   0.00  0.00  0.00  1.00  0.00  0.00  0.00  0.99  0.00
  G72F584_G72F582_l1      1.00   0.00  0.00  0.00  0.28  0.72  0.00  0.00  0.99  0.00
  G72F585_G72F584_l1      1.00   0.00  0.00  0.00  0.85  0.15  0.00  0.00  0.61  0.00
  G72F586_G72F585_l1      1.00   0.00  0.00  0.00  0.02  0.98  0.00  0.00  1.00  0.00
  G72F587_G72F586_l1      1.00   0.00  0.00  0.00  0.00  1.00  0.00  0.00  1.00  0.00
  G72F588_G72F587_l1      1.00   0.00  0.00  0.00  0.62  0.38  0.00  0.00  0.62  0.00
  G72F590_G72F580_l1      1.00   0.00  0.00  0.00  0.00  1.00  0.00  0.00  1.00  0.00
  G72F610_G72F590_l1      1.00   0.00  0.00  0.00  0.00  1.00  0.00  0.00  0.00  0.00
  G72F620_G72F610_l1      1.00   0.00  0.00  0.00  0.00  1.00  0.00  0.00  0.00  0.00
  G72F630_G72F620_l1      1.00   0.00  0.00  0.00  0.00  1.00  0.00  0.00  0.99  0.00
  G72F631_G72F630_l1      1.00   0.00  0.00  0.00  0.00  1.00  0.00  0.00  0.99  0.00
  G72F632_G72F631_l1      1.00   0.00  0.00  0.00  1.00  0.00  0.00  0.00  1.00  0.00
  G72F633_G72F631_l1      1.00   0.00  0.00  0.00  0.00  1.00  0.00  0.00  0.39  0.00
  G72F636_G72F635_l1      1.00   0.00  0.17  0.00  0.66  0.17  0.00  0.00  0.91  0.00
  G72F637_G72K634_l1      1.00   0.00  0.41  0.00  0.57  0.03  0.00  0.00  0.66  0.00
  G72F640_G72F090_l1      1.00   0.00  0.00  0.00  1.00  0.00  0.00  0.00  1.00  0.00
  G72F642_G72F641_l1      1.00   0.00  0.00  0.00  0.07  0.93  0.00  0.00  0.00  0.00
  G72F644_G72F643_l1      1.00   0.00  0.00  0.00  1.00  0.00  0.00  0.00  0.94  0.00
  G72F645_G72F644_l1      1.00   0.00  0.46  0.00  0.54  0.00  0.00  0.00  0.49  0.00
  G72F646_G72F645_l1      1.00   0.02  0.00  0.00  0.98  0.00  0.00  0.00  0.24  0.00
  G72F647_G72F646_l1      1.00   0.02  0.00  0.00  0.96  0.02  0.00  0.00  0.24  0.00
  G72F648_G72F646_l1      1.00   0.02  0.00  0.00  0.98  0.00  0.00  0.00  0.22  0.00
  G72F660_G72F650_l1      1.00   0.00  0.00  0.00  0.06  0.01  0.00  0.94  0.05  0.00
  G72F661_G72F660_l1      1.00   0.00  0.00  0.00  0.00  0.00  0.00  0.99  0.01  0.00
  G72F662_G72F661_l1      1.00   0.00  0.00  0.00  0.70  0.30  0.00  0.00  0.00  0.00
  G72F663_G72F662_l1      1.00   0.00  0.00  0.00  1.00  0.00  0.00  0.00  1.00  0.00
  G72F664_G72F663_l1      1.00   0.00  0.00  0.00  0.81  0.19  0.00  0.00  0.53  0.00
  G72F665_G72F660_l1      1.00   0.00  0.00  0.00  0.01  0.00  0.00  0.99  0.01  0.00
  G72F670_G72F665_l1      1.00   0.00  0.00  0.00  0.02  0.98  0.00  0.00  0.97  0.00
  G72F671_G72F670_l1      1.00   0.00  0.00  0.00  0.01  0.00  0.00  0.99  0.00  0.00
  G72F672_G72F671_l1      1.00   0.00  0.00  0.00  0.99  0.01  0.00  0.00  0.99  0.00
  G72F673_G72F672_l1      1.00   0.00  0.00  0.00  0.90  0.10  0.00  0.00  1.00  0.00
  G72F674_G72F673_l1      1.00   0.00  0.00  0.00  0.13  0.87  0.00  0.00  1.00  0.00
  G72F675_G72F670_l1      1.00   0.00  0.00  0.00  0.01  0.00  0.00  0.99  0.00  0.00
  G72F676_G72F675_l1      1.00   0.00  0.00  0.00  0.86  0.14  0.00  0.00  0.98  0.00
  G72F677_G72F676_l1      1.00   0.00  0.00  0.00  0.99  0.01  0.00  0.00  0.99  0.00
  G72F678_G72F676_l1      1.00   0.00  0.00  0.00  0.98  0.02  0.00  0.00  1.00  0.00
  G72F710_G72F700_l1      1.00   0.00  0.00  0.00  1.00  0.00  0.00  0.00  1.00  0.00
  G72F720_G72F710_l1      1.00   0.00  0.00  0.00  0.02  0.98  0.00  0.00  0.00  0.00
  G72F730_G72F720_l1      1.00   0.00  0.00  0.00  0.95  0.05  0.00  0.00  0.98  0.00
  G72F740_G72F730_l1      1.00   0.00  0.00  0.00  0.00  1.00  0.00  0.00  0.99  0.00
  G72F760_G72F740_l1      1.00   0.00  0.00  0.00  0.00  1.00  0.00  0.00  0.99  0.00
  G72F766_G72F760_l1      1.00   0.00  0.00  0.00  1.00  0.00  0.00  0.00  1.00  0.00
  G72F767_G72F760_l1      1.00   0.00  0.00  0.00  0.99  0.01  0.00  0.00  1.00  0.00
  G72F768_G72F767_l1      1.00   0.00  0.00  0.00  0.11  0.89  0.00  0.00  1.00  0.00
  G72F770_G72F760_l1      1.00   0.00  0.00  0.00  0.00  1.00  0.00  0.00  0.98  0.00
  G72F771_G72F770_l1      1.00   0.00  0.00  0.00  0.02  0.98  0.00  0.00  0.34  0.00
  G72F772_G72F771_l1      1.00   0.00  0.00  0.00  1.00  0.00  0.00  0.00  1.00  0.00
  G72F773_G72F772_l1      1.00   0.00  0.00  0.00  0.88  0.12  0.00  0.00  0.92  0.00
  G72F774_G72F771_l1      1.00   0.00  0.02  0.00  0.90  0.08  0.00  0.00  0.97  0.00
  G72F800_G72F050_l1      1.00   0.00  0.00  0.00  0.01  0.01  0.00  0.99  0.01  0.00
  G72F810_G72F800_l1      1.00   0.00  0.00  0.00  0.00  1.00  0.00  0.00  0.09  0.00
  G72F811_G72F810_l1      1.00   0.00  0.00  0.00  0.90  0.10  0.00  0.00  1.00  0.00
  G72F812_G72F811_l1      1.00   0.00  0.00  0.00  0.00  1.00  0.00  0.00  0.06  0.00
  G72F813_G72F812_l1      1.00   0.00  0.00  0.00  0.99  0.01  0.00  0.00  1.00  0.00
  G72F814_G72F812_l1      1.00   0.00  0.00  0.00  0.04  0.96  0.00  0.00  0.11  0.00
  G72F820_G72F810_l1      1.00   0.00  0.00  0.00  0.00  0.00  0.00  1.00  0.00  0.00
  G72F821_G72F820_l1      1.00   0.00  0.00  0.00  0.01  0.00  0.00  0.99  0.01  0.00
  G72F830_G72F820_l1      1.00   0.00  0.00  0.00  0.99  0.01  0.00  0.00  0.99  0.00
  G72F831_G72F830_l1      1.00   0.00  0.00  0.00  0.96  0.04  0.00  0.00  1.00  0.00
  G72F832_G72F831_l1      1.00   0.00  0.00  0.00  0.00  1.00  0.00  0.00  0.98  0.00
  G72F833_G72F832_l1      1.00   0.00  0.00  0.00  0.00  1.00  0.00  0.00  1.00  0.00
  G72F834_G72F830_l1      1.00   0.00  0.00  0.00  0.16  0.84  0.00  0.00  0.13  0.00
  G72F835_G72F834_l1      1.00   0.00  0.00  0.00  0.06  0.94  0.00  0.00  0.97  0.00
  G72F870_G72K050_l1      1.00   0.00  0.00  0.00  1.00  0.00  0.00  0.00  0.99  0.00
  G72F871_G72F870_l1      1.00   0.00  0.00  0.00  0.11  0.89  0.00  0.00  1.00  0.00
  G72F872_G72F871_l1      1.00   0.00  0.00  0.00  0.00  0.02  0.00  0.98  0.00  0.00
  G72F873_G72F872_l1      1.00   0.00  0.00  0.00  0.03  0.97  0.00  0.00  0.05  0.00
  G72F874_G72F873_l1      1.00   0.00  0.00  0.00  0.32  0.68  0.00  0.00  0.15  0.00
  G72F880_G72F870_l1      1.00   0.00  0.00  0.00  0.00  0.00  0.00  0.99  0.00  0.00
  G72F890_G72F880_l1      1.00   0.00  0.00  0.00  0.02  0.06  0.00  0.92  0.07  0.00
  G72F891_G72F890_l1      1.00   0.00  0.00  0.00  0.03  0.97  0.00  0.00  0.97  0.00
  G72F892_G72F891_l1      1.00   0.00  0.00  0.00  1.00  0.00  0.00  0.00  1.00  0.00
  G72F893_G72F891_l1      1.00   0.00  0.00  0.00  0.03  0.97  0.00  0.00  0.18  0.00
  G72F894_G72F893_l1      1.00   0.00  0.00  0.00  0.04  0.96  0.00  0.00  0.97  0.00
  G72K010_G72F010_l1      1.00   0.00  0.00  0.00  1.00  0.00  0.00  0.00  0.00  0.00
  G72K050_G72F050_l1      1.00   0.00  0.00  0.00  0.02  0.98  0.00  0.00  0.07  0.00
  G72K060_G72F060_l1      1.00   0.00  0.00  0.00  0.04  0.96  0.00  0.00  0.93  0.00
  G72K100_G72F100_l1      1.00   0.00  0.00  0.00  0.02  0.98  0.00  0.00  0.10  0.00
  G72K257_G72K256_l1      1.00   0.00  0.00  0.00  1.00  0.00  0.00  0.00  0.00  0.00
  G72K258_G72K257_l1      1.00   0.00  0.16  0.00  0.84  0.00  0.00  0.00  0.92  0.00
  G72K293_G72R293_l1      1.00   0.02  0.93  0.00  0.05  0.00  0.00  0.00  0.05  0.00
  G72K312_G72F311_l1      1.00   0.00  0.00  0.00  0.01  0.99  0.00  0.00  0.95  0.00
  G72K330_G72F330_l1      1.00   0.00  0.00  0.00  0.03  0.97  0.00  0.00  0.00  0.00
  G72K332_G72F332_l1      1.00   0.02  0.00  0.00  0.00  0.00  0.00  0.98  0.00  0.00
  G72K560_G72K560_201188562_l1    1.00   0.00  0.00  0.00  0.01  0.99  0.00  0.00  0.08  0.00
  G72K561_G72F561_l1      1.00   0.00  0.00  0.00  1.00  0.00  0.00  0.00  0.98  0.00
  G72K562_G72K561_l1      1.00   0.00  0.00  0.00  0.79  0.21  0.00  0.00  0.97  0.00
  G72K563_G72K562_l1      1.00   0.00  0.02  0.00  0.70  0.28  0.00  0.00  0.93  0.00
  G72K634_G72F634_l1      1.00   0.00  0.00  0.00  0.99  0.01  0.00  0.00  1.00  0.00
  G72K875_G72F874_l1      1.00   0.00  0.00  0.00  1.00  0.00  0.00  0.00  0.00  0.00
  G72K882_G72F881_l1      1.00   0.00  0.15  0.00  0.84  0.00  0.00  0.00  0.93  0.00
  G72R150_G72UD02_l1      1.00   0.02  0.00  0.00  0.98  0.00  0.00  0.00  0.02  0.00
  G72R155_G72R150_l1      1.00   0.02  0.00  0.00  0.98  0.00  0.00  0.00  0.03  0.00
  G72R160_G72R150_l1      1.00   0.02  0.00  0.00  0.98  0.00  0.00  0.00  0.02  0.00
  G72R161_G72R160_l1      1.00   0.02  0.00  0.00  0.98  0.00  0.00  0.00  0.10  0.00
  G72R165_G72R155_l1      1.00   0.02  0.00  0.00  0.95  0.04  0.00  0.00  0.07  0.00
  G72R170_G72R165_l1      1.00   0.02  0.00  0.00  0.90  0.08  0.00  0.00  0.98  0.00
  G72R171_G72R170_l1      1.00   0.02  0.00  0.00  0.00  0.98  0.00  0.00  0.00  0.00
  G72R180_G72R171_l1      1.00   0.02  0.00  0.00  0.77  0.21  0.00  0.00  0.98  0.00
  G72R190_G72R180_l1      1.00   0.02  0.00  0.00  0.00  0.98  0.00  0.00  0.13  0.00
  G72R200_G72R160_l1      1.00   0.02  0.00  0.00  0.96  0.02  0.00  0.00  0.03  0.00
  G72R201_G72R200_l1      1.00   0.02  0.00  0.00  0.97  0.01  0.00  0.00  0.08  0.00
  G72R202_G72R201_l1      1.00   0.02  0.00  0.00  0.90  0.08  0.00  0.00  0.98  0.00
  G72R203_G72R202_l1      1.00   0.02  0.00  0.00  0.98  0.00  0.00  0.00  0.98  0.00
  G72R204_G72R202_l1      1.00   0.02  0.00  0.00  0.00  0.98  0.00  0.00  0.98  0.00
  G72R205_G72R204_l1      1.00   0.02  0.00  0.00  0.57  0.41  0.00  0.00  0.98  0.00
  G72R210_G72R190_l1      1.00   0.02  0.00  0.00  0.00  0.98  0.00  0.00  0.00  0.00
  G72R210_G72R211_l1      1.00   0.02  0.00  0.00  0.98  0.00  0.00  0.00  0.13  0.00
  G72R211_G72R410_l1      1.00   0.02  0.00  0.00  0.09  0.89  0.00  0.00  0.09  0.00
  G72R220_G72R210_l1      1.00   0.02  0.00  0.00  0.00  0.98  0.00  0.00  0.01  0.00
  G72R240_G72R230_l1      1.00   0.02  0.00  0.00  0.98  0.00  0.00  0.00  0.95  0.00
  G72R260_G72R240_l1      1.00   0.02  0.00  0.00  0.98  0.00  0.00  0.00  0.97  0.00
  G72R270_G72R260_l1      1.00   0.02  0.00  0.00  0.55  0.43  0.00  0.00  0.97  0.00
  G72R271_G72R270_l1      1.00   0.02  0.11  0.00  0.85  0.02  0.00  0.00  0.90  0.00
  G72R272_G72R271_l1      1.00   0.02  0.00  0.00  0.92  0.06  0.00  0.00  0.29  0.00
  G72R280_G72R270_l1      1.00   0.02  0.00  0.00  0.06  0.92  0.00  0.00  0.04  0.00
  G72R290_G72R280_l1      1.00   0.02  0.00  0.00  0.78  0.20  0.00  0.00  0.95  0.00
  G72R291_G72R290_l1      1.00   0.02  0.00  0.00  0.61  0.37  0.00  0.00  0.93  0.00
  G72R292_G72R291_l1      1.00   0.02  0.00  0.00  0.69  0.29  0.00  0.00  0.17  0.00
  G72R293_G72R292_l1      1.00   0.02  0.00  0.00  0.60  0.38  0.00  0.00  0.96  0.00
  G72R294_G72R293_l1      1.00   0.02  0.00  0.00  0.42  0.56  0.00  0.00  0.16  0.00
  G72R295_G72R294_l1      1.00   0.02  0.00  0.00  0.41  0.58  0.00  0.00  0.97  0.00
  G72R310_G72R220_l1      1.00   0.02  0.00  0.00  0.01  0.98  0.00  0.00  0.98  0.00
  G72R320_G72R310_l1      1.00   0.02  0.00  0.00  0.00  0.98  0.00  0.00  0.96  0.00
  G72R330_G72R320_l1      1.00   0.02  0.00  0.00  0.00  0.98  0.00  0.00  0.00  0.00
  G72R332_G72R331_l1      1.00   0.02  0.11  0.00  0.86  0.00  0.00  0.00  0.92  0.00
  G72R333_G72R332_l1      1.00   0.02  0.00  0.00  0.93  0.05  0.00  0.00  0.29  0.00
  G72R334_G72R330_l1      1.00   0.02  0.00  0.00  0.20  0.78  0.00  0.00  0.97  0.00
  G72R335_G72R334_l1      1.00   0.02  0.20  0.00  0.73  0.05  0.00  0.00  0.84  0.00
  G72R340_G72R330_l1      1.00   0.02  0.00  0.00  0.68  0.30  0.00  0.00  0.96  0.00
  G72R34R_G72U07R_l1      1.00   0.04  0.00  0.00  0.96  0.00  0.00  0.00  0.00  0.00
  G72R360_G72R340_l1      1.00   0.02  0.00  0.00  0.74  0.24  0.00  0.00  0.46  0.00
  G72R370_G72R360_l1      1.00   0.02  0.00  0.00  0.93  0.05  0.00  0.00  0.09  0.00
  G72R380_G72R370_l1      1.00   0.02  0.00  0.00  0.97  0.01  0.00  0.00  0.95  0.00
  G72R390_G72R380_l1      1.00   0.02  0.00  0.00  0.97  0.01  0.00  0.00  0.97  0.00
  G72R410_G72R408_l1      1.00   0.02  0.00  0.00  0.98  0.00  0.00  0.00  0.98  0.00
  G72R470_G72UD54_l1      1.00   0.02  0.00  0.00  0.95  0.00  0.00  0.03  0.00  0.00
  G72R480_G72R470_l1      1.00   0.02  0.00  0.00  0.98  0.00  0.00  0.00  0.03  0.00
  G72R490_G72R480_l1      1.00   0.02  0.04  0.00  0.94  0.00  0.00  0.00  0.00  0.00
  G72R510_G72R490_l1      1.00   0.06  0.00  0.00  0.94  0.00  0.00  0.00  0.93  0.00
  G72R520_G72R510_l1      1.00   0.03  0.03  0.00  0.94  0.00  0.00  0.00  0.04  0.00
  G72R530_G72R520_l1      1.00   0.02  0.00  0.00  0.97  0.01  0.00  0.00  0.01  0.00
  G72R540_G72R530_l1      1.00   0.02  0.00  0.00  0.98  0.00  0.00  0.00  0.03  0.00
  G72R542_G72R541_l1      1.00   0.02  0.98  0.00  0.00  0.00  0.00  0.00  0.00  0.00
  G72R543_G72R542_l1      1.00   1.00  0.00  0.00  0.00  0.00  0.00  0.00  0.00  0.00
  G72R560_G72R540_l1      1.00   0.02  0.00  0.00  0.98  0.00  0.00  0.00  0.02  0.00
  G72R570_G72R560_l1      1.00   0.02  0.00  0.00  0.98  0.00  0.00  0.00  0.01  0.00
  G72R580_G72R570_l1      1.00   0.02  0.00  0.00  0.98  0.00  0.00  0.00  0.04  0.00
  G72R641_G72F640_l1      1.00   0.00  0.02  0.00  0.08  0.90  0.00  0.00  0.75  0.00
  G72R642_G72R641_l1      1.00   0.02  0.00  0.00  0.00  0.98  0.00  0.00  0.97  0.00
  G72R643_G72UD04_l1      1.00   0.02  0.00  0.00  0.18  0.00  0.00  0.80  0.00  0.00
  G72R644_G72R643_l1      1.00   0.02  0.00  0.00  0.98  0.00  0.00  0.00  0.84  0.00
  G72R645_G72R644_l1      1.00   0.02  0.28  0.00  0.70  0.00  0.00  0.00  0.66  0.00
  G72R646_G72R644_l1      1.00   0.02  0.00  0.00  0.14  0.84  0.00  0.00  0.06  0.00
  G72R647_G72R646_l1      1.00   0.02  0.00  0.00  0.90  0.08  0.00  0.00  0.02  0.00
  G72R648_G72R647_l1      1.00   0.02  0.00  0.00  0.18  0.80  0.00  0.00  0.97  0.00
  G72R649_G72R648_l1      1.00   0.02  0.00  0.00  0.00  0.98  0.00  0.00  0.97  0.00
  G72R650_G72R649_l1      1.00   0.02  0.00  0.00  0.90  0.09  0.00  0.00  0.98  0.00
  G72R651_G72R649_l1      1.00   0.02  0.00  0.00  0.00  0.98  0.00  0.00  0.16  0.00
  G72R652_G72R651_l1      1.00   0.02  0.00  0.00  0.00  0.98  0.00  0.00  0.09  0.00
  G72R653_G72R652_l1      1.00   0.02  0.00  0.00  0.86  0.12  0.00  0.00  0.98  0.00
  G72R654_G72R653_l1      1.00   0.02  0.00  0.00  0.54  0.44  0.00  0.00  0.12  0.00
  G72R655_G72R648_l1      1.00   0.02  0.00  0.00  0.89  0.09  0.00  0.00  0.96  0.00
  G72R656_G72R655_l1      1.00   0.02  0.00  0.00  0.84  0.15  0.00  0.00  0.06  0.00
  G72R657_G72R656_l1      1.00   0.02  0.00  0.00  0.36  0.20  0.00  0.42  0.45  0.00
  G72R658_G72R657_l1      1.00   0.02  0.00  0.00  0.76  0.22  0.00  0.00  0.90  0.00
  G72R659_G72R658_l1      1.00   0.02  0.00  0.00  0.58  0.40  0.00  0.00  0.50  0.00
  G72R661_G72R650_l1      1.00   0.02  0.00  0.00  0.85  0.13  0.00  0.00  0.58  0.00
  G72R662_G72R645_l1      1.00   0.02  0.00  0.00  0.04  0.18  0.00  0.76  0.16  0.00
  G72R820_G72R810_l1      1.00   0.00  0.02  0.00  0.98  0.00  0.00  0.00  0.96  0.00
  G72R830_G72R820_l1      1.00   0.02  0.00  0.00  0.15  0.83  0.00  0.00  0.02  0.00
  G72R83B_G72UD11_l1      1.00   0.02  0.04  0.00  0.90  0.00  0.05  0.00  0.00  0.00
  G72R840_G72R830_l1      1.00   0.02  0.00  0.00  0.48  0.51  0.00  0.00  0.06  0.00
  G72R860_G72R840_l1      1.00   0.02  0.00  0.00  0.34  0.64  0.00  0.00  0.96  0.00
  G72R870_G72R860_l1      1.00   0.02  0.00  0.00  0.00  0.98  0.00  0.00  0.98  0.00
  G72R880_G72R870_l1      1.00   0.02  0.00  0.00  0.48  0.51  0.00  0.00  0.00  0.00
  G72R890_G72R880_l1      1.00   0.02  0.00  0.00  0.00  0.98  0.00  0.00  0.96  0.00
  G72R891_G72R890_l1      1.00   0.02  0.00  0.00  0.87  0.12  0.00  0.00  0.97  0.00
  G72R892_G72R891_l1      1.00   0.02  0.00  0.00  0.81  0.18  0.00  0.00  0.74  0.00
  G72R893_G72R890_l1      1.00   0.02  0.00  0.00  0.05  0.93  0.00  0.00  0.98  0.00
  G72R894_G72R893_l1      1.00   0.02  0.00  0.00  0.00  0.98  0.00  0.00  0.06  0.00
  G72S810_G72F642_l1      1.00   0.00  0.00  0.00  1.00  0.00  0.00  0.00  0.96  0.00
  G72UD03_G72R642_l1      1.00   0.02  0.00  0.00  0.60  0.38  0.00  0.00  0.00  0.00
  G72UD11_G72R580_l1      1.00   0.02  0.03  0.00  0.94  0.00  0.00  0.00  0.00  0.00
  G72UD55_G72R34R_l1      1.00   0.02  0.02  0.00  0.96  0.00  0.00  0.00  0.03  0.00
  G73F000_G72F120_l1      1.00   0.00  0.00  0.00  1.00  0.00  0.00  0.00  0.95  0.00
  G73F001_G73F000_l1      1.00   0.00  0.00  0.00  0.02  0.07  0.00  0.91  0.09  0.00
  G73F002_G73F001_l1      1.00   0.00  0.00  0.00  0.00  1.00  0.00  0.00  0.00  0.00
  G73F003_G73F002_l1      1.00   0.00  0.00  0.00  0.01  0.00  0.00  0.99  0.00  0.00
  G73F004_G73F003_l1      1.00   0.00  0.00  0.00  0.01  0.00  0.00  0.99  0.00  0.00
  G73F005_G73F003_l1      1.00   0.00  0.09  0.00  0.91  0.00  0.00  0.00  0.90  0.00
  G73F006_G73F002_l1      1.00   0.02  0.00  0.00  0.01  0.00  0.00  0.97  0.00  0.00
  G73F007_G73F000_l1      1.00   0.00  0.00  0.00  0.06  0.01  0.00  0.92  0.07  0.00
  G73F008_G73F007_l1      1.00   0.00  0.00  0.00  0.94  0.06  0.00  0.00  1.00  0.00
  G73F010_G73F000_l1      1.00   0.00  0.00  0.00  1.00  0.00  0.00  0.00  0.85  0.00
  G73F020_G73F010_l1      1.00   0.00  0.00  0.00  1.00  0.00  0.00  0.00  0.00  0.00
  G73F030_G73F020_l1      1.00   0.00  0.00  0.00  1.00  0.00  0.00  0.00  0.58  0.00
  G73F040_G73F030_l1      1.00   0.00  0.00  0.00  1.00  0.00  0.00  0.00  0.00  0.00
  G73F041_G73K040_l1      1.00   0.00  0.02  0.00  0.98  0.00  0.00  0.00  0.89  0.00
  G73F042_G73K041_l1      1.00   0.00  0.00  0.00  1.00  0.00  0.00  0.00  0.04  0.00
  G73F050_G73K040_l1      1.00   0.00  0.00  0.00  0.00  1.00  0.00  0.00  0.02  0.00
  G73F060_G73F050_l1      1.00   0.00  0.00  0.00  0.00  1.00  0.00  0.00  0.91  0.00
  G73F070_G73F060_l1      1.00   0.00  0.00  0.00  0.00  1.00  0.00  0.00  0.02  0.00
  G73F071_G73F070_l1      1.00   0.00  0.00  0.00  1.00  0.00  0.00  0.00  0.99  0.00
  G73F072_G73F071_l1      1.00   0.00  0.00  0.00  0.38  0.62  0.00  0.00  1.00  0.00
  G73F080_G73F070_l1      1.00   0.00  0.00  0.00  0.01  0.99  0.00  0.00  0.98  0.00
  G73F090_G73F080_l1      1.00   0.00  0.00  0.00  0.01  0.99  0.00  0.00  0.96  0.00
  G73F100_G73F090_l1      1.00   0.00  0.00  0.00  0.01  0.99  0.00  0.00  0.01  0.00
  G73F110_G73F100_l1      1.00   0.00  0.00  0.00  0.03  0.97  0.00  0.00  0.92  0.00
  G73F111_G73F110_l1      1.00   0.00  0.00  0.00  0.07  0.00  0.00  0.93  0.06  0.00
  G73F112_G73F111_l1      1.00   0.00  0.00  0.00  0.96  0.04  0.00  0.00  0.97  0.00
  G73F113_G73F112_l1      1.00   0.00  0.00  0.00  0.96  0.04  0.00  0.00  0.99  0.00
  G73F114_G73F113_l1      1.00   0.00  0.00  0.00  0.82  0.18  0.00  0.00  0.99  0.00
  G73F115_G73F114_l1      1.00   0.00  0.00  0.00  0.25  0.75  0.00  0.00  0.98  0.00
  G73F116_G73F115_l1      1.00   0.00  0.00  0.00  0.95  0.05  0.00  0.00  0.27  0.00
  G73F117_G73F116_l1      1.00   0.00  0.00  0.00  0.98  0.02  0.00  0.00  1.00  0.00
  G73F120_G73F110_l1      1.00   0.00  0.00  0.00  0.03  0.97  0.00  0.00  0.66  0.00
  G73F130_G73F120_l1      1.00   0.00  0.00  0.00  0.04  0.96  0.00  0.00  0.00  0.00
  G73F140_G73F130_l1      1.00   0.00  0.00  0.00  1.00  0.00  0.00  0.00  0.03  0.00
  G73F150_G73F140_l1      1.00   0.00  0.00  0.00  0.03  0.97  0.00  0.00  0.98  0.00
  G73F160_G73F150_l1      1.00   0.00  0.00  0.00  0.01  0.99  0.00  0.00  0.98  0.00
  G73F161_G73F160_l1      1.00   0.00  0.00  0.00  1.00  0.00  0.00  0.00  1.00  0.00
  G73F170_G73F160_l1      1.00   0.00  0.00  0.00  0.00  1.00  0.00  0.00  0.98  0.00
  G73F180_G73F170_l1      1.00   0.00  0.00  0.00  0.01  0.99  0.00  0.00  0.01  0.00
  G73F190_G73F180_l1      1.00   0.00  0.00  0.00  0.03  0.97  0.00  0.00  0.99  0.00
  G73F210_G73F190_l1      1.00   0.00  0.00  0.00  0.97  0.03  0.00  0.00  0.97  0.00
  G73F211_G73F210_l1      1.00   0.00  0.00  0.00  0.64  0.36  0.00  0.00  1.00  0.00
  G73F220_G73F210_l1      1.00   0.00  0.00  0.00  0.51  0.49  0.00  0.00  0.97  0.00
  G73F221_G73F220_l1      1.00   0.00  0.00  0.00  1.00  0.00  0.00  0.00  1.00  0.00
  G73F222_G73F221_l1      1.00   0.00  0.00  0.00  0.99  0.01  0.00  0.00  1.00  0.00
  G73F230_G73F220_l1      1.00   0.00  0.00  0.00  0.03  0.97  0.00  0.00  0.98  0.00
  G73F231_G73F230_l1      1.00   0.00  0.02  0.00  0.05  0.92  0.00  0.00  0.89  0.00
  G73F232_G73F231_l1      1.00   0.00  0.00  0.00  1.00  0.00  0.00  0.00  1.00  0.00
  G73F233_G73F230_l1      1.00   0.00  0.00  0.00  1.00  0.00  0.00  0.00  0.97  0.00
  G73F234_G73F233_l1      1.00   0.00  0.00  0.00  0.08  0.92  0.00  0.00  0.29  0.00
  G73F235_G73F234_l1      1.00   0.00  0.00  0.00  1.00  0.00  0.00  0.00  0.00  0.00
  G73F240_G73F170_l1      1.00   0.00  0.00  0.00  0.97  0.03  0.00  0.00  0.99  0.00
  G73F260_G73F240_l1      1.00   0.00  0.00  0.00  0.02  0.98  0.00  0.00  0.22  0.00
  G73F270_G73F260_l1      1.00   0.00  0.00  0.00  0.42  0.58  0.00  0.00  0.13  0.00
  G73F271_G73F270_l1      1.00   0.00  0.00  0.00  0.02  0.98  0.00  0.00  1.00  0.00
  G73F272_G73F271_l1      1.00   0.00  0.00  0.00  0.00  1.00  0.00  0.00  0.03  0.00
  G73F273_G73F272_l1      1.00   0.00  0.00  0.00  0.04  0.96  0.00  0.00  0.05  0.00
  G73F274_G73F273_l1      1.00   0.00  0.00  0.00  0.85  0.15  0.00  0.00  0.99  0.00
  G73F300_G73F050_l1      1.00   0.00  0.00  0.00  0.99  0.01  0.00  0.00  0.88  0.00
  G73F301_G73F300_l1      1.00   0.00  0.02  0.00  0.98  0.00  0.00  0.00  0.81  0.00
  G73F310_G73F300_l1      1.00   0.00  0.00  0.00  0.03  0.97  0.00  0.00  0.99  0.00
  G73F311_G73F310_l1      1.00   0.00  0.00  0.00  0.00  0.01  0.00  0.99  0.01  0.00
  G73F312_G73F311_l1      1.00   0.00  0.00  0.00  0.43  0.57  0.00  0.00  0.00  0.00
  G73F313_G73F314_l1      1.00   0.02  0.00  0.00  0.98  0.00  0.00  0.00  0.93  0.00
  G73F314_G73F312_l1      1.00   0.00  0.02  0.00  0.98  0.00  0.00  0.00  0.98  0.00
  G73F320_G73F310_l1      1.00   0.00  0.00  0.00  1.00  0.00  0.00  0.00  0.00  0.00
  G73F330_G73F320_l1      1.00   0.00  0.00  0.00  1.00  0.00  0.00  0.00  1.00  0.00
  G73F340_G73F330_l1      1.00   0.00  0.00  0.00  1.00  0.00  0.00  0.00  0.00  0.00
  G73F350_G73F340_l1      1.00   0.00  0.00  0.00  1.00  0.00  0.00  0.00  0.92  0.00
  G73F360_G73F350_l1      1.00   0.00  0.00  0.00  0.02  0.98  0.00  0.00  0.90  0.00
  G73F361_G73F360_l1      1.00   0.00  0.00  0.00  0.00  0.00  0.00  1.00  0.00  0.00
  G73F362_G73F361_l1      1.00   0.00  0.00  0.00  0.01  0.99  0.00  0.00  0.07  0.00
  G73F363_G73K365_l1      1.00   0.00  0.00  0.00  0.03  0.97  0.00  0.00  0.94  0.00
  G73F370_G73F360_l1      1.00   0.00  0.00  0.00  0.95  0.05  0.00  0.00  0.00  0.00
  G73F371_G73K370_l1      1.00   0.00  0.84  0.00  0.16  0.00  0.00  0.00  0.06  0.00
  G73F380_G73K370_l1      1.00   0.00  0.00  0.00  1.00  0.00  0.00  0.00  0.02  0.00
  G73F381_G73K380_l1      1.00   0.00  0.00  0.00  1.00  0.00  0.00  0.00  0.97  0.00
  G73F382_G73F381_l1      1.00   0.00  0.00  0.00  1.00  0.00  0.00  0.00  0.99  0.00
  G73F383_G73G384_l1      1.00   0.00  0.00  0.00  0.46  0.54  0.00  0.00  0.04  0.00
  G73F385_G73F380_l1      1.00   0.00  0.00  0.00  1.00  0.00  0.00  0.00  0.64  0.00
  G73F390_G73F380_l1      1.00   0.00  0.00  0.00  0.99  0.01  0.00  0.00  0.93  0.00
  G73F400_G73F390_l1      1.00   0.00  0.00  0.00  0.06  0.94  0.00  0.00  0.81  0.00
  G73F410_G73F400_l1      1.00   0.00  0.00  0.00  0.08  0.92  0.00  0.00  0.76  0.00
  G73F420_G73F410_l1      1.00   0.00  0.00  0.00  0.09  0.91  0.00  0.00  0.92  0.00
  G73F430_G73F420_l1      1.00   0.00  0.00  0.00  0.08  0.92  0.00  0.00  0.00  0.00
  G73F500_G73F190_l1      1.00   0.00  0.02  0.00  0.01  0.97  0.00  0.00  0.05  0.00
  G73F510_G73F500_l1      1.00   0.00  0.00  0.00  1.00  0.00  0.00  0.00  0.99  0.00
  G73F520_G73F510_l1      1.00   0.00  0.00  0.00  0.00  0.99  0.00  0.00  0.08  0.00
  G73F530_G73F520_l1      1.00   0.00  0.00  0.00  0.02  0.98  0.00  0.00  0.01  0.00
  G73F540_G73F530_l1      1.00   0.00  0.00  0.00  0.04  0.96  0.00  0.00  0.00  0.00
  G73F560_G73F540_l1      1.00   0.00  0.00  0.00  1.00  0.00  0.00  0.00  0.04  0.00
  G73F570_G73F560_l1      1.00   0.00  0.00  0.00  1.00  0.00  0.00  0.00  0.03  0.00
  G73F580_G73F670_l1      1.00   0.00  0.00  0.00  1.00  0.00  0.00  0.00  0.01  0.00
  G73F580_G73K570_l1      1.00   0.00  0.00  0.00  0.99  0.01  0.00  0.00  0.03  0.00
  G73F590_G73F580_l1      1.00   0.00  0.00  0.00  0.05  0.95  0.00  0.00  0.97  0.00
  G73F610_G73F590_l1      1.00   0.00  0.00  0.00  0.02  0.98  0.00  0.00  0.99  0.00
  G73F612_G73K611_l1      1.00   0.02  0.00  0.00  0.17  0.82  0.00  0.00  0.00  0.00
  G73F614_G73K613_l1      1.00   0.02  0.00  0.00  0.98  0.00  0.00  0.00  0.98  0.00
  G73F620_G73F610_l1      1.00   0.00  0.01  0.00  0.02  0.98  0.00  0.00  0.03  0.00
  G73F630_G73F620_l1      1.00   0.00  0.00  0.00  0.02  0.97  0.00  0.00  0.15  0.00
  G73F631_G73F630_l1      1.00   0.00  1.00  0.00  0.00  0.00  0.00  0.00  0.00  0.00
  G73F670_G73F660_l1      1.00   0.00  1.00  0.00  0.00  0.00  0.00  0.00  0.00  0.00
  G73F671_G73F670_l1      1.00   0.00  0.00  0.00  1.00  0.00  0.00  0.00  0.99  0.00
  G73F672_G73F671_l1      1.00   0.00  0.00  0.00  1.00  0.00  0.00  0.00  0.07  0.00
  G73F673_G73F672_l1      1.00   0.00  0.00  0.00  1.00  0.00  0.00  0.00  0.99  0.00
  G73F674_G73F673_l1      1.00   0.00  0.00  0.00  0.01  0.00  0.00  0.99  0.00  0.00
  G73F679_G73F670_l1      1.00   0.00  0.02  0.00  0.98  0.00  0.00  0.00  0.98  0.00
  G73G384_G73F385_l1      1.00   0.00  0.00  0.00  1.00  0.00  0.00  0.00  0.99  0.00
  G73K040_G73F040_l1      1.00   0.00  0.00  0.00  0.03  0.97  0.00  0.00  0.03  0.00
  G73K041_G73F040_l1      1.00   0.00  0.00  0.00  1.00  0.00  0.00  0.00  0.01  0.00
  G73K365_G73F362_l1      1.00   0.00  0.00  0.00  0.00  0.02  0.00  0.98  0.00  0.00
  G73K370_G73F370_l1      1.00   0.00  0.00  0.00  1.00  0.00  0.00  0.00  0.90  0.00
  G73K570_G73F570_l1      1.00   0.00  0.00  0.00  1.00  0.00  0.00  0.00  0.98  0.00
  G73K611_G73F610_l1      1.00   0.00  0.02  0.00  0.97  0.01  0.00  0.00  0.98  0.00
  G73K613_G73F612_l1      1.00   0.02  0.00  0.00  0.98  0.00  0.00  0.00  0.97  0.00
  G73K727_G73R722_l1      1.00   0.02  0.00  0.00  0.93  0.05  0.00  0.00  0.96  0.00
  G73R450_G73R440_l1      1.00   0.02  0.00  0.00  0.98  0.00  0.00  0.00  0.89  0.00
  G73R451_G73R450_l1      1.00   0.02  0.00  0.00  0.98  0.00  0.00  0.00  0.95  0.00
  G73R452_G73R451_l1      1.00   0.02  0.00  0.00  0.98  0.00  0.00  0.00  0.94  0.00
  G73R453_G73R452_l1      1.00   0.02  0.08  0.00  0.90  0.00  0.00  0.00  0.95  0.00
  G73R454_G73R452_l1      1.00   0.02  0.00  0.00  0.98  0.00  0.00  0.00  0.11  0.00
  G73R455_G73R454_l1      1.00   0.02  0.00  0.00  0.98  0.00  0.00  0.00  0.94  0.00
  G73R460_G73R450_l1      1.00   0.02  0.00  0.00  0.03  0.00  0.00  0.95  0.00  0.00
  G73R710_G73F710_l1      1.00   0.00  0.00  0.00  0.98  0.00  0.02  0.00  0.00  0.00
  G73R711_G73R710_l1      1.00   0.02  0.00  0.00  0.98  0.00  0.00  0.00  0.86  0.00
  G73R712_G73R711_l1      1.00   0.02  0.00  0.00  0.98  0.00  0.00  0.00  0.88  0.00
  G73R714_G73R713_l1      1.00   0.02  0.00  0.00  0.87  0.11  0.00  0.00  0.08  0.00
  G73R716_G73R714_l1      1.00   0.02  0.00  0.00  0.03  0.00  0.00  0.95  0.03  0.00
  G73R718_G73R717_l1      1.00   0.02  0.66  0.00  0.32  0.00  0.00  0.00  0.30  0.00
  G73R719_G73K726_l1      1.00   0.02  0.00  0.00  0.13  0.85  0.00  0.00  0.12  0.00
  G73R721_G73R719_l1      1.00   0.02  0.00  0.00  0.98  0.00  0.00  0.00  0.97  0.00
  G73R723_G73R716_l1      1.00   0.02  0.00  0.00  0.98  0.00  0.00  0.00  0.98  0.00
  G73R724_G73R723_l1      1.00   0.02  0.00  0.00  0.68  0.30  0.00  0.00  0.00  0.00
  G74F130_G72F120_l1      1.00   0.00  0.00  0.00  1.00  0.00  0.00  0.00  0.90  0.00
  G74F140_G74F130_l1      1.00   0.00  0.00  0.00  0.05  0.95  0.00  0.00  0.09  0.00
  G74F150_G74F140_l1      1.00   0.00  0.00  0.00  0.01  0.99  0.00  0.00  0.98  0.00
  G74F160_G74F150_l1      1.00   0.00  0.00  0.00  0.13  0.87  0.00  0.00  1.00  0.00
  G74F170_G74F160_l1      1.00   0.00  0.00  0.00  0.00  1.00  0.00  0.00  0.95  0.00
  G74F180_G74F170_l1      1.00   0.00  0.00  0.00  0.00  1.00  0.00  0.00  0.91  0.00
  G74F190_G74F180_l1      1.00   0.00  0.00  0.00  0.02  0.98  0.00  0.00  0.01  0.00
  G74F191_G74F190_l1      1.00   0.00  0.00  0.00  1.00  0.00  0.00  0.00  1.00  0.00
  G74F210_G74F190_l1      1.00   0.00  0.00  0.00  0.87  0.13  0.00  0.00  0.97  0.00
  G74F211_G74F210_l1      1.00   0.00  0.00  0.00  1.00  0.00  0.00  0.00  1.00  0.00
  G74F220_G74F210_l1      1.00   0.00  0.00  0.00  0.89  0.11  0.00  0.00  0.89  0.00
  G74F221_G74F220_l1      1.00   0.00  0.00  0.00  1.00  0.00  0.00  0.00  1.00  0.00
  G74F222_G74F221_l1      1.00   0.00  0.00  0.00  0.96  0.04  0.00  0.00  1.00  0.00
  G74F230_G74F220_l1      1.00   0.00  0.00  0.00  0.02  0.98  0.00  0.00  1.00  0.00
  G74F231_G74F230_l1      1.00   0.00  0.00  0.00  1.00  0.00  0.00  0.00  1.00  0.00
  G74F232_G74F231_l1      1.00   0.00  0.00  0.00  0.84  0.16  0.00  0.00  1.00  0.00
  G74F240_G74F230_l1      1.00   0.00  0.00  0.00  0.00  1.00  0.00  0.00  0.08  0.00
  G74F241_G74F240_l1      1.00   0.00  0.00  0.00  1.00  0.00  0.00  0.00  1.00  0.00
  G74F242_G74F241_l1      1.00   0.00  0.00  0.00  0.96  0.04  0.00  0.00  0.98  0.00
  G74F243_G74F242_l1      1.00   0.00  0.00  0.00  1.00  0.00  0.00  0.00  0.99  0.00
  G74F250_G74F240_l1      1.00   0.00  0.00  0.00  0.02  0.98  0.00  0.00  0.03  0.00
  G74F260_G74F250_l1      1.00   0.00  0.00  0.00  0.38  0.62  0.00  0.00  0.06  0.00
  G74F261_G74F260_l1      1.00   0.00  0.02  0.00  0.98  0.00  0.00  0.00  0.98  0.00
  G74F270_G74F260_l1      1.00   0.00  0.00  0.00  0.93  0.07  0.00  0.00  0.95  0.00
  G74F271_G74F270_l1      1.00   0.00  0.00  0.00  1.00  0.00  0.00  0.00  1.00  0.00
  G74F272_G74F271_l1      1.00   0.00  0.00  0.00  0.97  0.03  0.00  0.00  0.86  0.00
  G74F280_G74F270_l1      1.00   0.00  0.00  0.00  0.80  0.20  0.00  0.00  0.19  0.00
  G74F281_G74F280_l1      1.00   0.00  0.00  0.00  1.00  0.00  0.00  0.00  1.00  0.00
  G74F282_G74F281_l1      1.00   0.00  0.00  0.00  0.98  0.02  0.00  0.00  0.99  0.00
  G74F290_G74F280_l1      1.00   0.00  0.00  0.00  0.72  0.28  0.00  0.00  0.96  0.00
  G74F310_G74F290_l1      1.00   0.00  0.00  0.00  0.04  0.96  0.00  0.00  0.96  0.00
  G74F311_G74F310_l1      1.00   0.00  0.00  0.00  0.98  0.02  0.00  0.00  0.98  0.00
  G74F312_G74F311_l1      1.00   0.00  0.00  0.00  0.99  0.01  0.00  0.00  0.98  0.00
  G74F320_G74F310_l1      1.00   0.00  0.00  0.00  1.00  0.00  0.00  0.00  1.00  0.00
  G74F321_G74F320_l1      1.00   0.00  0.00  0.00  1.00  0.00  0.00  0.00  0.99  0.00
  G74F322_G74F321_l1      1.00   0.00  0.00  0.00  0.99  0.01  0.00  0.00  0.99  0.00
  G74F323_G74F320_l1      1.00   0.00  0.00  0.00  1.00  0.00  0.00  0.00  1.00  0.00
  G75F65Y_G75S541_l1      1.00   0.00  0.00  0.00  0.94  0.06  0.00  0.00  0.00  0.00
  G75F65Y_G75U03F_l1      1.00   0.04  0.00  0.00  0.96  0.00  0.00  0.00  0.00  0.00
  G75S060_G75S040_l1      1.00   0.00  0.00  0.00  0.96  0.04  0.00  0.00  0.04  0.00
  G75S080_G75S070_l1      1.00   0.00  0.00  0.00  0.98  0.02  0.00  0.00  0.01  0.00
  G75S090_G75S080_l1      1.00   0.00  0.00  0.00  1.00  0.00  0.00  0.00  0.01  0.00
  G75S110_G75S090_l1      1.00   0.00  0.00  0.00  1.00  0.00  0.00  0.00  0.03  0.00
  G75S120_G75S110_l1      1.00   0.00  0.00  0.00  1.00  0.00  0.00  0.00  0.00  0.00
  G75S125_G75S120_l1      1.00   0.00  0.00  0.00  1.00  0.00  0.00  0.00  0.04  0.00
  G75S140_G75S130_l1      1.00   0.00  0.00  0.00  1.00  0.00  0.00  0.00  0.00  0.00
  G75S160_G75S140_l1      1.00   0.00  0.01  0.00  0.99  0.00  0.00  0.00  0.03  0.00
  G75S170_G75S160_l1      1.00   0.01  0.00  0.00  0.99  0.00  0.00  0.00  0.03  0.00
  G75S180_G75S170_l1      1.00   0.01  0.00  0.00  0.99  0.00  0.00  0.00  0.01  0.00
  G75S190_G75S180_l1      1.00   0.00  0.00  0.00  1.00  0.00  0.00  0.00  0.03  0.00
  G75S210_G75S190_l1      1.00   0.00  0.00  0.00  1.00  0.00  0.00  0.00  0.01  0.00
  G75S220_G75S210_l1      1.00   0.00  0.00  0.00  1.00  0.00  0.00  0.00  0.02  0.00
  G75S230_G75S220_l1      1.00   0.00  0.00  0.00  1.00  0.00  0.00  0.00  0.03  0.00
  G75S240_G75S230_l1      1.00   0.00  0.00  0.00  1.00  0.00  0.00  0.00  0.02  0.00
  G75S260_G75S240_l1      1.00   0.00  0.00  0.00  1.00  0.00  0.00  0.00  0.00  0.00
  G75S270_G75S260_l1      1.00   0.00  0.00  0.00  1.00  0.00  0.00  0.00  0.03  0.00
  G75S280_G75S270_l1      1.00   0.00  0.00  0.00  0.98  0.02  0.00  0.00  0.04  0.00
  G75S290_G75S280_l1      1.00   0.00  0.00  0.00  0.96  0.04  0.00  0.00  0.00  0.00
  G75S310_G75S290_l1      1.00   0.00  0.00  0.00  1.00  0.00  0.00  0.00  0.02  0.00
  G75S320_G75S310_l1      1.00   0.00  0.00  0.00  1.00  0.00  0.00  0.00  0.04  0.00
  G75S330_G75S320_l1      1.00   0.00  0.00  0.00  0.99  0.01  0.00  0.00  0.03  0.00
  G75S340_G75S330_l1      1.00   0.00  0.00  0.00  1.00  0.00  0.00  0.00  0.02  0.00
  G75S360_G75S340_l1      1.00   0.00  0.00  0.00  0.99  0.01  0.00  0.00  0.04  0.00
  G75S370_G75S360_l1      1.00   0.00  0.00  0.00  1.00  0.00  0.00  0.00  0.05  0.00
  G75S380_G75S370_l1      1.00   0.00  0.00  0.00  0.99  0.01  0.00  0.00  0.01  0.00
  G75S390_G75S380_l1      1.00   0.00  0.00  0.00  1.00  0.00  0.00  0.00  1.00  0.00
  G75S410_G75S270_l1      1.00   0.00  0.01  0.00  0.99  0.00  0.00  0.00  0.03  0.00
  G75S420_G75S410_l1      1.00   0.01  0.00  0.00  0.99  0.00  0.00  0.00  0.00  0.00
  G75S430_G75S420_l1      1.00   0.01  0.00  0.00  0.99  0.00  0.00  0.00  0.03  0.00
  G75S440_G75S430_l1      1.00   0.01  0.00  0.00  0.99  0.00  0.00  0.00  0.03  0.00
  G75S460_G75S440_l1      1.00   0.00  0.00  0.00  1.00  0.00  0.00  0.00  0.02  0.00
  G75S470_G75S460_l1      1.00   0.00  0.00  0.00  1.00  0.00  0.00  0.00  0.02  0.00
  G75S480_G75S470_l1      1.00   0.00  0.00  0.00  1.00  0.00  0.00  0.00  0.01  0.00
  G75S490_G75S480_l1      1.00   0.00  0.00  0.00  1.00  0.00  0.00  0.00  0.04  0.00
  G75S510_G75S490_l1      1.00   0.00  0.00  0.00  1.00  0.00  0.00  0.00  0.00  0.00
  G75S520_G75S510_l1      1.00   0.00  0.00  0.00  1.00  0.00  0.00  0.00  0.05  0.00
  G75S530_G75S520_l1      1.00   0.00  0.00  0.00  0.99  0.00  0.00  0.01  0.00  0.00
  G75S540_G75S530_l1      1.00   0.00  0.00  0.00  1.00  0.00  0.00  0.00  0.02  0.00
  G75S541_G75S540_l1      1.00   0.00  0.00  0.00  0.96  0.04  0.00  0.00  0.06  0.00
  G76R180_G72R204_l1      1.00   0.02  0.00  0.00  0.98  0.00  0.00  0.00  0.98  0.00
  G76R180_G76R185_l1      1.00   0.02  0.00  0.00  0.98  0.00  0.00  0.00  0.00  0.00
  G76R181_G76R180_l1      1.00   0.02  0.98  0.00  0.00  0.00  0.00  0.00  0.00  0.00
  G76R182_G76R180_l1      1.00   0.02  0.00  0.00  0.98  0.00  0.00  0.00  0.96  0.00
  G76R183_G76R182_l1      1.00   0.02  0.00  0.00  0.98  0.00  0.00  0.00  0.98  0.00
  G76R184_G76R182_l1      1.00   0.02  0.98  0.00  0.00  0.00  0.00  0.00  0.00  0.00
  G76R185_G72R652_l1      1.00   0.02  0.00  0.00  0.98  0.00  0.00  0.00  0.98  0.00
  G80F010_G73F630_l1      1.00   0.00  0.00  0.00  0.02  0.97  0.00  0.00  0.00  0.00
  G80F020_G80F010_l1      1.00   0.00  0.00  0.00  1.00  0.00  0.00  0.00  0.01  0.00
  G80F030_G80F020_l1      1.00   0.00  0.00  0.00  1.00  0.00  0.00  0.00  0.75  0.00
  G80F040_G80F030_l1      1.00   0.00  0.00  0.00  1.00  0.00  0.00  0.00  0.76  0.00
  G80F060_G80F040_l1      1.00   0.00  0.00  0.00  1.00  0.00  0.00  0.00  0.02  0.00
  G80F070_G80F060_l1      1.00   0.00  0.00  0.00  1.00  0.00  0.00  0.00  0.00  0.00
  G80F080_G80F070_l1      1.00   0.00  0.00  0.00  1.00  0.00  0.00  0.00  0.78  0.00
  G80F090_G80F080_l1      1.00   0.00  0.00  0.00  1.00  0.00  0.00  0.00  0.01  0.00
  G80F110_G80F090_l1      1.00   0.00  0.00  0.00  1.00  0.00  0.00  0.00  0.80  0.00
  G80F120_G80F110_l1      1.00   0.00  0.02  0.00  0.98  0.00  0.00  0.00  0.01  0.00
  G80F130_G80F120_l1      1.00   0.02  0.00  0.00  0.98  0.00  0.00  0.00  0.19  0.00
  G80F140_G80F130_l1      1.00   0.02  0.00  0.00  0.98  0.00  0.00  0.00  0.80  0.00
  G80F160_G80F140_l1      1.00   0.02  0.00  0.00  0.98  0.00  0.00  0.00  0.03  0.00
  G80F170_G80F160_l1      1.00   0.02  0.00  0.00  0.98  0.01  0.00  0.00  0.83  0.00
  G80F180_G80F170_l1      1.00   0.01  0.00  0.00  0.99  0.00  0.00  0.00  0.00  0.00
  G80F190_G80F180_l1      1.00   0.01  0.00  0.00  0.98  0.00  0.00  0.00  0.79  0.00
  G80F210_G80F190_l1      1.00   0.01  0.00  0.00  0.20  0.79  0.00  0.00  0.84  0.00
  G80F220_G80F210_l1      1.00   0.01  0.00  0.00  0.13  0.85  0.00  0.00  0.98  0.00
  G80F230_G80F220_l1      1.00   0.01  0.00  0.00  0.01  0.98  0.00  0.00  0.97  0.00
  G80F240_G80F230_l1      1.00   0.01  0.00  0.00  0.02  0.96  0.00  0.00  0.97  0.00
  G80F312_G80F311_l1      1.00   0.02  0.00  0.00  0.95  0.03  0.00  0.00  0.03  0.00
  G80F313_G80F312_l1      1.00   0.02  0.00  0.00  0.95  0.03  0.00  0.00  0.00  0.00
  G80F340_G80F330_l1      1.00   0.00  0.00  0.00  0.97  0.03  0.00  0.00  0.00  0.00
  G80F350_G80F340_l1      1.00   0.00  0.00  0.00  1.00  0.00  0.00  0.00  0.00  0.00
  G80F360_G80F350_l1      1.00   0.00  0.00  0.00  1.00  0.00  0.00  0.00  0.04  0.00
  G80F370_G80F360_l1      1.00   0.00  0.00  0.00  1.00  0.00  0.00  0.00  0.03  0.00
  G80F380_G80F370_l1      1.00   0.00  0.00  0.00  1.00  0.00  0.00  0.00  0.00  0.00
  G80F390_G80F380_l1      1.00   0.00  0.00  0.00  0.94  0.06  0.00  0.00  0.18  0.00
  G80F400_G80F390_l1      1.00   0.00  0.00  0.00  0.86  0.14  0.00  0.00  0.03  0.00
  G80F410_G80F400_l1      1.00   0.00  0.00  0.00  1.00  0.00  0.00  0.00  0.06  0.00
  G80F420_G80F410_l1      1.00   0.00  0.00  0.00  1.00  0.00  0.00  0.00  0.31  0.00
  G80F421_G80F420_l1      1.00   0.00  0.00  0.00  1.00  0.00  0.00  0.00  0.17  0.00
  G80F422_G80F421_l1      1.00   0.00  0.00  0.00  0.99  0.01  0.00  0.00  1.00  0.00
  G80F423_G80F422_l1      1.00   0.00  0.00  0.00  0.08  0.92  0.00  0.00  0.98  0.00
  G80F424_G80F423_l1      1.00   0.00  0.00  0.00  0.84  0.16  0.00  0.00  0.93  0.00
  G80F425_G80F424_l1      1.00   0.00  0.04  0.00  0.92  0.05  0.00  0.00  0.97  0.00
  G80F430_G80F420_l1      1.00   0.00  0.00  0.00  1.00  0.00  0.00  0.00  0.20  0.00
  G80F440_G80F430_l1      1.00   0.00  0.00  0.00  1.00  0.00  0.00  0.00  0.00  0.00
  G80F460_G80F440_l1      1.00   0.00  0.00  0.00  1.00  0.00  0.00  0.00  0.16  0.00
  G80F461_G80F460_l1      1.00   0.00  0.00  0.00  0.58  0.04  0.00  0.38  0.61  0.00
  G80F462_G80F461_l1      1.00   0.00  0.00  0.00  0.25  0.75  0.00  0.00  0.29  0.00
  G80F463_G80F462_l1      1.00   0.00  0.00  0.00  0.32  0.67  0.00  0.00  0.99  0.00
  G80F470_G80F460_l1      1.00   0.00  0.00  0.00  0.80  0.20  0.00  0.00  0.99  0.00
  G80F472_G80K471_l1      1.00   0.00  0.02  0.00  0.98  0.00  0.00  0.00  0.98  0.00
  G80F473_G80K471_l1      1.00   0.02  0.00  0.00  0.01  0.00  0.00  0.97  0.01  0.00
  G80F480_G80F470_l1      1.00   0.00  0.00  0.00  0.02  0.98  0.00  0.00  0.00  0.00
  G80F490_G80F480_l1      1.00   0.00  0.00  0.00  0.02  0.98  0.00  0.00  0.97  0.00
  G80F491_G80F490_l1      1.00   0.00  0.00  0.00  0.02  0.98  0.00  0.00  0.12  0.00
  G80F492_G80F491_l1      1.00   0.00  0.00  0.00  0.03  0.97  0.00  0.00  0.09  0.00
  G80F493_G80F492_l1      1.00   0.00  0.00  0.00  0.03  0.97  0.00  0.00  0.98  0.00
  G80F494_G80F493_l1      1.00   0.00  0.00  0.00  0.02  0.98  0.00  0.00  0.99  0.00
  G80F495_G80F494_l1      1.00   0.00  0.00  0.00  0.02  0.98  0.00  0.00  0.05  0.00
  G80F496_G80F495_l1      1.00   0.00  0.00  0.00  0.98  0.02  0.00  0.00  0.98  0.00
  G80F497_G80F496_l1      1.00   0.00  0.00  0.00  1.00  0.00  0.00  0.00  1.00  0.00
  G80F510_G80F390_l1      1.00   0.00  0.00  0.00  0.99  0.01  0.00  0.00  0.32  0.00
  G80F520_G80F510_l1      1.00   0.00  0.00  0.00  0.67  0.33  0.00  0.00  1.00  0.00
  G80F531_G80K530_l1      1.00   0.00  1.00  0.00  0.00  0.00  0.00  0.00  0.00  0.00
  G80F540_G80K530_l1      1.00   0.00  0.00  0.00  0.00  1.00  0.00  0.00  0.99  0.00
  G80F560_G80F540_l1      1.00   0.00  0.00  0.00  0.00  1.00  0.00  0.00  0.00  0.00
  G80F570_G80F560_l1      1.00   0.00  0.00  0.00  0.00  1.00  0.00  0.00  0.99  0.00
  G80F580_G80F570_l1      1.00   0.00  0.00  0.00  0.00  1.00  0.00  0.00  0.99  0.00
  G80F610_G80F580_l1      1.00   0.00  0.00  0.00  0.00  1.00  0.00  0.00  0.03  0.00
  G80F620_G80F620_201320795_l1    1.00   0.00  0.00  0.00  0.00  0.00  0.00  1.00  0.00  0.00
  G80F621_G80F620_l1      1.00   0.00  0.00  0.00  0.01  0.00  0.00  0.99  0.01  0.00
  G80F622_G80F621_l1      1.00   0.00  0.00  0.00  0.05  0.02  0.00  0.93  0.06  0.00
  G80F660_G80K640_l1      1.00   0.00  0.00  0.00  0.98  0.02  0.00  0.00  0.96  0.00
  G80F66X_G80F11B_l1      1.00   0.01  0.01  0.00  0.98  0.00  0.00  0.00  0.02  0.00
  G80F670_G80F660_l1      1.00   0.00  0.00  0.00  0.28  0.72  0.00  0.00  0.05  0.00
  G80F680_G80F670_l1      1.00   0.00  0.00  0.00  1.00  0.00  0.00  0.00  0.02  0.00
  G80F690_G80F680_l1      1.00   0.00  0.00  0.00  1.00  0.00  0.00  0.00  0.98  0.00
  G80F710_G80F690_l1      1.00   0.00  0.00  0.00  1.00  0.00  0.00  0.00  0.99  0.00
  G80F720_G80F710_l1      1.00   0.00  0.00  0.00  0.02  0.98  0.00  0.00  0.97  0.00
  G80F730_G80F720_l1      1.00   0.00  0.00  0.00  0.24  0.76  0.00  0.00  0.05  0.00
  G80F740_G80F730_l1      1.00   0.00  0.00  0.00  1.00  0.00  0.00  0.00  0.97  0.00
  G80F741_G80F740_l1      1.00   0.00  0.00  0.00  1.00  0.00  0.00  0.00  0.99  0.00
  G80F742_G80F741_l1      1.00   0.00  0.11  0.00  0.89  0.00  0.00  0.00  0.93  0.00
  G80F743_G80F742_l1      1.00   0.02  0.00  0.00  0.93  0.05  0.00  0.00  0.34  0.00
  G80K530_G80F520_l1      1.00   0.00  0.00  0.00  0.00  1.00  0.00  0.00  0.02  0.00
  G80K630_G80F620_l1      1.00   0.00  0.00  0.00  0.98  0.02  0.00  0.00  0.00  0.00
  G80O010_G80U03F_l1      1.00   0.02  0.00  0.00  0.97  0.01  0.00  0.00  0.00  0.00
  H50S820_G80F13P_l1      1.00   0.01  0.00  0.00  0.96  0.00  0.00  0.03  0.01  0.00
  G72F020_G72K020_l1      1.00   0.00  0.00  0.00  1.00  0.00  0.00  0.00  0.00  0.00
  G72K020_G72K010_l1      1.00   0.00  0.00  0.00  1.00  0.00  0.00  0.00  0.01  0.00
  G80F66Y_G80F310_l1      1.00   0.00  0.00  0.00  0.99  0.00  0.00  0.01  0.00  0.00
  G80F66X_G80F66Y_l1      1.00   0.01  0.00  0.00  0.98  0.00  0.00  0.00  0.00  0.00
  G80F330_G80F320_l1      1.00   0.00  0.00  0.00  0.98  0.00  0.00  0.02  0.03  0.00
  G61F043_G61F042_l1      1.00   0.00  0.00  0.00  1.00  0.00  0.00  0.00  0.99  0.00
  G73R440_G73R430_l1      1.00   0.02  0.00  0.00  0.04  0.00  0.00  0.94  0.01  0.00
  
  *************************
  Conduit Surcharge Summary
  *************************
  ----------------------------------------------------------------------------
                                                           Hours        Hours 
                         --------- Hours Full --------   Above Full   Capacity
  Conduit                Both Ends  Upstream  Dnstream   Normal Flow   Limited
  ----------------------------------------------------------------------------
  F74F370_F74F360_l1          0.00      0.00      0.00     45.87         0.00
  F74F380_F74F370_l1          0.00      0.00      0.00     45.82         0.00
  F74F390_F74F380_l1          0.00      0.00      0.00     45.76         0.00
  F74F410_F74F390_l1          0.00      0.00      0.00     45.73         0.00
  F74F420_F74F410_l1          0.00      0.00      0.00     45.69         0.00
  F74F430_F74F420_l1          0.00      0.00      0.00     45.68         0.00
  F74F440_F74F430_l1          0.00      0.00      0.00     45.65         0.00
  F74F445_F74F440_l1          0.00      0.00      0.00     45.52         0.00
  G60F010_F74F445_l1          0.00      0.00      0.00     45.46         0.00
  G60F020_G60F010_l1          0.00      0.00      0.00     45.27         0.00
  G60F030_G60F020_l1          0.00      0.00      0.00     45.17         0.00
  G60F040_G60F030_l1          0.00      0.00      0.00     44.80         0.00
  G60F060_G60F040_l1          0.00      0.00      0.00     44.19         0.00
  G60F070_G60F060_l1          0.00      0.00      0.00     42.19         0.00
  G60F090_G60F070_l1          0.00      0.00      0.00     42.19         0.00
  G60F110_G60F090_l1          0.00      0.00      0.00     42.00         0.00
  G60F120_G60F110_l1          0.00      0.00      0.00     41.97         0.00
  G60F130_G60F120_l1          0.00      0.00      0.00     41.88         0.00
  G60F140_G60F130_l1          0.00      0.00      0.00     41.85         0.00
  G60F141_G60F140_l1          0.00      0.00      0.00     41.96         0.00
  G60F160_G60F140_l1          0.00      0.00      0.00     41.81         0.00
  G60F170_G60F160_l1          0.00      0.00      0.00     41.78         0.00
  G60F180_G60F170_l1          0.00      0.00      0.00     41.68         0.00
  G60F190_G60F180_l1          0.00      0.00      0.00     41.66         0.00
  G60F210_G60F190_l1          0.00      0.00      0.00     41.66         0.00
  G60F230_G60F60Y_l1          0.00      0.00      0.00      2.21         0.00
  G60F240_G60F230_l1          0.00      0.00      0.00      0.84         0.00
  G60F260_G60F240_l1          0.00      0.00      0.00      0.66         0.00
  G60F280_G60F270_l1          0.00      0.00      0.00      0.35         0.00
  G60F320_G60F280_l1          0.00      0.00      0.00      0.59         0.00
  G60F330_G60F320_l1          0.00      0.00      0.00      0.61         0.00
  G60F340_G60F330_l1          0.00      0.00      0.00      0.57         0.00
  G60F350_G60F340_l1          0.00      0.00      0.00      0.57         0.00
  G60F360_G60F350_l1          0.00      0.00      0.00      0.61         0.00
  G60F380_G60F360_l1          0.00      0.00      0.00      0.62         0.00
  G60F60Y_G60O071_l1          0.00      0.00      0.00      0.85         0.00
  G60F60Y_G60O220_l1          0.00      0.00      0.00     42.40         0.00
  G60F61Y_G60F390_l1          0.00      0.00      0.00      0.54         0.00
  G60K009_G60R304_l1          0.00      0.00      0.00      1.24         0.00
  G60K200_G60K210_l1          0.00      0.00      0.00     43.14         0.00
  G60K210_G60K220_l1          0.00      0.00      0.00     43.15         0.00
  G60K300_G60OU01_l1          0.00      0.00      0.00      0.09         0.00
  G60K301_G60F260_l1          0.00      0.00      0.00      0.35         0.00
  G60K309_G60R307_l1          0.00      0.00      0.00      0.73         0.00
  G60K311_G60K309_l1          0.00      0.00      0.00      0.78         0.00
  G60O220_G60U02F_l1          0.00      0.00      0.00     43.19         0.00
  G60O230_G60O220_l1          0.00      0.00      0.00      0.16         0.00
  G60O280_G60O272_l1          0.00      0.00      0.00      0.07         0.00
  G60OU01_G60O270_l1          0.00      0.00      0.00      0.06         0.00
  G60R011_G60K009_l1          0.00      0.00      0.00      0.99         0.00
  G60R281_G60O280_l1          0.00      0.00      0.00      0.08         0.00
  G60R290_G60O280_l1          0.00      0.00      0.00      0.24         0.00
  G60R292_G60R291_l1          0.00      0.00      0.00      0.20         0.00
  G60R293_G60R292_l1          0.00      0.00      0.00      0.11         0.00
  G60R294_G60R293_l1          0.00      0.00      0.00      0.09         0.00
  G60R302_G60R301_l1          0.00      0.00      0.00      0.05         0.00
  G60R303_G60R302_l1          0.00      0.00      0.00      0.05         0.00
  G60R304_G60R303_l1          0.00      0.00      0.00      1.42         0.00
  G60R307_G60R306_l1          0.00      0.00      0.00      0.92         0.00
  G60R308_G60K309_l1          0.00      0.00      0.00      0.70         0.00
  G60R321_G60O320_l1          0.00      0.00      0.00      0.07         0.00
  G60R383_G60R382_l1          0.00      0.00      0.00      0.03         0.00
  G60U01F_G60K200_l1          0.00      0.00      0.00     14.51         0.00
  G61F010_G60F61Y_l1          0.00      0.00      0.00      0.37         0.00
  G61F011_G61F010_l1          0.00      0.00      0.00      0.61         0.00
  G61F020_G61F010_l1          0.00      0.00      0.00      0.24         0.00
  G61F030_G61F020_l1          0.00      0.00      0.00      0.37         0.00
  G61F030_G61F090_l1          0.00      0.00      0.00      0.58         0.00
  G61F031_G61F030_l1          0.00      0.00      0.00      0.43         0.00
  G61F032_G61F031_l1          0.00      0.00      0.00      0.40         0.00
  G61F033_G61F032_l1          0.00      0.00      0.00      0.33         0.00
  G61F034_G61F033_l1          0.00      0.00      0.00      0.31         0.00
  G61F035_G61F034_l1          0.00      0.00      0.00      0.15         0.00
  G61F040_G61F030_l1          0.00      0.00      0.00      0.14         0.00
  G61F040_G61F120_l1          0.00      0.00      0.00      0.52         0.00
  G61F041_G61F040_l1          0.00      0.00      0.00      0.07         0.00
  G61F042_G61F041_l1          0.00      0.00      0.00      0.07         0.00
  G61F044_G61F043_l1          0.00      0.00      0.00      0.27         0.00
  G61F045_G61F044_l1          0.00      0.00      0.00      0.14         0.00
  G61F060_G61F140_l1          0.00      0.00      0.00      1.78         0.00
  G61F061_G61F060_l1          0.00      0.00      0.00      0.27         0.00
  G61F062_G61F061_l1          0.00      0.00      0.00      0.15         0.00
  G61F063_G61F062_l1          0.00      0.00      0.00      0.11         0.00
  G61F064_G61F063_l1          0.00      0.00      0.00      0.11         0.00
  G61F080_G60F61Y_l1          0.00      0.00      0.00      0.28         0.00
  G61F080_G61F020_l1          0.00      0.00      0.00      0.14         0.00
  G61F090_G61F080_l1          0.00      0.00      0.00      0.18         0.00
  G61F110_G61F090_l1          0.00      0.00      0.00      0.13         0.00
  G61F120_G61F115_l1          0.00      0.00      0.00      0.20         0.00
  G61F130_G61F120_l1          0.00      0.00      0.00      0.03         0.00
  G61F140_G61F130_l1          0.00      0.00      0.00      0.03         0.00
  G61F160_G61F140_l1          0.00      0.00      0.00      0.10         0.00
  G61F161_G61F160_l1          0.00      0.00      0.00      0.08         0.00
  G61F162_G61F161_l1          0.00      0.00      0.00      0.04         0.00
  G61F180_G61F160_l1          0.00      0.00      0.00      0.10         0.00
  G61F210_G61F110_l1          0.00      0.00      0.00      0.14         0.00
  G61F220_G61F210_l1          0.00      0.00      0.00      0.28         0.00
  G61F221_G61F220_l1          0.00      0.00      0.00      0.43         0.00
  G61F222_G61F221_l1          0.00      0.00      0.00      0.30         0.00
  G61F223_G61F222_l1          0.00      0.00      0.00      0.09         0.00
  G61F224_G61F222_l1          0.00      0.00      0.00      0.07         0.00
  G61F230_G61F220_l1          0.00      0.00      0.00      0.33         0.00
  G61F231_G61F230_l1          0.00      0.00      0.00      0.38         0.00
  G61F232_G61F231_l1          0.00      0.00      0.00      0.19         0.00
  G61F233_G61F232_l1          0.00      0.00      0.00      0.04         0.00
  G61F240_G61F230_l1          0.00      0.00      0.00      0.28         0.00
  G61F241_G61F240_l1          0.00      0.00      0.00      0.37         0.00
  G61F242_G61F241_l1          0.00      0.00      0.00      0.22         0.00
  G61F243_G61F242_l1          0.00      0.00      0.00      0.04         0.00
  G61F260_G61F240_l1          0.00      0.00      0.00      0.14         0.00
  G61F261_G61F260_l1          0.00      0.00      0.00      0.17         0.00
  G61F270_G61F260_l1          0.00      0.00      0.00      0.06         0.00
  G61F280_G61F270_l1          0.00      0.00      0.00      0.06         0.00
  G61F330_G61F320_l1          0.00      0.00      0.00      0.05         0.00
  G61F340_G61F330_l1          0.00      0.00      0.00      0.14         0.00
  G61F350_G61F340_l1          0.00      0.00      0.00      0.10         0.00
  G61F350_G62F022_l1          0.00      0.00      0.00      0.11         0.00
  G61F353_G61F350_l1          0.00      0.00      0.00      0.09         0.00
  G61F354_G61F353_l1          0.00      0.00      0.00      0.02         0.00
  G61F361_G61K360_l1          0.00      0.00      0.00      0.07         0.00
  G61F362_G61F361_l1          0.00      0.00      0.00      0.05         0.00
  G61F370_G61K360_l1          0.00      0.00      0.00      0.07         0.00
  G61F374_G61F373_l1          0.00      0.00      0.00      0.05         0.00
  G61F375_G61F374_l1          0.00      0.00      0.00      0.03         0.00
  G61F380_G61F370_l1          0.00      0.00      0.00      0.07         0.00
  G61F390_G61F380_l1          0.00      0.00      0.00      0.09         0.00
  G61F400_G61F390_l1          0.00      0.00      0.00      0.09         0.00
  G61F410_G61F400_l1          0.00      0.00      0.00      0.07         0.00
  G61F412_G61F410_l1          0.00      0.00      0.00      0.05         0.00
  G61F440_G61F430_l1          0.00      0.00      0.00      0.20         0.00
  G61F460_G61F440_l1          0.00      0.00      0.00      0.07         0.00
  G61K360_G61F360_l1          0.00      0.00      0.00      0.09         0.00
  G62F011_G62F010_l1          0.00      0.00      0.00      0.29         0.00
  G62F012_G62F011_l1          0.00      0.00      0.00      0.13         0.00
  G62F014_G62F012_l1          0.00      0.00      0.00      0.11         0.00
  G62F015_G62F014_l1          0.00      0.00      0.00      0.07         0.00
  G62F020_G62F010_l1          0.00      0.00      0.00      0.64         0.00
  G62F022_G62F020_l1          0.00      0.00      0.00      0.39         0.00
  G62F023_G62F020_l1          0.00      0.00      0.00      0.31         0.00
  G62F060_G61F180_l1          0.00      0.00      0.00      0.80         0.00
  G62F070_G62F060_l1          0.00      0.00      0.00      0.72         0.00
  G62F071_G62F070_l1          0.00      0.00      0.00      0.20         0.00
  G62F072_G62F071_l1          0.00      0.00      0.00      0.10         0.00
  G62F073_G62F072_l1          0.00      0.00      0.00      0.06         0.00
  G62F080_G62F070_l1          0.00      0.00      0.00      0.72         0.00
  G62F090_G62F080_l1          0.00      0.00      0.00      0.68         0.00
  G62F091_G62F090_l1          0.00      0.00      0.00      0.56         0.00
  G62F092_G62F091_l1          0.00      0.00      0.00      0.47         0.00
  G62F093_G62F092_l1          0.00      0.00      0.00      0.22         0.00
  G62F094_G62F093_l1          0.00      0.00      0.00      0.36         0.00
  G62F095_G62F094_l1          0.00      0.00      0.00      0.20         0.00
  G62F095_G62F191_l1          0.00      0.00      0.00      0.20         0.00
  G62F110_G62F090_l1          0.00      0.00      0.00      0.71         0.00
  G62F111_G62F110_l1          0.00      0.00      0.00      0.75         0.00
  G62F112_G62F111_l1          0.00      0.00      0.00      0.74         0.00
  G62F113_G62F118_l1          0.00      0.00      0.00      0.78         0.00
  G62F114_G62F113_l1          0.00      0.00      0.00      0.74         0.00
  G62F115_G62F114_l1          0.00      0.00      0.00      0.69         0.00
  G62F116_G62F115_l1          0.00      0.00      0.00      0.52         0.00
  G62F118_G62F112_l1          0.00      0.00      0.00      0.78         0.00
  G62F120_G62F090_l1          0.00      0.00      0.00      0.59         0.00
  G62F121_G62F120_l1          0.00      0.00      0.00      0.41         0.00
  G62F122_G62F121_l1          0.00      0.00      0.00      0.15         0.00
  G62F130_G62F070_l1          0.00      0.00      0.00      0.78         0.00
  G62F140_G62F130_l1          0.00      0.00      0.00      0.73         0.00
  G62F160_G62F140_l1          0.00      0.00      0.00      0.73         0.00
  G62F170_G62F160_l1          0.00      0.00      0.00      0.89         0.00
  G62F180_G62F170_l1          0.00      0.00      0.00      0.71         0.00
  G62F190_G62F180_l1          0.00      0.00      0.00      0.67         0.00
  G62F191_G62F190_l1          0.00      0.00      0.00      0.58         0.00
  G62F192_G62F191_l1          0.00      0.00      0.00      0.57         0.00
  G62F193_G62F192_l1          0.00      0.00      0.00      0.49         0.00
  G62F194_G62F193_l1          0.00      0.00      0.00      0.48         0.00
  G62F195_G62F193_l1          0.00      0.00      0.00      0.49         0.00
  G62F196_G62F195_l1          0.00      0.00      0.00      0.45         0.00
  G62F197_G62F200_l1          0.00      0.00      0.00      0.40         0.00
  G62F198_G62F197_l1          0.00      0.00      0.00      0.37         0.00
  G62F200_G62F195_l1          0.00      0.00      0.00      0.45         0.00
  G62F401_G62F194_l1          0.00      0.00      0.00      0.16         0.00
  G62F402_G62F401_l1          0.00      0.00      0.00      0.02         0.00
  G62F403_G62F196_l1          0.00      0.00      0.00      0.37         0.00
  G63F010_G60F210_l1          0.00      0.00      0.00     41.66         0.00
  G63F020_G63F010_l1          0.00      0.00      0.00     41.64         0.00
  G63F030_G63F020_l1          0.00      0.00      0.00     41.62         0.00
  G63F040_G63F030_l1          0.00      0.00      0.00     41.61         0.00
  G63F060_G63F040_l1          0.00      0.00      0.00     41.59         0.00
  G63F070_G63F060_l1          0.00      0.00      0.00     41.58         0.00
  G63F080_G63F070_l1          0.00      0.00      0.00     41.57         0.00
  G63F090_G63F080_l1          0.00      0.00      0.00     41.56         0.00
  G64F010_G63F090_l1          0.00      0.00      0.00     41.55         0.00
  G64F020_G64F010_l1          0.00      0.00      0.00     41.55         0.00
  G64F030_G64F020_l1          0.00      0.00      0.00     41.56         0.00
  G64F040_G64F030_l1          0.00      0.00      0.00     41.58         0.00
  G64F060_G64F040_l1          0.00      0.00      0.00     41.66         0.00
  G64F070_G64F060_l1          0.00      0.00      0.00     41.67         0.00
  G64F080_G64F070_l1          0.00      0.00      0.00     41.69         0.00
  G65F010_G64F080_l1          0.00      0.00      0.00     41.66         0.00
  G65F020_G65F010_l1          0.00      0.00      0.00     41.66         0.00
  G65F030_G65F020_l1          0.00      0.00      0.00     41.65         0.00
  G65F040_G65F030_l1          0.00      0.00      0.00     41.65         0.00
  G65F060_G65F040_l1          0.00      0.00      0.00     41.65         0.00
  G65F070_G65F060_l1          0.00      0.00      0.00     41.67         0.00
  G65F080_G65F070_l1          0.00      0.00      0.00     41.68         0.00
  G65F090_G65F080_l1          0.00      0.00      0.00     41.71         0.00
  G65F110_G65F090_l1          0.00      0.00      0.00     41.72         0.00
  G65F120_G65F110_l1          0.00      0.00      0.00     41.76         0.00
  G65F130_G65F120_l1          0.00      0.00      0.00     41.76         0.00
  G70F010_G65F130_l1          0.00      0.00      0.00     41.76         0.00
  G70F020_G70F010_l1          0.00      0.00      0.00     41.74         0.00
  G70F030_G70F020_l1          0.00      0.00      0.00     41.74         0.00
  G70F040_G70F030_l1          0.00      0.00      0.00     41.73         0.00
  G70F050_G70F040_l1          0.00      0.00      0.00     41.72         0.00
  G70F060_G70F050_l1          0.00      0.00      0.00     41.71         0.00
  G70F070_G70F060_l1          0.00      0.00      0.00     41.68         0.00
  G70F100_G70F030_l1          0.00      0.00      0.00     41.90         0.00
  G70F105_G70F300_l1          0.00      0.00      0.00     41.67         0.00
  G70F120_G70F110_l1          0.00      0.00      0.00     16.11         0.00
  G70F121_G70F120_l1          0.00      0.00      0.00      5.26         0.00
  G70F122_G70F121_l1          0.00      0.00      0.00      2.87         0.00
  G70F123_G70F122_l1          0.00      0.00      0.00      1.23         0.00
  G70F124_G70F123_l1          0.00      0.00      0.00      0.26         0.00
  G70F143_G70F142_l1          0.00      0.00      0.00      0.37         0.00
  G70F211_G70F210_l1          0.00      0.00      0.00      0.19         0.00
  G70F212_G70F211_l1          0.00      0.00      0.00      0.16         0.00
  G70F232_G70F231_l1          0.00      0.00      0.00      0.17         0.00
  G70F233_G70F232_l1          0.00      0.00      0.00      0.17         0.00
  G70F234_G70F233_l1          0.00      0.00      0.00      0.17         0.00
  G70F235_G70F234_l1          0.00      0.00      0.00      0.12         0.00
  G70F236_G70F232_l1          0.00      0.00      0.00      0.04         0.00
  G70F300_G70F62Y_l1          0.00      0.00      0.00     41.92         0.00
  G70F301_G70F11P_l1          0.00      0.00      0.00     42.04         0.00
  G70F301_G70F11P_l2          0.00      0.00      0.00     42.04         0.00
  G70F320_G70F300_l1          0.00      0.00      0.00      0.05         0.00
  G70F330_G70F320_l1          0.00      0.00      0.00      0.08         0.00
  G70F331_G70F330_l1          0.00      0.00      0.00      0.02         0.00
  G70F371_G70F370_l1          0.00      0.00      0.00      0.05         0.00
  G70F372_G70F371_l1          0.00      0.00      0.00      0.07         0.00
  G70F373_G70F378_l1          0.00      0.00      0.00      0.07         0.00
  G70F376_G70F373_l1          0.00      0.00      0.00      0.13         0.00
  G70F377_G70F376_l1          0.00      0.00      0.00      0.12         0.00
  G70F378_G70F372_l1          0.00      0.00      0.00      0.06         0.00
  G70F62Y_G70F301_l1          0.00      0.00      0.00     42.16         0.00
  G70F62Y_G70O001_l1          0.00      0.00      0.00     41.71         0.00
  G70S010_G70F010_l1          0.00      0.00      0.00     42.02         0.00
  G70S020_G70S010_l1          0.00      0.00      0.00     42.02         0.00
  G70S030_G70S020_l1          0.00      0.00      0.00     42.18         0.00
  G70S040_G70S030_l1          0.00      0.00      0.00     42.17         0.00
  G70S050_G70S060_l1          0.00      0.00      0.00     42.02         0.00
  G70S060_G70S040_l1          0.00      0.00      0.00     42.02         0.00
  G70S070_G70S050_l1          0.00      0.00      0.00     42.02         0.00
  G70S080_G70S070_l1          0.00      0.00      0.00     42.20         0.00
  G70S200_G70S080_l1          0.00      0.00      0.00     42.19         0.00
  G70S210_G70S200_l1          0.00      0.00      0.00     42.18         0.00
  G70S213_G70F212_l1          0.00      0.00      0.00      0.03         0.00
  G70S250_G70S210_l1          0.00      0.00      0.00     42.19         0.00
  G71F010_G70F070_l1          0.00      0.00      0.00     41.67         0.00
  G71F020_G71F010_l1          0.00      0.00      0.00     41.65         0.00
  G71F030_G71F020_l1          0.00      0.00      0.00     41.61         0.00
  G71F040_G71F030_l1          0.00      0.00      0.00     41.55         0.00
  G71F041_G71F12P_l1          0.00      0.00      0.00      7.61         0.00
  G71F043_G71F041_l1          0.00      0.00      0.00      7.31         0.00
  G71F044_G71F043_l1          0.00      0.00      0.00      7.25         0.00
  G71F045_G71F044_l1          0.00      0.00      0.00      7.03         0.00
  G71F046_G71F045_l1          0.00      0.00      0.00      6.42         0.00
  G71F047_G71F046_l1          0.00      0.00      0.00      4.96         0.00
  G71F048_G71F047_l1          0.00      0.00      0.00      3.96         0.00
  G71F04R_G71F04R_201189929_l1        0.00      0.00      0.00     41.54         0.00
  G71F052_G71F051_l1          0.00      0.00      0.00      1.06         0.00
  G71F053_G71F052_l1          0.00      0.00      0.00      1.06         0.00
  G71F054_G71F053_l1          0.00      0.00      0.00      3.04         0.00
  G71F056_G71F054_l1          0.00      0.00      0.00      2.81         0.00
  G71F058_G71F057_l1          0.00      0.00      0.00      0.04         0.00
  G71F05R_G71F04R_l1          0.00      0.00      0.00     41.46         0.00
  G71F060_G71F040_l1          0.00      0.00      0.00     36.12         0.00
  G71F06R_G71F060_l1          0.00      0.00      0.00     16.97         0.00
  G71F070_G71F06R_l1          0.00      0.00      0.00     16.97         0.00
  G71F141_G71F140_l1          0.00      0.00      0.00     29.15         0.00
  G71F142_G71F141_l1          0.00      0.00      0.00      1.92         0.00
  G71F143_G71F142_l1          0.00      0.00      0.00      1.10         0.00
  G71F144_G71F143_l1          0.00      0.00      0.00      0.46         0.00
  G71F145_G71F144_l1          0.00      0.00      0.00      0.26         0.00
  G71F146_G71F145_l1          0.00      0.00      0.00      0.16         0.00
  G71F147_G71F142_l1          0.00      0.00      0.00      1.48         0.00
  G71F148_G71F147_l1          0.00      0.00      0.00      0.67         0.00
  G71F171_G71F170_l1          0.00      0.00      0.00     13.37         0.00
  G71F172_G71F171_l1          0.00      0.00      0.00      4.71         0.00
  G71F173_G71F172_l1          0.00      0.00      0.00      1.80         0.00
  G71F174_G71F173_l1          0.00      0.00      0.00      0.30         0.00
  G71F175_G71F174_l1          0.00      0.00      0.00      0.21         0.00
  G71F176_G71F174_l1          0.00      0.00      0.00      0.22         0.00
  G71F177_G71F172_l1          0.00      0.00      0.00      0.15         0.00
  G71F265_G71F070_l2          0.00      0.00      0.00     42.08         0.00
  G71F304_G71F300_l1          0.00      0.00      0.00      0.04         0.00
  G71F313_G71F312_l1          0.00      0.00      0.00      0.04         0.00
  G71F314_G71F313_l1          0.00      0.00      0.00      0.04         0.00
  G71F320_201189934_G71F320_200964321_l1        0.00      0.00      0.00     41.54         0.00
  G71F380_G71F370_l1          0.00      0.00      0.00      0.06         0.00
  G71F390_G71F380_l1          0.00      0.00      0.00      0.08         0.00
  G71O020_G71O010_l1          0.00      0.00      0.00     42.10         0.00
  G71R050_G71U10F_l1          0.00      0.00      0.00     42.17         0.00
  G71R062_G71R050_l1          0.00      0.00      0.00     25.27         0.00
  G72F012_G72F011_l1          0.00      0.00      0.00      0.13         0.00
  G72F013_G72F012_l1          0.00      0.00      0.00      0.12         0.00
  G72F014_G72F013_l1          0.00      0.00      0.00      0.06         0.00
  G72F063_G72F062_l1          0.00      0.00      0.00      0.33         0.00
  G72F065_G72F064_l1          0.00      0.00      0.00      0.23         0.00
  G72F066_G72F065_l1          0.00      0.00      0.00      0.23         0.00
  G72F067_G72F066_l1          0.00      0.00      0.00      0.17         0.00
  G72F068_G72F067_l1          0.00      0.00      0.00      0.17         0.00
  G72F069_G72F068_l1          0.00      0.00      0.00      0.16         0.00
  G72F071_G72F069_l1          0.00      0.00      0.00      0.05         0.00
  G72F082_G72F081_l1          0.00      0.00      0.00      0.14         0.00
  G72F083_G72F082_l1          0.00      0.00      0.00      0.16         0.00
  G72F111_1102710_l1          0.00      0.00      0.00      0.61         0.00
  G72F250_G72F010_l1          0.00      0.00      0.00      0.09         0.00
  G72F311_G72F310_l1          0.00      0.00      0.00      0.34         0.00
  G72F312_G72K312_l1          0.00      0.00      0.00      0.28         0.00
  G72F314_1205320_l1          0.00      0.00      0.00      0.31         0.00
  G72F315_G72F314_l1          0.00      0.00      0.00      0.29         0.00
  G72F316_G72F315_l1          0.00      0.00      0.00      0.18         0.00
  G72F317_G72F316_l1          0.00      0.00      0.00      0.12         0.00
  G72F334_G72F333_l1          0.00      0.00      0.00      0.14         0.00
  G72F335_G72F334_l1          0.00      0.00      0.00      0.22         0.00
  G72F360_G72F350_l1          0.00      0.00      0.00      0.18         0.00
  G72F370_G72F360_l1          0.00      0.00      0.00      0.46         0.00
  G72F380_G72F370_l1          0.00      0.00      0.00      0.43         0.00
  G72F390_G72F380_l1          0.00      0.00      0.00      0.42         0.00
  G72F410_G72F390_l1          0.00      0.00      0.00      0.36         0.00
  G72F420_G72F410_l1          0.00      0.00      0.00      0.38         0.00
  G72F430_G72F420_l1          0.00      0.00      0.00      0.58         0.00
  G72F470_G72F460_l1          0.00      0.00      0.00      2.71         0.00
  G72F480_G72F470_l1          0.00      0.00      0.00      2.58         0.00
  G72F490_G72F480_l1          0.00      0.00      0.00      2.58         0.00
  G72F491_G72F490_l1          0.00      0.00      0.00      3.70         0.00
  G72F492_G72F491_l1          0.00      0.00      0.00      3.63         0.00
  G72F493_G72F492_l1          0.00      0.00      0.00      3.65         0.00
  G72F494_G72F493_l1          0.00      0.00      0.00      3.60         0.00
  G72F550_G72F010_l1          0.00      0.00      0.00      0.16         0.00
  G72F561_G72K560_l1          0.00      0.00      0.00      0.19         0.00
  G72F562_G72K563_l1          0.00      0.00      0.00      0.20         0.00
  G72F570_G72K560_l1          0.00      0.00      0.00      0.08         0.00
  G72F580_G72F570_l1          0.00      0.00      0.00      0.11         0.00
  G72F583_G72F582_l1          0.00      0.00      0.00      0.15         0.00
  G72F584_G72F582_l1          0.00      0.00      0.00      0.10         0.00
  G72F585_G72F584_l1          0.00      0.00      0.00      0.08         0.00
  G72F586_G72F585_l1          0.00      0.00      0.00      0.08         0.00
  G72F590_G72F580_l1          0.00      0.00      0.00      0.06         0.00
  G72F630_G72F620_l1          0.00      0.00      0.00      0.03         0.00
  G72F631_G72F630_l1          0.00      0.00      0.00      0.07         0.00
  G72F632_G72F631_l1          0.00      0.00      0.00      0.04         0.00
  G72F633_G72F631_l1          0.00      0.00      0.00      0.05         0.00
  G72F642_G72F641_l1          0.00      0.00      0.00      0.08         0.00
  G72F644_G72F643_l1          0.00      0.00      0.00      1.65         0.00
  G72F645_G72F644_l1          0.00      0.00      0.00      1.33         0.00
  G72F646_G72F645_l1          0.00      0.00      0.00      1.13         0.00
  G72F647_G72F646_l1          0.00      0.00      0.00      0.64         0.00
  G72F648_G72F646_l1          0.00      0.00      0.00      1.29         0.00
  G72F660_G72F650_l1          0.00      0.00      0.00      0.12         0.00
  G72F664_G72F663_l1          0.00      0.00      0.00      0.04         0.00
  G72F665_G72F660_l1          0.00      0.00      0.00      0.17         0.00
  G72F670_G72F665_l1          0.00      0.00      0.00      0.17         0.00
  G72F671_G72F670_l1          0.00      0.00      0.00      0.14         0.00
  G72F672_G72F671_l1          0.00      0.00      0.00      0.08         0.00
  G72F675_G72F670_l1          0.00      0.00      0.00      0.16         0.00
  G72F676_G72F675_l1          0.00      0.00      0.00      0.14         0.00
  G72F677_G72F676_l1          0.00      0.00      0.00      0.11         0.00
  G72F730_G72F720_l1          0.00      0.00      0.00      0.05         0.00
  G72F740_G72F730_l1          0.00      0.00      0.00      0.09         0.00
  G72F770_G72F760_l1          0.00      0.00      0.00      0.04         0.00
  G72F771_G72F770_l1          0.00      0.00      0.00      0.13         0.00
  G72F772_G72F771_l1          0.00      0.00      0.00      0.13         0.00
  G72F774_G72F771_l1          0.00      0.00      0.00      0.16         0.00
  G72F800_G72F050_l1          0.00      0.00      0.00      0.13         0.00
  G72F810_G72F800_l1          0.00      0.00      0.00      0.13         0.00
  G72F811_G72F810_l1          0.00      0.00      0.00      0.07         0.00
  G72F820_G72F810_l1          0.00      0.00      0.00      0.14         0.00
  G72F821_G72F820_l1          0.00      0.00      0.00      0.15         0.00
  G72F830_G72F820_l1          0.00      0.00      0.00      0.11         0.00
  G72F834_G72F830_l1          0.00      0.00      0.00      0.12         0.00
  G72F835_G72F834_l1          0.00      0.00      0.00      0.15         0.00
  G72F870_G72K050_l1          0.00      0.00      0.00      0.14         0.00
  G72F871_G72F870_l1          0.00      0.00      0.00      0.06         0.00
  G72F872_G72F871_l1          0.00      0.00      0.00      0.07         0.00
  G72F873_G72F872_l1          0.00      0.00      0.00      0.11         0.00
  G72F874_G72F873_l1          0.00      0.00      0.00      0.39         0.00
  G72F880_G72F870_l1          0.00      0.00      0.00      0.15         0.00
  G72F890_G72F880_l1          0.00      0.00      0.00      0.17         0.00
  G72F891_G72F890_l1          0.00      0.00      0.00      0.20         0.00
  G72F893_G72F891_l1          0.00      0.00      0.00      0.24         0.00
  G72F894_G72F893_l1          0.00      0.00      0.00      0.21         0.00
  G72K293_G72R293_l1          0.00      0.00      0.00      0.10         0.00
  G72K312_G72F311_l1          0.00      0.00      0.00      0.31         0.00
  G72K560_G72K560_201188562_l1        0.00      0.00      0.00      0.13         0.00
  G72K561_G72F561_l1          0.00      0.00      0.00      0.33         0.00
  G72K562_G72K561_l1          0.00      0.00      0.00      0.25         0.00
  G72K563_G72K562_l1          0.00      0.00      0.00      0.24         0.00
  G72K875_G72F874_l1          0.00      0.00      0.00      0.39         0.00
  G72R150_G72UD02_l1          0.00      0.00      0.00     42.02         0.00
  G72R155_G72R150_l1          0.00      0.00      0.00     41.67         0.00
  G72R160_G72R150_l1          0.00      0.00      0.00     42.09         0.00
  G72R161_G72R160_l1          0.00      0.00      0.00     31.42         0.00
  G72R165_G72R155_l1          0.00      0.00      0.00     31.40         0.00
  G72R200_G72R160_l1          0.00      0.00      0.00     40.61         0.00
  G72R201_G72R200_l1          0.00      0.00      0.00     31.40         0.00
  G72R220_G72R210_l1          0.00      0.00      0.00      0.05         0.00
  G72R240_G72R230_l1          0.00      0.00      0.00      0.18         0.00
  G72R260_G72R240_l1          0.00      0.00      0.00      0.29         0.00
  G72R270_G72R260_l1          0.00      0.00      0.00      0.20         0.00
  G72R280_G72R270_l1          0.00      0.00      0.00      0.22         0.00
  G72R290_G72R280_l1          0.00      0.00      0.00      0.22         0.00
  G72R291_G72R290_l1          0.00      0.00      0.00      0.19         0.00
  G72R292_G72R291_l1          0.00      0.00      0.00      0.18         0.00
  G72R293_G72R292_l1          0.00      0.00      0.00      0.14         0.00
  G72R294_G72R293_l1          0.00      0.00      0.00      0.11         0.00
  G72R295_G72R294_l1          0.00      0.00      0.00      0.08         0.00
  G72R310_G72R220_l1          0.00      0.00      0.00      0.01         0.00
  G72R34R_G72U07R_l1          0.00      0.00      0.00     41.57         0.00
  G72R380_G72R370_l1          0.00      0.00      0.00      0.04         0.00
  G72R470_G72UD54_l1          0.00      0.00      0.00     41.58         0.00
  G72R480_G72R470_l1          0.00      0.00      0.00     41.51         0.00
  G72R490_G72R480_l1          0.00      0.00      0.00     41.44         0.00
  G72R540_G72R530_l1          0.00      0.00      0.00     16.85         0.00
  G72R560_G72R540_l1          0.00      0.00      0.00     40.12         0.00
  G72R570_G72R560_l1          0.00      0.00      0.00     40.75         0.00
  G72R580_G72R570_l1          0.00      0.00      0.00     40.93         0.00
  G72R643_G72UD04_l1          0.00      0.00      0.00      2.83         0.00
  G72R644_G72R643_l1          0.00      0.00      0.00      1.96         0.00
  G72R655_G72R648_l1          0.00      0.00      0.00      0.07         0.00
  G72R656_G72R655_l1          0.00      0.00      0.00      0.20         0.00
  G72R657_G72R656_l1          0.00      0.00      0.00      0.11         0.00
  G72S810_G72F642_l1          0.00      0.00      0.00      1.49         0.00
  G72UD11_G72R580_l1          0.00      0.00      0.00     41.16         0.00
  G73F003_G73F002_l1          0.00      0.00      0.00      0.24         0.00
  G73F004_G73F003_l1          0.00      0.00      0.00      0.12         0.00
  G73F005_G73F003_l1          0.00      0.00      0.00      0.21         0.00
  G73F006_G73F002_l1          0.00      0.00      0.00      0.20         0.00
  G73F007_G73F000_l1          0.00      0.00      0.00      0.01         0.00
  G73F041_G73K040_l1          0.00      0.00      0.00      0.47         0.00
  G73F071_G73F070_l1          0.00      0.00      0.00      0.21         0.00
  G73F080_G73F070_l1          0.00      0.00      0.00      0.24         0.00
  G73F090_G73F080_l1          0.00      0.00      0.00      0.21         0.00
  G73F100_G73F090_l1          0.00      0.00      0.00      0.21         0.00
  G73F110_G73F100_l1          0.00      0.00      0.00      0.18         0.00
  G73F111_G73F110_l1          0.00      0.00      0.00      0.21         0.00
  G73F112_G73F111_l1          0.00      0.00      0.00      0.17         0.00
  G73F113_G73F112_l1          0.00      0.00      0.00      0.15         0.00
  G73F114_G73F113_l1          0.00      0.00      0.00      0.14         0.00
  G73F115_G73F114_l1          0.00      0.00      0.00      0.11         0.00
  G73F116_G73F115_l1          0.00      0.00      0.00      0.07         0.00
  G73F120_G73F110_l1          0.00      0.00      0.00      0.13         0.00
  G73F130_G73F120_l1          0.00      0.00      0.00      0.13         0.00
  G73F140_G73F130_l1          0.00      0.00      0.00      0.20         0.00
  G73F150_G73F140_l1          0.00      0.00      0.00      0.17         0.00
  G73F170_G73F160_l1          0.00      0.00      0.00      0.06         0.00
  G73F180_G73F170_l1          0.00      0.00      0.00      0.16         0.00
  G73F190_G73F180_l1          0.00      0.00      0.00      0.32         0.00
  G73F210_G73F190_l1          0.00      0.00      0.00      0.25         0.00
  G73F220_G73F210_l1          0.00      0.00      0.00      0.19         0.00
  G73F230_G73F220_l1          0.00      0.00      0.00      0.19         0.00
  G73F231_G73F230_l1          0.00      0.00      0.00      0.12         0.00
  G73F233_G73F230_l1          0.00      0.00      0.00      0.11         0.00
  G73F234_G73F233_l1          0.00      0.00      0.00      0.13         0.00
  G73F235_G73F234_l1          0.00      0.00      0.00      0.14         0.00
  G73F240_G73F170_l1          0.00      0.00      0.00      0.10         0.00
  G73F260_G73F240_l1          0.00      0.00      0.00      0.03         0.00
  G73F270_G73F260_l1          0.00      0.00      0.00      0.03         0.00
  G73F273_G73F272_l1          0.00      0.00      0.00      0.20         0.00
  G73F274_G73F273_l1          0.00      0.00      0.00      0.16         0.00
  G73F301_G73F300_l1          0.00      0.00      0.00      0.16         0.00
  G73F363_G73K365_l1          0.00      0.00      0.00      0.15         0.00
  G73F371_G73K370_l1          0.00      0.00      0.00      3.21         0.00
  G73F380_G73K370_l1          0.00      0.00      0.00      3.41         0.00
  G73F381_G73K380_l1          0.00      0.00      0.00      0.64         0.00
  G73F382_G73F381_l1          0.00      0.00      0.00      0.23         0.00
  G73F383_G73G384_l1          0.00      0.00      0.00      0.01         0.00
  G73F385_G73F380_l1          0.00      0.00      0.00      3.44         0.00
  G73F390_G73F380_l1          0.00      0.00      0.00      2.38         0.00
  G73F400_G73F390_l1          0.00      0.00      0.00      2.03         0.00
  G73F410_G73F400_l1          0.00      0.00      0.00      2.09         0.00
  G73F420_G73F410_l1          0.00      0.00      0.00      2.51         0.00
  G73F430_G73F420_l1          0.00      0.00      0.00      2.44         0.00
  G73F500_G73F190_l1          0.00      0.00      0.00      0.30         0.00
  G73F510_G73F500_l1          0.00      0.00      0.00      0.20         0.00
  G73F560_G73F540_l1          0.00      0.00      0.00      0.35         0.00
  G73F570_G73F560_l1          0.00      0.00      0.00      0.31         0.00
  G73F580_G73F670_l1          0.00      0.00      0.00      0.30         0.00
  G73F580_G73K570_l1          0.00      0.00      0.00      0.24         0.00
  G73F590_G73F580_l1          0.00      0.00      0.00      0.23         0.00
  G73F610_G73F590_l1          0.00      0.00      0.00      0.12         0.00
  G73F620_G73F610_l1          0.00      0.00      0.00      0.10         0.00
  G73F671_G73F670_l1          0.00      0.00      0.00      0.27         0.00
  G73F672_G73F671_l1          0.00      0.00      0.00      0.26         0.00
  G73F673_G73F672_l1          0.00      0.00      0.00      0.21         0.00
  G73F674_G73F673_l1          0.00      0.00      0.00      0.10         0.00
  G73G384_G73F385_l1          0.00      0.00      0.00      0.10         0.00
  G73K370_G73F370_l1          0.00      0.00      0.00      3.43         0.00
  G73K570_G73F570_l1          0.00      0.00      0.00      0.26         0.00
  G73K613_G73F612_l1          0.00      0.00      0.00      0.04         0.00
  G73K727_G73R722_l1          0.00      0.00      0.00      0.12         0.00
  G73R450_G73R440_l1          0.00      0.00      0.00      1.15         0.00
  G73R451_G73R450_l1          0.00      0.00      0.00      1.20         0.00
  G73R452_G73R451_l1          0.00      0.00      0.00      1.13         0.00
  G73R453_G73R452_l1          0.00      0.00      0.00      1.11         0.00
  G73R454_G73R452_l1          0.00      0.00      0.00      1.12         0.00
  G73R455_G73R454_l1          0.00      0.00      0.00      1.11         0.00
  G73R460_G73R450_l1          0.00      0.00      0.00      0.86         0.00
  G73R710_G73F710_l1          0.00      0.00      0.00      0.22         0.00
  G73R719_G73K726_l1          0.00      0.00      0.00      1.13         0.00
  G73R721_G73R719_l1          0.00      0.00      0.00      0.19         0.00
  G74F130_G72F120_l1          0.00      0.00      0.00      0.07         0.00
  G74F241_G74F240_l1          0.00      0.00      0.00      0.02         0.00
  G74F270_G74F260_l1          0.00      0.00      0.00      0.10         0.00
  G74F280_G74F270_l1          0.00      0.00      0.00      0.08         0.00
  G74F290_G74F280_l1          0.00      0.00      0.00      0.12         0.00
  G74F310_G74F290_l1          0.00      0.00      0.00      0.14         0.00
  G74F311_G74F310_l1          0.00      0.00      0.00      0.15         0.00
  G74F312_G74F311_l1          0.00      0.00      0.00      0.18         0.00
  G74F320_G74F310_l1          0.00      0.00      0.00      0.12         0.00
  G74F321_G74F320_l1          0.00      0.00      0.00      0.13         0.00
  G74F322_G74F321_l1          0.00      0.00      0.00      0.07         0.00
  G74F323_G74F320_l1          0.00      0.00      0.00      0.08         0.00
  G75F65Y_G75S541_l1          0.00      0.00      0.00     41.48         0.00
  G75F65Y_G75U03F_l1          0.00      0.00      0.00     42.23         0.00
  G75S060_G75S040_l1          0.00      0.00      0.00     42.14         0.00
  G75S080_G75S070_l1          0.00      0.00      0.00     42.08         0.00
  G75S090_G75S080_l1          0.00      0.00      0.00     42.06         0.00
  G75S110_G75S090_l1          0.00      0.00      0.00     42.02         0.00
  G75S120_G75S110_l1          0.00      0.00      0.00     42.02         0.00
  G75S125_G75S120_l1          0.00      0.00      0.00     42.03         0.00
  G75S140_G75S130_l1          0.00      0.00      0.00     42.03         0.00
  G75S160_G75S140_l1          0.00      0.00      0.00     42.02         0.00
  G75S170_G75S160_l1          0.00      0.00      0.00     42.02         0.00
  G75S180_G75S170_l1          0.00      0.00      0.00     42.04         0.00
  G75S190_G75S180_l1          0.00      0.00      0.00     42.03         0.00
  G75S210_G75S190_l1          0.00      0.00      0.00     42.03         0.00
  G75S220_G75S210_l1          0.00      0.00      0.00     42.03         0.00
  G75S230_G75S220_l1          0.00      0.00      0.00     42.08         0.00
  G75S240_G75S230_l1          0.00      0.00      0.00     42.05         0.00
  G75S260_G75S240_l1          0.00      0.00      0.00     42.05         0.00
  G75S270_G75S260_l1          0.00      0.00      0.00     42.14         0.00
  G75S280_G75S270_l1          0.00      0.00      0.00     42.02         0.00
  G75S290_G75S280_l1          0.00      0.00      0.00     42.02         0.00
  G75S310_G75S290_l1          0.00      0.00      0.00     42.16         0.00
  G75S320_G75S310_l1          0.00      0.00      0.00     42.02         0.00
  G75S330_G75S320_l1          0.00      0.00      0.00     42.02         0.00
  G75S340_G75S330_l1          0.00      0.00      0.00     41.99         0.00
  G75S360_G75S340_l1          0.00      0.00      0.00     41.94         0.00
  G75S370_G75S360_l1          0.00      0.00      0.00     41.78         0.00
  G75S380_G75S370_l1          0.00      0.00      0.00     15.94         0.00
  G75S410_G75S270_l1          0.00      0.00      0.00     42.05         0.00
  G75S420_G75S410_l1          0.00      0.00      0.00     42.01         0.00
  G75S430_G75S420_l1          0.00      0.00      0.00     42.01         0.00
  G75S440_G75S430_l1          0.00      0.00      0.00     41.99         0.00
  G75S460_G75S440_l1          0.00      0.00      0.00     41.96         0.00
  G75S470_G75S460_l1          0.00      0.00      0.00     41.94         0.00
  G75S480_G75S470_l1          0.00      0.00      0.00     41.94         0.00
  G75S490_G75S480_l1          0.00      0.00      0.00     41.86         0.00
  G75S510_G75S490_l1          0.00      0.00      0.00     41.82         0.00
  G75S520_G75S510_l1          0.00      0.00      0.00     41.73         0.00
  G75S530_G75S520_l1          0.00      0.00      0.00     41.66         0.00
  G75S540_G75S530_l1          0.00      0.00      0.00     41.61         0.00
  G75S541_G75S540_l1          0.00      0.00      0.00     41.47         0.00
  G80F040_G80F030_l1          0.00      0.00      0.00      8.14         0.00
  G80F060_G80F040_l1          0.00      0.00      0.00      8.28         0.00
  G80F070_G80F060_l1          0.00      0.00      0.00      8.42         0.00
  G80F080_G80F070_l1          0.00      0.00      0.00      8.38         0.00
  G80F090_G80F080_l1          0.00      0.00      0.00      8.28         0.00
  G80F110_G80F090_l1          0.00      0.00      0.00      7.65         0.00
  G80F120_G80F110_l1          0.00      0.00      0.00      7.56         0.00
  G80F130_G80F120_l1          0.00      0.00      0.00      7.12         0.00
  G80F140_G80F130_l1          0.00      0.00      0.00      6.47         0.00
  G80F160_G80F140_l1          0.00      0.00      0.00      5.91         0.00
  G80F170_G80F160_l1          0.00      0.00      0.00      4.61         0.00
  G80F180_G80F170_l1          0.00      0.00      0.00      4.61         0.00
  G80F190_G80F180_l1          0.00      0.00      0.00      7.93         0.00
  G80F210_G80F190_l1          0.00      0.00      0.00      4.29         0.00
  G80F312_G80F311_l1          0.00      0.00      0.00     41.69         0.00
  G80F313_G80F312_l1          0.00      0.00      0.00     41.69         0.00
  G80F340_G80F330_l1          0.00      0.00      0.00     41.64         0.00
  G80F350_G80F340_l1          0.00      0.00      0.00     41.64         0.00
  G80F360_G80F350_l1          0.00      0.00      0.00     41.65         0.00
  G80F370_G80F360_l1          0.00      0.00      0.00     41.65         0.00
  G80F380_G80F370_l1          0.00      0.00      0.00     41.65         0.00
  G80F390_G80F380_l1          0.00      0.00      0.00     26.76         0.00
  G80F400_G80F390_l1          0.00      0.00      0.00     25.45         0.00
  G80F410_G80F400_l1          0.00      0.00      0.00     22.39         0.00
  G80F421_G80F420_l1          0.00      0.00      0.00     24.57         0.00
  G80F440_G80F430_l1          0.00      0.00      0.00      0.20         0.00
  G80F460_G80F440_l1          0.00      0.00      0.00      0.41         0.00
  G80F461_G80F460_l1          0.00      0.00      0.00      0.13         0.00
  G80F462_G80F461_l1          0.00      0.00      0.00      0.11         0.00
  G80F491_G80F490_l1          0.00      0.00      0.00      0.15         0.00
  G80F492_G80F491_l1          0.00      0.00      0.00      0.17         0.00
  G80F493_G80F492_l1          0.00      0.00      0.00      0.14         0.00
  G80F494_G80F493_l1          0.00      0.00      0.00      0.16         0.00
  G80F495_G80F494_l1          0.00      0.00      0.00      0.13         0.00
  G80F496_G80F495_l1          0.00      0.00      0.00      0.05         0.00
  G80F510_G80F390_l1          0.00      0.00      0.00     22.37         0.00
  G80F66X_G80F11B_l1          0.00      0.00      0.00     41.88         0.00
  G80F690_G80F680_l1          0.00      0.00      0.00      0.09         0.00
  G80F710_G80F690_l1          0.00      0.00      0.00      0.12         0.00
  G80F720_G80F710_l1          0.00      0.00      0.00      0.15         0.00
  G80F730_G80F720_l1          0.00      0.00      0.00      0.18         0.00
  G80F740_G80F730_l1          0.00      0.00      0.00      0.20         0.00
  G80F741_G80F740_l1          0.00      0.00      0.00      0.20         0.00
  G80F742_G80F741_l1          0.00      0.00      0.00      0.17         0.00
  G80F743_G80F742_l1          0.00      0.00      0.00      0.12         0.00
  G80O010_G80U03F_l1          0.00      0.00      0.00     42.39         0.00
  H50S820_G80F13P_l1          0.00      0.00      0.00     41.70         0.00
  G80F66Y_G80F310_l1          0.00      0.00      0.00     43.10         0.00
  G80F66X_G80F66Y_l1          0.00      0.00      0.00     42.23         0.00
  G80F330_G80F320_l1          0.00      0.00      0.00     41.64         0.00
  G61F043_G61F042_l1          0.00      0.00      0.00      0.31         0.00
  G73R440_G73R430_l1          0.00      0.00      0.00      1.17         0.00
  
  
  ***************
  Pumping Summary
  ***************

  ---------------------------------------------------------------------------------------------------------
                                                  Min       Avg       Max     Total     Power    % Time Off
                        Percent   Number of      Flow      Flow      Flow    Volume     Usage    Pump Curve
  Pump                 Utilized   Start-Ups       CMS       CMS       CMS  10^6 ltr     Kw-hr    Low   High
  ---------------------------------------------------------------------------------------------------------
  G70F11Pp1               90.12           5      0.00      0.02      0.04     3.218     15.37    0.0    0.0
  G71F12Pp1               35.96         325      0.00      0.02      0.01     0.931     11.57    0.0    0.0
  G71F12Pp2               21.17           4      0.00      0.00      0.00     0.146      1.36    0.0    0.0
  G71F68Yp1                0.00           0      0.00      0.00      0.00     0.000      0.00    0.0    0.0
  G80F13Pp1               88.16          10      0.00      0.03      0.03     3.957    117.58    0.0    0.0
  G70F11Pp2               87.85           5      0.00      0.01      0.04     1.670      7.90    0.0    0.0
  
  

  Analysis begun on:  Tue Aug 11 04:21:58 2026
  Analysis ended on:  Tue Aug 11 04:33:56 2026
  Total elapsed time: 00:11:58
