rel,folder,inpBytes,subcatchments,nodes,links,pollutants,durationH,periods,outEstBytes,rptEstBytes,routingSteps,flags
"EPA\10000FootSurchargeDepth.inp","EPA","4493","0","5","4","0","132","47520","12735745","14718","475200","variable-step,threads=1"
"EPA\10133299-upstream_downstream_rules_for_swmm5.inp","EPA","22808","0","11","11","0","6","2160","1193055","18228","2160","variable-step,threads=1"
"EPA\17100_H&H_Dummy_Link_Elements (1).inp","EPA","4073188","1969","8541","8683","0","2","120","53573438","2773098","120","variable-step,threads=1"
"EPA\17100_H&H_Dummy_Link_Elements (2).inp","EPA","4073188","1969","8541","8683","0","2","120","53573438","2773098","120","variable-step,threads=1"
"EPA\17100_H&H_Dummy_Link_Elements(1).inp","EPA","4073188","1969","8541","8683","0","2","120","53573438","2773098","120","variable-step,threads=1"
"EPA\17100_H&H_Dummy_Link_Elements(2).inp","EPA","4073188","1969","8541","8683","0","2","120","53573438","2773098","120","variable-step,threads=1"
"EPA\17100_H&H_Dummy_Link_Elements.inp","EPA","4073188","1969","8541","8683","0","2","120","53573438","2773098","120","variable-step,threads=1"
"EPA\221_H&H_SI_Units_Elements (1).inp","EPA","1097425","37","88","96","0","36","4320","22832150","69738","12960","variable-step,threads=1"
"EPA\221_H&H_SI_Units_Elements (2).inp","EPA","1097425","37","88","96","0","36","4320","22832150","69738","12960","variable-step,threads=1"
"EPA\221_H&H_SI_Units_Elements(1).inp","EPA","1097425","37","88","96","0","36","4320","22832150","69738","12960","variable-step,threads=1"
"EPA\221_H&H_SI_Units_Elements(2).inp","EPA","1097425","37","88","96","0","36","4320","22832150","69738","12960","variable-step,threads=1"
"EPA\221_H&H_SI_Units_Elements.inp","EPA","1097425","37","88","96","0","36","4320","22832150","69738","12960","variable-step,threads=1"
"EPA\380_nodes.inp","EPA","188611","0","381","382","0","36","432","7297256","126738","2160","variable-step,threads=8"
"EPA\3SecondPulse_EXAMPLE_SW5.inp","EPA","20309","0","33","30","0","10","36000","52561683","29298","360000","variable-step,threads=1"
"EPA\3_Pumps_KW_Ideal_Pumps.inp","EPA","3037","0","1","3","0","12","48","7592","12888","1440","variable-step,threads=1"
"EPA\429_H&H_Elements (1).inp","EPA","141060","28","207","204","0","24","288","2893933","129138","2880","variable-step,threads=1,file-refs=1(missing 1)"
"EPA\429_H&H_Elements (2).inp","EPA","141060","28","207","204","0","24","288","2893933","129138","2880","variable-step,threads=1,file-refs=1(missing 1)"
"EPA\429_H&H_Elements(1).inp","EPA","141060","28","207","204","0","24","288","2893933","129138","2880","variable-step,threads=1,file-refs=1(missing 1)"
"EPA\429_H&H_Elements(2).inp","EPA","141060","28","207","204","0","24","288","2893933","129138","2880","variable-step,threads=1,file-refs=1(missing 1)"
"EPA\429_H&H_Elements.inp","EPA","141060","28","207","204","0","24","288","2893933","129138","2880","variable-step,threads=1,file-refs=1(missing 1)"
"EPA\4687079-extran_pid_3_master.inp","EPA","47657","0","60","58","0","6","72","195115","44148","2160","variable-step,threads=1"
"EPA\5000_Links_linear_links.inp","EPA","7276","0","9","8","0","12","144","64490","14838","4320","variable-step,threads=1"
"EPA\5_H&H_Elements (1).inp","EPA","36591","10","28","27","0","24","288","462331","21438","2880","variable-step,threads=1"
"EPA\5_H&H_Elements (2).inp","EPA","36591","10","28","27","0","24","288","462331","21438","2880","variable-step,threads=1"
"EPA\5_H&H_Elements(1).inp","EPA","36591","10","28","27","0","24","288","462331","21438","2880","variable-step,threads=1"
"EPA\5_H&H_Elements(2).inp","EPA","36591","10","28","27","0","24","288","462331","21438","2880","variable-step,threads=1"
"EPA\5_H&H_Elements.inp","EPA","36591","10","28","27","0","24","288","462331","21438","2880","variable-step,threads=1"
"EPA\72_H&H_Elements (1).inp","EPA","88102","42","37","36","0","8796","144","437063","40818","3166560","variable-step,threads=1"
"EPA\72_H&H_Elements (2).inp","EPA","88102","42","37","36","0","8796","144","437063","40818","3166560","variable-step,threads=1"
"EPA\72_H&H_Elements(1).inp","EPA","88102","42","37","36","0","8796","144","437063","40818","3166560","variable-step,threads=1"
"EPA\72_H&H_Elements(2).inp","EPA","88102","42","37","36","0","8796","144","437063","40818","3166560","variable-step,threads=1"
"EPA\72_H&H_Elements.inp","EPA","88102","42","37","36","0","8796","144","437063","40818","3166560","variable-step,threads=1"
"EPA\ALL_Outfall_Types_Model.inp","EPA","7254","0","6","5","0","12","48","15481","15258","720","variable-step,threads=1"
"EPA\AkanYen.inp","EPA","6679","0","7","6","0","8","480","171341","14238","480","variable-step,threads=1"
"EPA\Allow_Ponding_High_CE.inp","EPA","158234","39","111","112","0","48","576","3589558","49248","576","threads=1"
"EPA\Allow_Ponding_Low_CE.inp","EPA","158237","39","111","112","0","48","576","3589558","49248","5760","variable-step,threads=1"
"EPA\Clocktime_Pump_Rules.inp","EPA","47191","0","57","61","1","6","360","1129113","44148","2160","variable-step,threads=1"
"EPA\CustomConduitShape.inp","EPA","4592","0","2","1","0","2","7200","979500","13098","7200","threads=1"
"EPA\Cycling_pumps.inp","EPA","44685","0","59","59","0","8","2880","7675335","44148","2880","variable-step,threads=1"
"EPA\Duty_Point_Pump.inp","EPA","46994","0","60","58","0","6","2160","5765890","29988","2160","variable-step,threads=1"
"EPA\EXAM2_WITH_DUMMY_LINK_SW5.inp","EPA","8262","0","10","9","0","8","480","234882","15138","480","variable-step,threads=1"
"EPA\EXAM80A_SW5.inp","EPA","5624","0","6","5","0","6","720","225063","15258","21600","variable-step,threads=1"
"EPA\Example_LID_RB.inp","EPA","8929","9","1","0","0","12","720","273936","14448","720","variable-step"
"EPA\Extran_Master_Hydrology.inp","EPA","57488","6","60","60","0","8770","105240","305199110","45948","526200","variable-step,threads=1,file-refs=1(missing 1)"
"EPA\FM_Example2.inp","EPA","7439","0","10","9","0","8","480","234882","15138","2880","variable-step,threads=1"
"EPA\Flat_FM_SeaLevel.inp","EPA","63052","0","134","143","0","30","360","2220088","53838","108000","variable-step"
"EPA\HIGH_BC_CRITICAL_UPSTREAM_DOWNSTREAM_EXAMPLE_SW5.inp","EPA","7907","0","11","10","0","1.67","6000","3192691","17958","6000","variable-step,threads=1"
"EPA\HRSDtest_cim_7.inp","EPA","56576","0","150","149","0","96","34560","229761159","57138","34560","variable-step,threads=1"
"EPA\High_Low_Flow.inp","EPA","26065","0","60","61","0","6","360","985179","44958","2160","variable-step"
"EPA\InflowOrificeRule.inp","EPA","48671","0","60","58","0","6","360","963473","29988","360","variable-step,threads=1"
"EPA\InfoSewer_ICM.inp","EPA","15712","0","18","25","0","23","1380","1381102","18738","8280","variable-step,threads=1"
"EPA\Inlet Pipe test.inp","EPA","34647","1","89","90","0","24","96","391252","39228","86400","variable-step,threads=1"
"EPA\Interceptor.inp","EPA","720125","0","941","986","0","150","1800","76319247","301338","108000","variable-step,threads=1"
"EPA\LID_SI_Units.inp","EPA","17369","11","1","0","0","5","48","21680","13428","300","variable-step,threads=1"
"EPA\Master_Extran_Orifice_Control.inp","EPA","49521","0","60","60","0","6","360","977939","30288","2160","variable-step,threads=1"
"EPA\Master_Extran_RTC.inp","EPA","26171","0","59","58","0","6","2160","5714023","29838","21600","variable-step"
"EPA\Mater_Extran_Vnotch.inp","EPA","43427","0","60","58","0","6","360","963499","44148","2160","variable-step,threads=1"
"EPA\Micro Tunnel Modeling.inp","EPA","100690","17","1","27","0","48","576","678367","23418","34560","variable-step,threads=1"
"EPA\No_Max_Depth_All_Junctions.inp","EPA","1246805","602","1393","1366","0","12","48","3921713","480318","1440","variable-step,threads=1"
"EPA\Normal_Flow_Froude_Number.inp","EPA","6888","0","10","10","0","4","1440","732131","15288","14400","threads=1"
"EPA\One_Pump_FM.inp","EPA","6812","0","10","10","0","23","1380","701687","15288","20700","variable-step,threads=1"
"EPA\One_Sub_Pump_Model.inp","EPA","122559","0","4","4","0","191.83","1151","281256","13488","69060","variable-step"
"EPA\OutfallBC_65_H_Element.inp","EPA","17871","0","37","34","0","25","60","99833","31458","900000","variable-step,threads=1"
"EPA\PID extran_master_swmm34_example_SW5.inp","EPA","51628","0","60","58","1","6","2160","6785427","29988","2160","threads=1"
"EPA\PUMP_STATION.inp","EPA","3558","0","4","4","0","2","24","6267","13488","240","variable-step"
"EPA\Pump_FM_w_RDII_50_Elements.inp","EPA","7387244","0","53","56","0","504","2016","4962396","28638","1814400","variable-step,threads=1"
"EPA\QUICKQ1.inp","EPA","5396","0","6","5","0","1","900","281225","15258","900","variable-step,threads=1"
"EPA\RUNOFF10_SW5.inp","EPA","4171","1","1","0","0","4.17","17","2354","12768","500","variable-step,threads=1"
"EPA\SI_PUMP_MID.inp","EPA","209479","0","479","491","0","119.92","1439","30798900","157788","14390","variable-step"
"EPA\Sewer Model.inp","EPA","232325","0","487","485","0","12","144","3112506","158088","1440","variable-step,threads=1"
"EPA\Small_Pump_FM.inp","EPA","5316","0","3","3","0","12","720","144379","13188","4320","variable-step,threads=1"
"EPA\SurchargeTest.inp","EPA","7493","0","13","11","0","4","240","144674","15888","1440","threads=1"
"EPA\SurchargedWeirs.inp","EPA","6216","0","6","6","0","6","360","119992","15528","360","variable-step,threads=1"
"EPA\Trapezoidal_Channel_SW5_SI_Units.inp","EPA","8832","0","11","10","0","144","173","92702","17958","51840","variable-step,threads=1,file-refs=1(missing 1)"
"EPA\TunnelMH.inp","EPA","4795","0","3","3","0","5","1210","242375","13188","3600","variable-step,threads=1"
"EPA\WALSKI_EXAMPLE_SW5_Short_Peak_Flow.inp","EPA","13417","0","22","21","0","3","360","366825","23898","54000","variable-step,threads=1"
"EPA\airBreak_model.inp","EPA","7339","0","6","7","0","23","1380","486243","14238","16560","variable-step,threads=1"
"EPA\air_release_valve.inp","EPA","6307","0","12","15","0","96","1152","756480","16338","1152","variable-step"
"EPA\attenuation_DW_High_CE.inp","EPA","12808","0","22","21","0","157.33","56640","57547437","23898","566400","variable-step,threads=1"
"EPA\attenuation_KW_High_CE.inp","EPA","12808","0","22","21","0","157.33","56640","57547437","23898","566400","variable-step,threads=1"
"EPA\attenuation_steady_flow.inp","EPA","12807","0","22","21","0","157.33","56640","57547437","23898","566400","variable-step,threads=1"
"EPA\constant_inflow_example_1.inp","EPA","7156","0","8","9","0","12","144","63922","14838","144","threads=1"
"EPA\controlExample.inp","EPA","58334","0","33","33","0","24","288","439879","22188","17280","variable-step,threads=1"
"EPA\diversion_weir_network.inp","EPA","4439","0","10","8","0","6","72","34344","14988","72","variable-step"
"EPA\double_fm.inp","EPA","29773","22","23","24","0","23","92","167634","21318","8280","variable-step,threads=1"
"EPA\dw_node_storage_eqn_SW5.inp","EPA","4698","0","1","1","0","12","720","80896","12828","4320","variable-step,threads=1"
"EPA\empty_user4_extran_SW5.inp","EPA","248797","0","209","209","0","27","324","3014501","74988","19440","variable-step,threads=1"
"EPA\exam79.inp","EPA","5475","0","6","5","0","24","1440","449703","13938","8640","variable-step,threads=1"
"EPA\extran1_KW_Divider.inp","EPA","7785","0","10","10","0","8","32","16924","15288","1440","threads=1"
"EPA\extran1_arch.inp","EPA","7377","0","10","9","0","8","32","16258","17418","1440","threads=1"
"EPA\extran1_baskethandle.inp","EPA","7409","0","10","9","0","8","32","16258","17418","1440","threads=1"
"EPA\extran1_catenary.inp","EPA","7411","0","10","9","0","8","32","16258","17418","1440","threads=1"
"EPA\extran1_custom.inp","EPA","7644","0","10","9","0","8","32","16258","17418","1440","threads=1"
"EPA\extran1_dual_drainage.inp","EPA","11451","0","14","19","0","8","96","76263","17238","5760","variable-step,threads=1"
"EPA\extran1_dummy.inp","EPA","7409","0","10","9","0","8","32","16258","17418","1440","threads=1"
"EPA\extran1_egg.inp","EPA","7409","0","10","9","0","8","32","16258","17418","1440","threads=1"
"EPA\extran1_filled_circular.inp","EPA","7436","0","10","9","0","8","32","16258","17418","1440","threads=1"
"EPA\extran1_forcemain_dw.inp","EPA","7400","0","10","9","0","8","32","16258","17418","1440","threads=1"
"EPA\extran1_forcemain_hw.inp","EPA","7409","0","10","9","0","8","32","16258","17418","1440","threads=1"
"EPA\extran1_gothic.inp","EPA","7409","0","10","9","0","8","32","16258","17418","1440","threads=1"
"EPA\extran1_horizontal_ellipse.inp","EPA","7377","0","10","9","0","8","32","16258","17418","1440","threads=1"
"EPA\extran1_horseshoe.inp","EPA","7411","0","10","9","0","8","32","16258","17418","1440","threads=1"
"EPA\extran1_irregular.inp","EPA","7914","0","10","9","0","8","32","16258","17418","1440","threads=1"
"EPA\extran1_modified_baskethandle.inp","EPA","7404","0","10","9","0","8","32","16258","17418","1440","threads=1"
"EPA\extran1_parabolic.inp","EPA","7409","0","10","9","0","8","32","16258","17418","1440","threads=1"
"EPA\extran1_power.inp","EPA","7409","0","10","9","0","8","32","16258","17418","1440","threads=1"
"EPA\extran1_rect_closed.inp","EPA","7409","0","10","9","0","8","32","16258","17418","1440","threads=1"
"EPA\extran1_rect_open.inp","EPA","7398","0","10","9","0","8","32","16258","15138","1440","threads=1"
"EPA\extran1_rect_round.inp","EPA","7914","0","10","9","0","8","32","16258","17418","1440","threads=1"
"EPA\extran1_rect_triangular.inp","EPA","7941","0","10","9","0","8","32","16258","17418","1440","threads=1"
"EPA\extran1_semi_circular.inp","EPA","7409","0","10","9","0","8","32","16258","17418","1440","threads=1"
"EPA\extran1_semi_elliptical.inp","EPA","7427","0","10","9","0","8","32","16258","17418","1440","threads=1"
"EPA\extran1_triangular.inp","EPA","7398","0","10","9","0","8","32","16258","15138","1440","threads=1"
"EPA\extran1_vertical_ellipse.inp","EPA","7377","0","10","9","0","8","32","16258","17418","1440","threads=1"
"EPA\force_main_example.inp","EPA","131500","0","295","298","0","96","5760","75514543","172398","86400","variable-step,threads=1"
"EPA\force_main_gravity_example.inp","EPA","131507","0","295","298","0","96","5760","902771","172398","86400","variable-step,threads=1"
"EPA\froude_dampen.inp","EPA","979158","0","1864","1891","0","30","1800","148818680","575538","3600","variable-step,threads=1"
"EPA\froude_ignore.inp","EPA","979151","0","1864","1891","0","30","1800","148818680","575538","3600","variable-step,threads=1"
"EPA\froude_keep.inp","EPA","979151","0","1864","1891","0","30","1800","148818680","575538","3600","variable-step,threads=1"
"EPA\high_elevation_model.inp","EPA","4552","0","10","9","0","48","1728","843906","17418","5760","variable-step"
"EPA\infiltration_detetention_pond.inp","EPA","7127","0","2","6","0","36","2160","510191","14448","4320","variable-step,threads=1"
"EPA\jason_dorn_storage_example.inp","EPA","22254","8","17","18","2","24","288","414595","18258","8640","variable-step,threads=1"
"EPA\joseph_pang_example.inp","EPA","6553","0","11","10","0","2","24","13464","17958","720","variable-step,threads=1"
"EPA\leaping_weir_2nd.inp","EPA","21294","0","5","5","0","8","480","138686","13788","14400","variable-step,threads=1"
"EPA\linear_links.inp","EPA","4018","0","9","8","0","96","1152","512042","14838","1152","variable-step"
"EPA\linear_vsp_pump.inp","EPA","49161","0","60","58","0","6","72","195102","44148","2160","variable-step,threads=1"
"EPA\looped_example_1.inp","EPA","9677","0","19","18","0","1.67","100","89459","17838","6000","variable-step,threads=1"
"EPA\looped_fm.inp","EPA","14816","0","18","23","0","4","48","47134","18438","1440","variable-step,threads=1"
"EPA\lowHydCon_SW5.inp","EPA","15436","1","1","0","0","2","24","3222","12768","240","variable-step,threads=1"
"EPA\mainSlot.inp","EPA","3155","0","1","1","0","0.17","600","67465","12588","600","threads=1"
"EPA\manifold_pumps.inp","EPA","53933","0","83","86","0","12","144","548098","37638","1440","variable-step,threads=1"
"EPA\many_Isolated_Nodes.inp","EPA","269230","185","419","516","0","27","405","10704686","169188","9720","variable-step,threads=1"
"EPA\master_extran_with_storage.inp","EPA","44673","0","54","58","1","6","360","1072832","42528","2160","threads=1"
"EPA\model_pump_setting.inp","EPA","12597","3","4","3","0","58","3480","1113987","13608","208800","variable-step,threads=1"
"EPA\pressure_net.inp","EPA","14011","18","19","19","0","23","276","409860","19608","2760","variable-step"
"EPA\pump_exam.inp","EPA","21079","0","33","33","0","72","4320","6568492","22188","518400","variable-step,threads=1"
"EPA\pump_speed_ratio.inp","EPA","44261","0","60","58","0","6","2160","5765899","44148","2160","variable-step,threads=1"
"EPA\pumps_activated_sludge.inp","EPA","7671","0","3","5","0","23","1380","331626","13488","8280","variable-step,threads=1"
"EPA\really_long_pipe_swmm5.inp","EPA","6169","1","3","2","0","12","720","152967","13848","720","variable-step,threads=1"
"EPA\sea_level_pump_model_290_H_Elements.inp","EPA","86949","0","134","143","0","30","360","2220088","53838","108000","variable-step,threads=1"
"EPA\short_trap_SW5.inp","EPA","3936","0","2","1","0","2","120","16602","12738","720000","variable-step,threads=1"
"EPA\simple_two_pump_model.inp","EPA","42778","0","3","4","0","527","31620","6956781","13338","63240","variable-step,threads=1"
"EPA\single_fm.inp","EPA","3889","0","7","6","0","3","180","64582","14238","10800","variable-step"
"EPA\siphon_larger_SW5.inp","EPA","7034","0","11","10","0","5","1800","958291","15438","18000","variable-step,threads=1"
"EPA\small_Orifice.inp","EPA","3685","0","2","2","0","126","126","19966","13368","226800","variable-step,threads=1"
"EPA\small_hydraulic_linear_SI_Units.inp","EPA","23833","0","13","15","0","32","1920","1306711","19848","23040","variable-step,threads=1"
"EPA\small_linear_si_unit_model.inp","EPA","12950","0","21","20","0","23","92","90522","18438","2760","threads=1"
"EPA\small_pump_fm_model.inp","EPA","3908","0","7","8","0","24","288","114570","14538","288","variable-step"
"EPA\small_wwf_dwf.inp","EPA","75044","0","67","66","0","95","284","854544","48198","68400","variable-step,threads=1"
"EPA\swmm5_shapes.inp","EPA","8144","0","10","9","0","8","32","16258","15138","1440","threads=1"
"EPA\transect_example.inp","EPA","49495","0","60","60","0","6","360","977945","44688","360","variable-step,threads=1"
"EPA\transect_glass_wall.inp","EPA","5059","0","6","3","0","6","24","6933","14718","720","variable-step,threads=1"
"EPA\two_orifices.inp","EPA","4591","0","2","2","0","10","1200","187512","13368","3600","variable-step,threads=1"
"EPA\vsp_pump_si_units.inp","EPA","7783","0","7","7","0","58","41760","15702301","16068","41760","variable-step,threads=1"
"Greenville\Greenville_all_SWMM5_Features.inp","Greenville","811903","30","155","235","6","26","312","6102620","73488","9360","variable-step,threads=1"
"Greenville\Greenville_all_SWMM5_Features_SI_Units.inp","Greenville","811380","30","155","235","6","50","3000","58593884","123888","18000","variable-step,threads=1"
"Greenville\Greenville_small_snowmelt_model.inp","Greenville","384789","2","5","5","6","26","312","200290","13968","1560","variable-step,threads=1"
"Hydraulics\10000FootSurchargeDepth.inp","Hydraulics","4493","0","5","4","0","132","47520","12735745","14718","475200","variable-step,threads=1"
"Hydraulics\100_Control_Rules.inp","Hydraulics","5815994","793","4075","4573","0","264","15840","3401144149","2513778","15840","variable-step,threads=1,file-refs=11(missing 11)"
"Hydraulics\10133299-upstream_downstream_rules_for_swmm5.inp","Hydraulics","23596","0","11","11","0","6","2160","1193055","18228","2160","variable-step,threads=1,file-refs=2(missing 2)"
"Hydraulics\17100_H&H_Dummy_Link_Elements.inp","Hydraulics","4073188","1969","8541","8683","0","2","120","53573438","2773098","120","variable-step,threads=1"
"Hydraulics\221_H&H_SI_Units_Elements.inp","Hydraulics","1097374","37","88","96","0","36","4320","22832150","69738","12960","variable-step,threads=1"
"Hydraulics\380_nodes.inp","Hydraulics","188611","0","381","382","0","36","432","7297256","126738","2160","variable-step,threads=8"
"Hydraulics\3SecondPulse_EXAMPLE_SW5.inp","Hydraulics","20309","0","33","30","0","10","36000","52561683","29298","360000","variable-step,threads=1"
"Hydraulics\3_Pumps_KW_Ideal_Pumps.inp","Hydraulics","3037","0","1","3","0","12","48","7592","12888","1440","variable-step,threads=1"
"Hydraulics\429_H&H_Elements.inp","Hydraulics","141060","28","207","204","0","24","288","2893933","129138","2880","variable-step,threads=1,file-refs=1(missing 1)"
"Hydraulics\4687079-extran_pid_3_master.inp","Hydraulics","47657","0","60","58","0","6","72","195115","44148","2160","variable-step,threads=1"
"Hydraulics\5000_Links_linear_links.inp","Hydraulics","7276","0","9","8","0","12","144","64490","14838","4320","variable-step,threads=1"
"Hydraulics\5_H&H_Elements.inp","Hydraulics","36591","10","28","27","0","24","288","462331","21438","2880","variable-step,threads=1"
"Hydraulics\72_H&H_Elements.inp","Hydraulics","88102","42","37","36","0","8796","144","437063","40818","3166560","variable-step,threads=1"
"Hydraulics\ALL_Outfall_Types_Model.inp","Hydraulics","7254","0","6","5","0","12","48","15481","15258","720","variable-step,threads=1"
"Hydraulics\AkanYen.inp","Hydraulics","6679","0","7","6","0","8","480","171341","14238","480","variable-step,threads=1"
"Hydraulics\Allow_Ponding_High_CE.inp","Hydraulics","158234","39","111","112","0","48","576","3589558","49248","576","threads=1"
"Hydraulics\Allow_Ponding_Low_CE.inp","Hydraulics","158234","39","111","112","0","48","576","3589558","49248","576","threads=1"
"Hydraulics\Clocktime_Pump_Rules.inp","Hydraulics","47190","0","57","61","1","6","360","1129113","44148","2160","variable-step,threads=1"
"Hydraulics\CustomConduitShape.inp","Hydraulics","4592","0","2","1","0","2","7200","979500","13098","7200","threads=1"
"Hydraulics\Cycling_pumps.inp","Hydraulics","44683","0","59","59","0","8","2880","7675335","44148","2880","variable-step,threads=1"
"Hydraulics\Duty_Point_Pump.inp","Hydraulics","47416","0","60","58","0","6","2160","5765890","29988","2160","variable-step,threads=1,file-refs=1(missing 1)"
"Hydraulics\EXAM2_WITH_DUMMY_LINK_SW5.inp","Hydraulics","8261","0","10","9","0","8","480","234882","15138","480","variable-step,threads=1"
"Hydraulics\EXAM80A_SW5.inp","Hydraulics","5624","0","6","5","0","6","720","225063","15258","21600","variable-step,threads=1"
"Hydraulics\Example_LID_RB.inp","Hydraulics","8929","9","1","0","0","12","720","273936","14448","720","variable-step"
"Hydraulics\Extran_Master_Hydrology.inp","Hydraulics","57503","6","60","60","0","8770","105240","305199110","45948","526200","variable-step,threads=1,file-refs=1(missing 1)"
"Hydraulics\FM_Example2.inp","Hydraulics","7439","0","10","9","0","8","480","234882","15138","2880","variable-step,threads=1"
"Hydraulics\Flat_FM_SeaLevel.inp","Hydraulics","63052","0","134","143","0","30","360","2220088","53838","108000","variable-step"
"Hydraulics\HIGH_BC_CRITICAL_UPSTREAM_DOWNSTREAM_EXAMPLE_SW5.inp","Hydraulics","7907","0","11","10","0","1.67","6000","3192691","17958","6000","variable-step,threads=1"
"Hydraulics\HRSDtest_cim_7.inp","Hydraulics","56573","0","150","149","0","96","34560","229761159","57138","34560","variable-step,threads=1"
"Hydraulics\High_Low_Flow.inp","Hydraulics","26065","0","60","61","0","6","360","985179","44958","2160","variable-step"
"Hydraulics\InflowOrificeRule.inp","Hydraulics","48671","0","60","58","0","6","360","963473","29988","360","variable-step,threads=1"
"Hydraulics\InfoSewer_ICM.inp","Hydraulics","15731","0","18","25","0","23","1380","1381102","18738","8280","variable-step,threads=1"
"Hydraulics\Inlet Pipe test.inp","Hydraulics","34314","1","89","90","0","24","96","391252","39228","1440","variable-step,threads=1,file-refs=2(missing 2)"
"Hydraulics\Interceptor.inp","Hydraulics","720151","0","941","986","0","150","1800","76319247","301338","108000","variable-step,threads=1"
"Hydraulics\LID_SI_Units.inp","Hydraulics","17369","11","1","0","0","5","48","21680","13428","300","variable-step,threads=1"
"Hydraulics\Master_Extran_Orifice_Control.inp","Hydraulics","49521","0","60","60","0","6","360","977939","30288","2160","variable-step,threads=1"
"Hydraulics\Master_Extran_RTC.inp","Hydraulics","26171","0","59","58","0","6","2160","5714023","29838","21600","variable-step"
"Hydraulics\Mater_Extran_Vnotch.inp","Hydraulics","43427","0","60","58","0","6","360","963499","44148","2160","variable-step,threads=1"
"Hydraulics\Micro Tunnel Modeling.inp","Hydraulics","100690","17","1","27","0","48","576","678367","23418","34560","variable-step,threads=1"
"Hydraulics\No_Max_Depth_All_Junctions.inp","Hydraulics","1333676","604","1393","1367","0","0","0","76654","480648","0","zero-duration,variable-step,threads=1,file-refs=2(missing 2)"
"Hydraulics\Normal_Flow_Froude_Number.inp","Hydraulics","6888","0","10","10","0","4","1440","732131","15288","14400","threads=1"
"Hydraulics\One_Pump_FM.inp","Hydraulics","6812","0","10","10","0","23","1380","701687","15288","20700","variable-step,threads=1"
"Hydraulics\One_Sub_Pump_Model.inp","Hydraulics","122559","0","4","4","0","191.83","1151","281256","13488","69060","variable-step"
"Hydraulics\OutfallBC_65_H_Element.inp","Hydraulics","17934","0","37","34","0","25","60","99833","31458","900000","variable-step,threads=1"
"Hydraulics\PID extran_master_swmm34_example_SW5.inp","Hydraulics","51586","0","60","58","1","6","2160","6785427","29988","2160","threads=1"
"Hydraulics\PUMP_STATION.inp","Hydraulics","3558","0","4","4","0","2","24","6267","13488","240","variable-step"
"Hydraulics\Pump_FM_w_RDII_50_Elements.inp","Hydraulics","7387244","0","53","56","0","504","2016","4962396","28638","1814400","variable-step,threads=1"
"Hydraulics\QUICKQ1.inp","Hydraulics","5396","0","6","5","0","1","900","281225","15258","900","variable-step,threads=1"
"Hydraulics\RUNOFF10_SW5.inp","Hydraulics","4171","1","1","0","0","4.17","17","2354","12768","500","variable-step,threads=1"
"Hydraulics\SI_PUMP_MID.inp","Hydraulics","209479","0","479","491","0","119.92","1439","30798900","157788","14390","variable-step"
"Hydraulics\Sewer Model.inp","Hydraulics","156200","0","511","511","0","24","288","6519022","165588","288","variable-step"
"Hydraulics\Small_Pump_FM.inp","Hydraulics","5316","0","3","3","0","12","720","144379","13188","4320","variable-step,threads=1"
"Hydraulics\SurchargeTest.inp","Hydraulics","7493","0","13","11","0","4","240","144674","15888","1440","threads=1"
"Hydraulics\SurchargedWeirs.inp","Hydraulics","6216","0","6","6","0","6","360","119992","15528","360","variable-step,threads=1"
"Hydraulics\Trapezoidal_Channel_SW5_SI_Units.inp","Hydraulics","8832","0","11","10","0","144","173","92702","17958","51840","variable-step,threads=1,file-refs=1(missing 1)"
"Hydraulics\TunnelMH.inp","Hydraulics","4793","0","3","3","0","5","1210","242375","13188","3600","variable-step,threads=1"
"Hydraulics\WALSKI_EXAMPLE_SW5_Short_Peak_Flow.inp","Hydraulics","13248","0","22","21","0","3","360","366825","23898","54000","variable-step,threads=1"
"Hydraulics\airBreak_model.inp","Hydraulics","7339","0","6","7","0","23","1380","486243","14238","16560","variable-step,threads=1"
"Hydraulics\air_release_valve.inp","Hydraulics","6307","0","12","15","0","96","1152","756480","16338","1152","variable-step"
"Hydraulics\attenuation_DW_High_CE.inp","Hydraulics","12808","0","22","21","0","157.33","56640","57547437","23898","566400","variable-step,threads=1"
"Hydraulics\attenuation_KW_High_CE.inp","Hydraulics","12808","0","22","21","0","157.33","56640","57547437","23898","566400","variable-step,threads=1"
"Hydraulics\attenuation_steady_flow.inp","Hydraulics","12807","0","22","21","0","157.33","56640","57547437","23898","566400","variable-step,threads=1"
"Hydraulics\constant_inflow_example_1.inp","Hydraulics","7156","0","8","9","0","12","144","63922","14838","144","threads=1"
"Hydraulics\controlExample.inp","Hydraulics","58334","0","33","33","0","24","288","439879","22188","17280","variable-step,threads=1"
"Hydraulics\diversion_weir_network.inp","Hydraulics","4439","0","10","8","0","6","72","34344","14988","72","variable-step"
"Hydraulics\double_fm.inp","Hydraulics","29773","22","23","24","0","23","92","167634","21318","8280","variable-step,threads=1"
"Hydraulics\dw_node_storage_eqn_SW5.inp","Hydraulics","4698","0","1","1","0","12","720","80896","12828","4320","variable-step,threads=1"
"Hydraulics\empty_user4_extran_SW5.inp","Hydraulics","248797","0","209","209","0","27","324","3014501","74988","19440","variable-step,threads=1"
"Hydraulics\exam79.inp","Hydraulics","5475","0","6","5","0","24","1440","449703","13938","8640","variable-step,threads=1"
"Hydraulics\extran1_KW_Divider.inp","Hydraulics","7785","0","10","10","0","8","32","16924","15288","1440","threads=1"
"Hydraulics\extran1_arch.inp","Hydraulics","7377","0","10","9","0","8","32","16258","17418","1440","threads=1"
"Hydraulics\extran1_baskethandle.inp","Hydraulics","7537","0","10","9","0","8","32","16258","17418","1440","threads=1"
"Hydraulics\extran1_catenary.inp","Hydraulics","7537","0","10","9","0","8","32","16258","17418","1440","threads=1"
"Hydraulics\extran1_custom.inp","Hydraulics","7644","0","10","9","0","8","32","16258","17418","1440","threads=1"
"Hydraulics\extran1_dual_drainage.inp","Hydraulics","11451","0","14","19","0","8","96","76263","17238","5760","variable-step,threads=1"
"Hydraulics\extran1_dummy.inp","Hydraulics","7537","0","10","9","0","8","32","16258","17418","1440","threads=1"
"Hydraulics\extran1_egg.inp","Hydraulics","7537","0","10","9","0","8","32","16258","17418","1440","threads=1"
"Hydraulics\extran1_filled_circular.inp","Hydraulics","7436","0","10","9","0","8","32","16258","17418","1440","threads=1"
"Hydraulics\extran1_forcemain_dw.inp","Hydraulics","7400","0","10","9","0","8","32","16258","17418","1440","threads=1"
"Hydraulics\extran1_forcemain_hw.inp","Hydraulics","7537","0","10","9","0","8","32","16258","17418","1440","threads=1"
"Hydraulics\extran1_gothic.inp","Hydraulics","7537","0","10","9","0","8","32","16258","17418","1440","threads=1"
"Hydraulics\extran1_horizontal_ellipse.inp","Hydraulics","7377","0","10","9","0","8","32","16258","17418","1440","threads=1"
"Hydraulics\extran1_horseshoe.inp","Hydraulics","7537","0","10","9","0","8","32","16258","17418","1440","threads=1"
"Hydraulics\extran1_irregular.inp","Hydraulics","7914","0","10","9","0","8","32","16258","17418","1440","threads=1"
"Hydraulics\extran1_modified_baskethandle.inp","Hydraulics","7404","0","10","9","0","8","32","16258","17418","1440","threads=1"
"Hydraulics\extran1_parabolic.inp","Hydraulics","7537","0","10","9","0","8","32","16258","17418","1440","threads=1"
"Hydraulics\extran1_power.inp","Hydraulics","7537","0","10","9","0","8","32","16258","17418","1440","threads=1"
"Hydraulics\extran1_rect_closed.inp","Hydraulics","7537","0","10","9","0","8","32","16258","17418","1440","threads=1"
"Hydraulics\extran1_rect_open.inp","Hydraulics","7526","0","10","9","0","8","32","16258","15138","1440","threads=1"
"Hydraulics\extran1_rect_round.inp","Hydraulics","7914","0","10","9","0","8","32","16258","17418","1440","threads=1"
"Hydraulics\extran1_rect_triangular.inp","Hydraulics","7941","0","10","9","0","8","32","16258","17418","1440","threads=1"
"Hydraulics\extran1_semi_circular.inp","Hydraulics","7537","0","10","9","0","8","32","16258","17418","1440","threads=1"
"Hydraulics\extran1_semi_elliptical.inp","Hydraulics","7555","0","10","9","0","8","32","16258","17418","1440","threads=1"
"Hydraulics\extran1_triangular.inp","Hydraulics","7526","0","10","9","0","8","32","16258","15138","1440","threads=1"
"Hydraulics\extran1_vertical_ellipse.inp","Hydraulics","7377","0","10","9","0","8","32","16258","17418","1440","threads=1"
"Hydraulics\force_main_example.inp","Hydraulics","131500","0","295","298","0","96","5760","75514543","172398","86400","variable-step,threads=1"
"Hydraulics\force_main_gravity_example.inp","Hydraulics","122841","0","295","298","0","96","5760","902771","172398","86400","variable-step"
"Hydraulics\froude_dampen.inp","Hydraulics","979156","0","1864","1891","0","30","1800","148818680","575538","3600","variable-step,threads=1"
"Hydraulics\froude_ignore.inp","Hydraulics","979151","0","1864","1891","0","30","1800","148818680","575538","3600","variable-step,threads=1"
"Hydraulics\froude_keep.inp","Hydraulics","979151","0","1864","1891","0","30","1800","148818680","575538","3600","variable-step,threads=1"
"Hydraulics\high_elevation_model.inp","Hydraulics","4552","0","10","9","0","48","1728","843906","17418","5760","variable-step"
"Hydraulics\infiltration_detetention_pond.inp","Hydraulics","7127","0","2","6","0","36","2160","510191","14448","4320","variable-step,threads=1"
"Hydraulics\inlet_capture_test.inp","Hydraulics","5680","0","11","8","0","3","180","89151","17418","360","variable-step,threads=1"
"Hydraulics\jason_dorn_storage_example.inp","Hydraulics","22254","8","17","18","2","24","288","414595","18258","8640","variable-step,threads=1"
"Hydraulics\joseph_pang_example.inp","Hydraulics","6553","0","11","10","0","2","24","13464","17958","720","variable-step,threads=1"
"Hydraulics\leaping_weir_2nd.inp","Hydraulics","21294","0","5","5","0","8","480","138686","13788","14400","variable-step,threads=1"
"Hydraulics\linear_links.inp","Hydraulics","4018","0","9","8","0","96","1152","512042","14838","1152","variable-step"
"Hydraulics\linear_vsp_pump.inp","Hydraulics","49161","0","60","58","0","6","72","195102","44148","2160","variable-step,threads=1"
"Hydraulics\looped_example_1.inp","Hydraulics","9677","0","19","18","0","1.67","100","89459","17838","6000","variable-step,threads=1"
"Hydraulics\looped_fm.inp","Hydraulics","14823","0","18","23","0","4","48","47134","18438","1440","variable-step,threads=1"
"Hydraulics\lowHydCon_SW5.inp","Hydraulics","15436","1","1","0","0","2","24","3222","12768","240","variable-step,threads=1"
"Hydraulics\mainSlot.inp","Hydraulics","3155","0","1","1","0","0.17","600","67465","12588","600","threads=1"
"Hydraulics\manifold_pumps.inp","Hydraulics","53933","0","83","86","0","12","144","548098","37638","1440","variable-step,threads=1"
"Hydraulics\many_Isolated_Nodes.inp","Hydraulics","269230","185","419","516","0","27","405","10704686","169188","9720","variable-step,threads=1"
"Hydraulics\master_extran_with_storage.inp","Hydraulics","44673","0","54","58","1","6","360","1072832","42528","2160","threads=1"
"Hydraulics\model_pump_setting.inp","Hydraulics","12597","3","4","3","0","58","3480","1113987","13608","208800","variable-step,threads=1"
"Hydraulics\pressure_net.inp","Hydraulics","14011","18","19","19","0","23","276","409860","19608","2760","variable-step"
"Hydraulics\pump_exam.inp","Hydraulics","21079","0","33","33","0","72","4320","6568492","22188","518400","variable-step,threads=1"
"Hydraulics\pump_speed_ratio.inp","Hydraulics","44261","0","60","58","0","6","2160","5765899","44148","2160","variable-step,threads=1"
"Hydraulics\pumps_activated_sludge.inp","Hydraulics","7671","0","3","5","0","23","1380","331626","13488","8280","variable-step,threads=1"
"Hydraulics\really_long_pipe_swmm5.inp","Hydraulics","6169","1","3","2","0","12","720","152967","13848","720","variable-step,threads=1"
"Hydraulics\sea_level_pump_model_290_H_Elements.inp","Hydraulics","63120","0","134","143","0","30","360","2220088","53838","108000","variable-step"
"Hydraulics\short_trap_SW5.inp","Hydraulics","3936","0","2","1","0","2","120","16602","12738","720000","variable-step,threads=1"
"Hydraulics\simple_two_pump_model.inp","Hydraulics","42778","0","3","4","0","527","31620","6956781","13338","63240","variable-step,threads=1"
"Hydraulics\single_fm.inp","Hydraulics","3889","0","7","6","0","3","180","64582","14238","10800","variable-step"
"Hydraulics\siphon_larger_SW5.inp","Hydraulics","7034","0","11","10","0","5","1800","958291","15438","18000","variable-step,threads=1"
"Hydraulics\small_Orifice.inp","Hydraulics","3685","0","2","2","0","126","126","19966","13368","226800","variable-step,threads=1"
"Hydraulics\small_hydraulic_linear_SI_Units.inp","Hydraulics","23833","0","13","15","0","32","1920","1306711","19848","23040","variable-step,threads=1"
"Hydraulics\small_linear_si_unit_model.inp","Hydraulics","12950","0","21","20","0","23","92","90522","18438","2760","threads=1"
"Hydraulics\small_pump_fm_model.inp","Hydraulics","3908","0","7","8","0","24","288","114570","14538","288","variable-step"
"Hydraulics\small_wwf_dwf.inp","Hydraulics","51716","0","67","66","0","95","284","854544","48198","68400","variable-step"
"Hydraulics\swmm5_shapes.inp","Hydraulics","8144","0","10","9","0","8","32","16258","15138","1440","threads=1"
"Hydraulics\transect_example.inp","Hydraulics","49495","0","60","60","0","6","360","977945","44688","360","variable-step,threads=1"
"Hydraulics\transect_glass_wall.inp","Hydraulics","5059","0","6","3","0","6","24","6933","14718","720","variable-step,threads=1"
"Hydraulics\two_orifices.inp","Hydraulics","4591","0","2","2","0","10","1200","187512","13368","3600","variable-step,threads=1"
"Hydraulics\vsp_pump_si_units.inp","Hydraulics","7783","0","7","7","0","58","41760","15702301","16068","41760","variable-step,threads=1"
"Hydrology\10_Subs_Continuous.inp","Hydrology","385590","10","9","9","0","5824","69888","54792865","15888","69888","variable-step,threads=1"
"Hydrology\10_Subs_Pond.inp","Hydrology","384966","10","8","8","0","5824","11648","8620220","15588","69888","variable-step,threads=1"
"Hydrology\125_Subs_Horton.inp","Hydrology","2555833","125","880","881","0","768","768","32935836","287688","46080","variable-step,threads=1,file-refs=1(missing 1)"
"Hydrology\137_H&H_Elements (1).inp","Hydrology","150868","29","24","67","0","54","648","1890169","28548","19440","variable-step,threads=1"
"Hydrology\137_H&H_Elements (2).inp","Hydrology","150868","29","24","67","0","54","648","1890169","28548","19440","variable-step,threads=1"
"Hydrology\137_H&H_Elements(1).inp","Hydrology","150868","29","24","67","0","54","648","1890169","28548","19440","variable-step,threads=1"
"Hydrology\137_H&H_Elements(2).inp","Hydrology","150868","29","24","67","0","54","648","1890169","28548","19440","variable-step,threads=1"
"Hydrology\137_H&H_Elements.inp","Hydrology","150868","29","24","67","0","54","648","1890169","28548","19440","variable-step,threads=1"
"Hydrology\15_Subs_SI_Units.inp","Hydrology","107578","15","41","40","0","23.83","286","668991","37308","1430","variable-step,threads=1"
"Hydrology\16_Subs_Continuous_USA_Units.inp","Hydrology","908671","16","15","42","0","1473","8838","15733575","22278","530280","variable-step,threads=1"
"Hydrology\17_Sub_90_Link_USA_Units.inp","Hydrology","276176","17","50","80","0","174","1044","3566116","33318","125280","variable-step,threads=1"
"Hydrology\2002_Nodes_19_RDII_Nodes.inp","Hydrology","1017687","0","1883","1946","0","51","324","27358751","586638","3060","variable-step,threads=1"
"Hydrology\203_RG_Model.inp","Hydrology","631849","0","1395","1484","0","215","860","54439949","444138","25800","variable-step"
"Hydrology\22_Subs.inp","Hydrology","40314","22","55","54","0","3","180","573701","30618","108000","threads=1"
"Hydrology\25_Subcatchments_CN_Infiltration.inp","Hydrology","31975","23","6","5","0","54","3240","3396200","20088","19440","variable-step,threads=1"
"Hydrology\272_RDII_UH_2910_Elements.inp","Hydrology","938318","0","1402","1486","0","95","380","24169823","445488","11400","variable-step,threads=1"
"Hydrology\27_Nodes_5_Subs.inp","Hydrology","36591","10","28","27","0","24","288","462331","21438","2880","variable-step,threads=1"
"Hydrology\27_Subs_Horton.inp","Hydrology","707842","27","28","27","1","24","96","238929","22968","86400","variable-step,threads=1"
"Hydrology\28_Sub_266_Link_USA_Units.inp","Hydrology","291258","28","165","268","0","24","1440","14819605","135078","2880","variable-step,threads=1"
"Hydrology\292_Storage_Nodes_200_Subs.inp","Hydrology","844832","238","120","625","0","24","96","2235896","145458","4320","variable-step,threads=1"
"Hydrology\29a_H&H_Elements_SI_Units (1).inp","Hydrology","13468","4","10","12","0","18","72","49409","15948","2160","variable-step,threads=1"
"Hydrology\29a_H&H_Elements_SI_Units (2).inp","Hydrology","13468","4","10","12","0","18","72","49409","15948","2160","variable-step,threads=1"
"Hydrology\29a_H&H_Elements_SI_Units(1).inp","Hydrology","13468","4","10","12","0","18","72","49409","15948","2160","variable-step,threads=1"
"Hydrology\29a_H&H_Elements_SI_Units(2).inp","Hydrology","13468","4","10","12","0","18","72","49409","15948","2160","variable-step,threads=1"
"Hydrology\29a_H&H_Elements_SI_Units.inp","Hydrology","13468","4","10","12","0","18","72","49409","15948","2160","variable-step,threads=1"
"Hydrology\31_Subs.inp","Hydrology","53118","31","48","47","0","24","96","305398","29328","2880","variable-step,threads=1"
"Hydrology\33_Subs_SI.inp","Hydrology","27557","33","1","0","0","8766","8766","10064208","15408","1051920","variable-step,threads=1"
"Hydrology\3974_Subs_Horton.inp","Hydrology","4104965","3972","4415","4508","0","2","8","2855496","1708218","240","variable-step,threads=8"
"Hydrology\3examples.inp","Hydrology","3331","0","1","3","0","12","48","7592","12888","1440","variable-step,threads=1"
"Hydrology\46_Subs.inp","Hydrology","117256","46","70","69","0","24","1440","6627612","37278","8640","variable-step,threads=1"
"Hydrology\48_Subs.inp","Hydrology","477620","48","268","285","0","71.98","4319","59341481","99558","518280","variable-step,threads=1"
"Hydrology\6426694-infiltration_detetention_pond.inp","Hydrology","7127","0","2","6","0","36","2160","510191","14448","4320","variable-step,threads=1"
"Hydrology\7_Subs.inp","Hydrology","29439","7","31","33","0","23.92","8610","14604466","31038","8610","variable-step,threads=1"
"Hydrology\9388021-BOD5.inp","Hydrology","8604","0","10","9","1","11","660","372906","17418","1320","variable-step,threads=1"
"Hydrology\99_Subs.inp","Hydrology","713736","99","728","739","0","12","48","1741567","241248","1440","variable-step,threads=1"
"Hydrology\9_Subs.inp","Hydrology","46762","9","21","20","0","24","288","364191","19248","2880","variable-step,threads=1"
"Hydrology\AkanYen.inp","Hydrology","6679","0","7","6","0","8","480","171341","14238","480","variable-step,threads=1"
"Hydrology\Baisismodell_SI_Units.inp","Hydrology","5340","2","1","0","0","17543.92","210527","32842464","12618","2105270","variable-step,threads=1"
"Hydrology\C8_100B.inp","Hydrology","217784","127","148","116","0","78","4680","46828006","110238","4680","variable-step"
"Hydrology\CN_Horton.inp","Hydrology","451398","48","268","285","0","52","3120","42872005","99558","3120","variable-step,threads=1"
"Hydrology\Curve_Number_Impervious_Watershed_Example.inp","Hydrology","24235","2","2","1","0","48","17280","3456357","13518","17280","variable-step,threads=1"
"Hydrology\DUPUIT-FORCHHEIMER APPROXIMATION FOR SUBSURFACE Flow.inp","Hydrology","6281","1","3","2","0","36","144","30848","13848","4320","variable-step,threads=1"
"Hydrology\DUPUIT-FORCHHEIMERAPPROXIMATIONFORSUBSURFACEFlow.inp","Hydrology","6281","1","3","2","0","36","144","30848","13848","4320","variable-step,threads=1"
"Hydrology\DefaultLIDvaluesinSWC.inp","Hydrology","20195","4","1","1","0","72","288","26798","12838","4320","variable-step,threads=1"
"Hydrology\Duke West Campus Watershed B.inp","Hydrology","45644","30","52","49","4","8783.92","8784","47014671","30138","105407","threads=8,file-refs=1(missing 1)"
"Hydrology\DukeWestCampusWatershedB.inp","Hydrology","45323","30","52","49","4","8783.92","8784","47014671","30138","105407","threads=8,file-refs=1(missing 1)"
"Hydrology\Dup_Sub.inp","Hydrology","9754","2","2","1","0","23","276","55512","12918","2760","variable-step,threads=1"
"Hydrology\EXAM1_no_adverse_slopes_SW5.INP","Hydrology","7925","0","10","9","0","8","144","70914","15138","1440","variable-step,threads=1"
"Hydrology\EXAM79_SW5.inp","Hydrology","5475","0","6","5","0","24","1440","449703","13938","8640","variable-step,threads=1"
"Hydrology\Ejemplo EPA.inp","Hydrology","39442","2","33","32","1","6","360","661077","22218","720","variable-step,threads=1"
"Hydrology\EjemploEPA.inp","Hydrology","39445","2","33","32","1","6","360","661077","22218","720","variable-step,threads=1"
"Hydrology\Example5-3Aquifers.inp","Hydrology","5635","1","1","0","0","48","192","24050","12528","5760","variable-step,threads=1"
"Hydrology\FINAL FIX OKE SIMULASI EKSISTING KALIBRASI MODEL.inp","Hydrology","59965","29","38","42","0","23.92","144","397910","39978","8610","variable-step,threads=1"
"Hydrology\GWNODE.inp","Hydrology","4951","1","2","1","0","72","4320","726046","13308","4320","variable-step,threads=1"
"Hydrology\GW_INTERACTION.inp","Hydrology","7431","3","3","2","0","168","672","185862","13308","2016","variable-step,threads=1"
"Hydrology\GW_mod_horton_seepage_swmm5.inp","Hydrology","15626","4","4","5","0","48","5760","2258384","15558","172800","variable-step,threads=1"
"Hydrology\GreenAmpt_Huff_Distribution.inp","Hydrology","20596","8","1","0","0","36","2160","752175","13158","2160","variable-step,threads=1"
"Hydrology\Green_Ampt_Impervious_Watershed_Example.inp","Hydrology","24233","2","2","1","0","48","17280","3456357","13518","17280","variable-step,threads=1"
"Hydrology\GreenvilleSnowmelt.inp","Hydrology","2174495","75","926","942","0","96","1152","50196993","299238","11520","variable-step,threads=1"
"Hydrology\Greenville_6LIDControls_All_LID_Usage.inp","Hydrology","504056","30","158","234","2","26.12","314","4052877","73788","3134","variable-step"
"Hydrology\HEC_HMS_HYETOGRAPHS.inp","Hydrology","810340","1","1","0","0","23","276","34466","12528","2760","variable-step,threads=1"
"Hydrology\HortonFromCS.inp","Hydrology","9423","1","2","1","0","23","92","15757","12828","2760","variable-step,threads=1"
"Hydrology\Horton_Continuous_Model.inp","Hydrology","693206","7","45","44","0","696","2784","6272207","26268","41760","variable-step,threads=1,file-refs=1(missing 1)"
"Hydrology\Horton_Huff_Distribution.inp","Hydrology","20596","8","1","0","0","36","2160","752175","13158","2160","variable-step,threads=1"
"Hydrology\Horton_Pervious_Impervious_Watershed_Example.inp","Hydrology","24317","2","2","1","0","48","17280","3456357","13518","17280","variable-step,threads=1"
"Hydrology\KW_No_Links_Swmm5_Runoff.inp","Hydrology","496960","27","29","0","0","24","96","157311","19068","86400","variable-step,threads=1"
"Hydrology\LAR_Zero_RTK.inp","Hydrology","4220","0","2","1","0","6","24","3535","12738","720","variable-step,threads=1"
"Hydrology\LID_Master_Sustain.inp","Hydrology","87276","10","7","7","2","8","96","85872","15288","960","variable-step,threads=1"
"Hydrology\MASTER_GW.inp","Hydrology","17347","4","4","4","5","3.75","225","138264","15288","450","variable-step,threads=1,file-refs=1(missing 1)"
"Hydrology\Modifed_Green_Ampt_Impervious_Watershed_Example.inp","Hydrology","24242","2","2","1","0","48","17280","3456357","13518","17280","variable-step,threads=1"
"Hydrology\Modifed_Horton_Pervious_Impervious_Watershed_Example.inp","Hydrology","24326","2","2","1","0","48","17280","3456357","13518","17280","variable-step,threads=1"
"Hydrology\My_Lake.inp","Hydrology","271628","1","3","5","0","70128","5844","1589980","13578","11688","threads=1"
"Hydrology\Mystorm.inp","Hydrology","5276","1","2","1","0","23","1380","232120","12828","2760","variable-step,threads=1"
"Hydrology\Mystorm_LongTerm.inp","Hydrology","5311","1","2","1","0","8783","526980","88532920","12828","1053960","variable-step,threads=1,file-refs=1(missing 1)"
"Hydrology\NEW_ZEALAND_RDII.inp","Hydrology","5508","0","2","1","0","16","192","26395","12738","5760","variable-step,threads=1"
"Hydrology\OAK.inp","Hydrology","38735","15","39","51","0","24","5760","14425526","39738","5760","variable-step"
"Hydrology\POND_DESIGN.inp","Hydrology","7633","2","14","15","2","36","36","37452","16818","2160","variable-step"
"Hydrology\Pervious_Impervious_Watershed_Example.inp","Hydrology","24317","2","2","1","0","48","17280","3456357","13518","17280","variable-step,threads=1"
"Hydrology\RUNOFF11_REGEN_SW5.inp","Hydrology","26044","1","1","0","0","240","960","119286","12528","2880","variable-step,threads=1"
"Hydrology\RUNOFF19__withCN_SW5.inp","Hydrology","4979","1","2","1","0","2","8","1632","13308","240","variable-step,threads=1"
"Hydrology\RUNOFF26_SW5.inp","Hydrology","9462","4","7","6","0","36","144","70197","16638","4320","variable-step,threads=1"
"Hydrology\RUNOFF30_SW5_KW.inp","Hydrology","10011","4","7","6","0","60","720","349041","14598","7200","variable-step,threads=1"
"Hydrology\RUNOFF31_SW5.inp","Hydrology","8279","2","2","1","2","4.17","17","4446","13518","500","variable-step,threads=1"
"Hydrology\RUNOFF33_SW5.inp","Hydrology","4266","1","1","0","0","12","48","6198","12768","1440","variable-step,threads=1"
"Hydrology\RUNOFF35_SW5.inp","Hydrology","7080","1","4","3","0","3","12","3444","14388","360","variable-step,threads=1"
"Hydrology\RUNOFF36_SW5.inp","Hydrology","3559","1","1","0","0","72","288","35955","12768","8640","variable-step,threads=1,file-refs=1(missing 1)"
"Hydrology\RUNOFF37_SW5.inp","Hydrology","8955","4","7","6","0","36","432","209649","16638","4320","variable-step,threads=1"
"Hydrology\RUNOFF39_SW5.inp","Hydrology","15806","15","19","16","0","1.67","7","10413","24888","200","variable-step,threads=1"
"Hydrology\RUNOFF40_SW5.inp","Hydrology","5528","1","1","0","0","3","12","1734","12768","360","variable-step,threads=1"
"Hydrology\RUNOFF41_SW5.inp","Hydrology","8408","2","2","1","1","4.17","17","4080","13518","500","variable-step,threads=1"
"Hydrology\RUNOFF42_SW5.inp","Hydrology","16344","1","1","0","4","800","3200","499542","12768","96000","variable-step,threads=1"
"Hydrology\RUNOFF43_SW5.inp","Hydrology","17544","4","5","4","5","13.08","53","35358","15558","1570","variable-step,threads=1"
"Hydrology\RUNOFF44_SW5.inp","Hydrology","8942","4","4","0","5","2","8","4088","14208","240","variable-step,threads=1"
"Hydrology\RUNOFF45_SW5.inp","Hydrology","11169","4","5","4","5","2.92","12","8462","15558","350","variable-step,threads=1"
"Hydrology\RUNOFF46_SW5.inp","Hydrology","15786","4","4","4","6","2.92","12","8518","15288","350","variable-step,threads=1"
"Hydrology\RUNOFF4_SW5.inp","Hydrology","6921","1","2","1","0","35","140","23802","13308","4200","variable-step,threads=1"
"Hydrology\RUNOFF8_SW5.inp","Hydrology","8186","4","7","6","0","36","144","70229","16638","4320","variable-step,threads=1"
"Hydrology\RunoffRoutingOptions.inp","Hydrology","11839","3","2","1","0","23","276","64384","13008","2760","variable-step,threads=1"
"Hydrology\SCANLON.inp","Hydrology","135636","46","277","276","0","24","5760","78974698","171258","5760","variable-step"
"Hydrology\SI_GW_Model.inp","Hydrology","9723","4","5","6","0","48","288","126093","14298","5760","variable-step"
"Hydrology\SI_SWMM5BuildupWashoff.inp","Hydrology","9635","1","3","2","1","5","60","14505","13848","3600","variable-step,threads=1"
"Hydrology\SUDS_SWMM5_Example4.inp","Hydrology","81634","10","7","7","2","8","96","85872","15288","2880","variable-step,threads=1"
"Hydrology\SWMM_2EA_ RW_GW.inp","Hydrology","24104","28","1","0","0","8760","35040","34620261","14958","1051200","variable-step,threads=1,file-refs=2(missing 2)"
"Hydrology\SWMM_2EA_RW_GW.inp","Hydrology","23837","28","1","0","0","72","288","285285","14958","8640","variable-step,threads=1"
"Hydrology\SWMM_5 Model_With_LID but no bottom infiltration.inp","Hydrology","10136","1","3","2","1","24","288","68360","13128","17280","variable-step,threads=1"
"Hydrology\SWMM_5Model_With_LID.inp","Hydrology","10136","1","3","2","1","24","288","68360","13128","17280","variable-step,threads=1"
"Hydrology\SWMM_Studyarea_Modelling.inp","Hydrology","186440","50","68","60","0","30","120","543446","35988","3600","variable-step,threads=1"
"Hydrology\Saving_Runoff_File.inp","Hydrology","25717","6","12","9","0","24","1440","1049079","19218","1440","variable-step,threads=1"
"Hydrology\SeasonalRDIIn.inp","Hydrology","10012","1","11","0","0","8790","8790","3199985","14028","1054800","variable-step,threads=1,file-refs=1(missing 1)"
"Hydrology\Simple_4_Sub_H&H (1).inp","Hydrology","284422","4","12","11","0","40","2400","1690434","19338","14400","variable-step,threads=1"
"Hydrology\Simple_4_Sub_H&H (2).inp","Hydrology","284422","4","12","11","0","40","2400","1690434","19338","14400","variable-step,threads=1"
"Hydrology\Simple_4_Sub_H&H(1).inp","Hydrology","284422","4","12","11","0","40","2400","1690434","19338","14400","variable-step,threads=1"
"Hydrology\Simple_4_Sub_H&H(2).inp","Hydrology","284422","4","12","11","0","40","2400","1690434","19338","14400","variable-step,threads=1"
"Hydrology\Simple_4_Sub_H&H.inp","Hydrology","284422","4","12","11","0","40","2400","1690434","19338","14400","variable-step,threads=1"
"Hydrology\Small_KW_Model.inp","Hydrology","32736","4","3","0","0","48","576","154694","13098","576","variable-step,threads=1"
"Hydrology\SubArea_Routing.inp","Hydrology","12571","12","12","0","0","2112","8448","6252216","15168","506880","variable-step,threads=1"
"Hydrology\Subarea Routing.inp","Hydrology","3689","3","3","0","0","3","10800","2549132","13728","10800","threads=1"
"Hydrology\SubareaRouting.inp","Hydrology","3689","3","3","0","0","3","10800","2549132","13728","10800","threads=1"
"Hydrology\Swmm5_Runoff.inp","Hydrology","496960","27","29","0","0","24","96","157311","19068","86400","variable-step,threads=1"
"Hydrology\Use_SeasonalRDIIn.inp","Hydrology","10064","1","11","0","0","8790","8790","3199985","14028","1054800","variable-step,threads=1,file-refs=1(missing 1)"
"Hydrology\feng_scs_test_model.inp","Hydrology","65769","40","6","5","0","30","1800","2866454","23658","10800","variable-step,threads=1"
"Hydrology\feng_scs_test_model_v13.inp","Hydrology","17038","23","6","5","0","30","1800","1887080","20088","10800","variable-step"
"Hydrology\greenroofs.inp","Hydrology","132135","16","19","17","3","60","120","241144","19128","7200","variable-step,threads=1"
"Hydrology\hydrology_100L.inp","Hydrology","59965","29","38","42","0","23.92","144","397910","39978","8610","variable-step,threads=1"
"Hydrology\lid_modeling.inp","Hydrology","12754","4","5","4","5","15.5","930","610670","15558","1860","variable-step,threads=1"
"Hydrology\link_seepage.inp","Hydrology","11027","0","10","9","0","6","4","2599","17418","360","variable-step,threads=1"
"Hydrology\miami_usgs_rdii.inp","Hydrology","17720","4","5","4","5","3.75","45","30104","15558","450","variable-step,threads=1"
"Hydrology\miami_usgs_rdii_runon.inp","Hydrology","17854","4","5","4","5","3.75","45","30104","15558","450","variable-step,threads=1"
"Hydrology\newgw_swmm5_usgs_runoff.inp","Hydrology","20036","4","4","5","5","30","1800","1174182","15558","10800","variable-step,threads=1"
"Hydrology\one_snowmelt_subcatchment.inp","Hydrology","31446","1","3","1","0","48","2880","553257","12978","5760","variable-step,threads=1"
"Hydrology\one_sub_external_rain.inp","Hydrology","5425","1","1","0","0","8928","35712","4428530","12768","1071360","variable-step,threads=1,file-refs=1(missing 1)"
"Hydrology\one_sub_one_rdii_node.inp","Hydrology","6476","1","1","0","0","12","144","18098","12768","1440","variable-step,threads=1"
"Hydrology\really_long_pipe_swmm5.inp","Hydrology","6169","1","3","2","0","12","720","152967","13848","720","variable-step,threads=1"
"Hydrology\rtk_long.inp","Hydrology","3390162","1","2","1","0","5807.92","69695","11709050","13308","348475","variable-step,threads=1"
"Hydrology\rtk_long_r1_only.inp","Hydrology","3390176","1","2","1","0","5807.92","23232","3903266","13308","348475","variable-step,threads=1"
"Hydrology\rtk_long_r2_only.inp","Hydrology","3390176","1","2","1","0","5807.92","23232","3903266","13308","348475","variable-step,threads=1"
"Hydrology\rtk_long_r3_only.inp","Hydrology","3390176","1","2","1","0","5807.92","23232","3903266","13308","348475","variable-step,threads=1"
"Hydrology\rtk_usgs_runoff_rdiii.inp","Hydrology","20221","4","4","5","5","54","3240","2113062","15558","19440","variable-step,threads=1"
"Hydrology\runoff47_sw5.inp","Hydrology","16982","4","5","4","5","3.75","45","30104","15558","450","variable-step,threads=1"
"Hydrology\save_rtk_long.inp","Hydrology","3390217","1","2","1","0","5807.92","23232","3903266","13308","348475","variable-step,threads=1"
"Hydrology\sewer_rdii_problem.inp","Hydrology","468909","24","45","44","0","119","7140","19966462","27798","42840","variable-step,threads=1"
"Hydrology\short_trap_SW5.inp","Hydrology","3936","0","2","1","0","2","120","16602","12738","720000","variable-step,threads=1"
"Hydrology\system.inp","Hydrology","789431","92","662","679","0","24","2880","93572900","393678","2880","variable-step,threads=1"
"Hydrology\transect_glass_wall.inp","Hydrology","5059","0","6","3","0","6","24","6933","14718","720","variable-step,threads=1"
"Hydrology\turf_lid_model.inp","Hydrology","7646","8","4","0","0","263.98","3168","1331088","15048","190068",""
"Hydrology\two_orifices.inp","Hydrology","4591","0","2","2","0","10","1200","187512","13368","3600","variable-step,threads=1"
"Hydrology\user5_sub_patterns.inp","Hydrology","255061","145","198","276","0","8.98","108","1631403","96438","1078","variable-step,threads=1"
"Hydrology\v15_2002_Nodes_19_RDII_Nodes.inp","Hydrology","1017690","0","1883","1946","0","51","324","27358751","586638","3060","variable-step,threads=1"
"Hydrology\washoff_runon.inp","Hydrology","5754","2","1","0","1","3","180","30514","12618","360","variable-step,threads=1"
"LEW_CHI_SWMM5.2\Test Models\onsag_curb_inlet_12_Backwater.inp","LEW_CHI_SWMM5.2","5723","0","6","4","0","3","60","17922","14988","360","variable-step,threads=1"
"LEW_CHI_SWMM5.2\Test Models\onsag_curb_inlet_12_inflow.inp","LEW_CHI_SWMM5.2","6789","0","6","4","0","5","300","88002","14988","18000","variable-step,threads=1"
"LEW_CHI_SWMM5.2\Test Models\onsag_grate_inlet_11_backwater.inp","LEW_CHI_SWMM5.2","5625","0","6","4","0","2","4","1570","14988","240","variable-step,threads=1"
"LEW_CHI_SWMM5.2\Test Models\onsag_grate_inlet_11_inflow.inp","LEW_CHI_SWMM5.2","6840","0","6","4","0","5","300","88002","14988","600","variable-step,threads=1"
"LEW_CHI_SWMM5.2\Test Models\street_curb_inlet_9a-CFS_backwater.inp","LEW_CHI_SWMM5.2","8509","0","14","10","0","6","20","12751","18768","720","variable-step,threads=1"
"LEW_CHI_SWMM5.2\Test Models\street_curb_inlet_9a-CFS_inflow.inp","LEW_CHI_SWMM5.2","9845","0","14","10","0","5","300","181871","18768","600","variable-step,threads=1"
"LEW_CHI_SWMM5.2\Test Models\street_grate_inlet_7_backwater.inp","LEW_CHI_SWMM5.2","5827","0","7","5","0","6","20","7160","15528","720","variable-step,threads=1"
"LEW_CHI_SWMM5.2\Test Models\street_grate_inlet_7_inflow.inp","LEW_CHI_SWMM5.2","7164","0","7","5","0","5","300","101240","15528","600","variable-step,threads=1"
"LEW_CHI_SWMM5.2\Tests_CHI\CoS-Reduced-Inlets.inp","LEW_CHI_SWMM5.2","272245","163","127","121","0","6","360","3879730","113478","21600","variable-step,threads=4"
"LEW_CHI_SWMM5.2\Tests_CHI\CoS-Reduced-Oulets.inp","LEW_CHI_SWMM5.2","288706","163","127","153","0","6","360","4110999","122118","21600","variable-step,threads=4"
"LEW_CHI_SWMM5.2\Tests_CHI\Example7-Final.inp","LEW_CHI_SWMM5.2","28440","7","16","23","0","3","180","205591","24288","720","variable-step,threads=1,file-refs=1(missing 1)"
"LEW_CHI_SWMM5.2\Tests_CHI\Example7-Inlets.inp","LEW_CHI_SWMM5.2","30342","7","20","23","0","3","180","222960","25368","720","variable-step,threads=1,file-refs=1(missing 1)"
"LEW_CHI_SWMM5.2\Tests_CHI\Storage_Shape_Test.inp","LEW_CHI_SWMM5.2","11232","0","4","4","0","6","24","6224","13488","720","variable-step,threads=1"
"LEW_CHI_SWMM5.2\Tests_CHI\Type5_Pump_Test.inp","LEW_CHI_SWMM5.2","5652","0","3","3","0","6","72","14730","13188","4320","threads=1"
"LEW_CHI_SWMM5.2\Tests_CHI\control_rules_test.inp","LEW_CHI_SWMM5.2","5278","0","3","3","0","3","36","7530","13188","360","threads=1"
"LEW_CHI_SWMM5.2\Tests_CHI\drop_grate_inlet_17.inp","LEW_CHI_SWMM5.2","5787","0","7","5","0","6","20","7160","15528","720","variable-step,threads=1"
"LEW_CHI_SWMM5.2\Tests_CHI\drop_grate_inlet_18.inp","LEW_CHI_SWMM5.2","5787","0","7","5","0","6","20","7160","15528","720","variable-step,threads=1"
"LEW_CHI_SWMM5.2\Tests_CHI\onsag_curb_inlet_12.inp","LEW_CHI_SWMM5.2","5452","0","6","4","0","2","4","1570","14988","240","variable-step,threads=1"
"LEW_CHI_SWMM5.2\Tests_CHI\onsag_grate_inlet_11.inp","LEW_CHI_SWMM5.2","5625","0","6","4","0","2","4","1570","14988","240","variable-step,threads=1"
"LEW_CHI_SWMM5.2\Tests_CHI\street_curb_inlet_9a-CFS.inp","LEW_CHI_SWMM5.2","8509","0","14","10","0","6","20","12751","18768","720","variable-step,threads=1"
"LEW_CHI_SWMM5.2\Tests_CHI\street_curb_inlet_9a.inp","LEW_CHI_SWMM5.2","8481","0","14","10","0","6","20","12751","18768","720","variable-step,threads=1"
"LEW_CHI_SWMM5.2\Tests_CHI\street_grate_inlet_7.inp","LEW_CHI_SWMM5.2","5827","0","7","5","0","6","20","7160","15528","720","variable-step,threads=1"
"LEW_CHI_SWMM5.2\Tests_CHI\sweeper_combo_inlet_10.inp","LEW_CHI_SWMM5.2","5874","0","7","5","0","6","20","7160","15528","720","variable-step,threads=1"
"LEW_update_v5113\739300 with Storage.inp","LEW_update_v5113","1292113","0","4","20","0","0.25","900","508446","15888","900","threads=1"
"LEW_update_v5113\739300.inp","LEW_update_v5113","1288793","0","22","20","0","0.25","900","897650","18588","900","variable-step,threads=1"
"LEW_update_v5113\739300_with_storage.inp","LEW_update_v5113","1292109","0","4","20","0","0.25","900","508446","15888","900","threads=1"
"LEW_update_v5113\EXAM80_SW5.INP","LEW_update_v5113","11989","0","12","10","0","6","21600","12010230","15588","21600","variable-step,threads=1"
"LEW_update_v5113\Example1.inp","LEW_update_v5113","36009","16","28","26","4","36","36","105628","21828","2160","variable-step,threads=1"
"LEW_update_v5113\Example1a.inp","LEW_update_v5113","36887","16","28","26","4","36","36","105628","21828","2160","variable-step,threads=1"
"LEW_update_v5113\Example2a.inp","LEW_update_v5113","15561","0","18","18","0","8","32","28546","17688","1440","threads=1"
"LEW_update_v5113\Example2b.inp","LEW_update_v5113","15575","0","18","18","0","8","32","28546","17688","1440","threads=1"
"LEW_update_v5113\Example2c.inp","LEW_update_v5113","15583","0","20","20","0","8","32","31446","18288","1440","threads=1"
"LEW_update_v5113\Example3.inp","LEW_update_v5113","35505","0","66","66","0","24","288","859936","32088","4320","variable-step,threads=1"
"LEW_update_v5113\Example4.inp","LEW_update_v5113","40049","18","2","0","0","12","720","498696","16608","720","variable-step,threads=1"
"LEW_update_v5113\Extran4mod.inp","LEW_update_v5113","17041","0","20","20","0","8","480","456158","18288","1440","threads=1"
"LEW_update_v5113\Jutras.inp","LEW_update_v5113","12691","0","6","8","0","6","360","134428","16068","21600","variable-step,threads=2"
"LEW_update_v5113\Jutras2_v12.inp","LEW_update_v5113","6281","0","3","4","0","6","360","79562","14178","21600","variable-step,threads=2"
"LEW_update_v5113\LidRmvls.inp","LEW_update_v5113","19641","4","4","0","2","16","64","23150","13248","1920","variable-step,threads=1"
"LEW_update_v5113\LidRmvls1.inp","LEW_update_v5113","19785","6","4","0","4","16","64","33456","13428","1920","variable-step,threads=1"
"LEW_update_v5113\PP-Regen.inp","LEW_update_v5113","8961","2","2","0","0","8760","35040","6307468","12768","1051200","variable-step,threads=1,file-refs=2(missing 2)"
"LEW_update_v5113\SubcatchAdjust.inp","LEW_update_v5113","14323","8","0","0","0","16","64","21024","13008","1920","variable-step,threads=1"
"LEW_update_v5113\backinflow.inp","LEW_update_v5113","12749","0","22","20","0","6","360","359618","23628","21600","threads=4"
"LID\8_LID_Example_8_Subs.inp","LID","10949","8","4","0","0","263.98","3168","1331088","15048","190068","threads=1"
"LID\8_LID_Example_8_Subs_Continuous.inp","LID","11358","8","4","0","0","743.98","8928","3750288","15048","535668","threads=1"
"LID\Broomfield LID Underdrain Example US units.inp","LID","7689","2","1","0","0","48","48","7744","12978","5760","variable-step,threads=1"
"LID\LID_Pre_Post.inp","LID","7824","2","2","0","0","47","235","42582","12768","33840","variable-step,threads=1"
"LID\LID_SIngle_Outfall_Upstream.inp","LID","9792","4","3","1","0","48","576","166223","14208","5760","variable-step,threads=1"
"LID\LID_SUDS_MASTER_FILE.inp","LID","21757","7","10","9","0","23.83","96","69208","18888","2860","variable-step,threads=1"
"LID\OneYear_LID_SUDS_MASTER_FILE.inp","LID","21673","7","10","9","0","5135.83","20544","14628184","18888","616300","variable-step,threads=1,file-refs=1(missing 1)"
"LID\Pavement_Sensitivity_w_wo_PP_2Subcatchments.inp","LID","8821","4","1","0","0","48","576","127000","13398","5760","variable-step,threads=1"
"LID\Upstream_w_wo_BC_2Subcatchments_Mod_GA.inp","LID","10033","3","3","1","0","48","48","12629","13998","5760","variable-step,threads=1"
"LID\chatGPT_from_scratch.inp","LID","5237","2","2","2","0","0","0","335","13068","0","zero-duration,variable-step,threads=1"
"LID\infiltration_detetention_pond.inp","LID","7127","0","2","6","0","36","2160","510191","14448","4320","variable-step,threads=1"
"LID\no_units_w_wo_RG_2Subcatchments.inp","LID","6898","2","1","0","0","48","192","30208","12978","5760","variable-step,threads=1"
"LID\turf_lid_model.inp","LID","7646","8","4","0","0","263.98","3168","1331088","15048","190068",""
"LID\variations_on_EMC.inp","LID","16572","12","2","1","1","48","192","111886","15618","5760","variable-step,threads=1"
"LID\w_wo_BC_2Subcatchments.inp","LID","7747","2","1","0","0","48","48","7744","12978","5760","variable-step,threads=1"
"LID\w_wo_BC_2Subcatchments_Mod_GA.inp","LID","7743","2","1","0","0","48","48","7744","12978","5760","variable-step,threads=1"
"LID\w_wo_BC_2Subcatchments_Mod_GA_OpenAI.inp","LID","9948","4","1","0","0","48","48","10892","13398","5760","variable-step,threads=1"
"LID\w_wo_GR_2Subcatchments.inp","LID","6636","2","1","0","0","48","192","30208","12978","5760","variable-step,threads=1"
"LID\w_wo_IT_2Subcatchments.inp","LID","7625","2","2","1","0","48","192","38694","13518","5760","variable-step,threads=1"
"LID\w_wo_LID_Trench_2Subcatchments.inp","LID","7467","1","2","1","0","48","192","32542","13308","5760","variable-step,threads=1"
"LID\w_wo_PP_2Subcatchments.inp","LID","7003","2","1","0","0","48","192","30208","12978","5760","variable-step,threads=1"
"LID\w_wo_RB_2Subcatchments.inp","LID","6550","2","1","0","0","48","192","30208","12978","5760","variable-step,threads=1"
"LID\w_wo_RG_2Subcatchments.inp","LID","6554","2","1","0","0","48","192","30208","12978","5760","variable-step,threads=1"
"LID\w_wo_SWALE_2Subcatchments.inp","LID","7350","2","1","0","0","48","192","30214","12978","5760","variable-step,threads=1"
"LID\wq_w_wo_RG_2Subcatchments.inp","LID","8623","2","1","0","3","48","192","37187","12978","5760","variable-step,threads=1"
"NCIMM_ROUTING\1000_H&H_Elements.inp","NCIMM_ROUTING","992486","603","1392","1389","0","","0","77272","483708","0","no-end-date"
"NCIMM_ROUTING\2383_H&H_Link_Elements.inp","NCIMM_ROUTING","2683163","417","2363","2383","0","47","276","32673140","761718","16920","variable-step,threads=1"
"NCIMM_ROUTING\29STREET.inp","NCIMM_ROUTING","49571","0","80","79","0","25","18000","64228370","55218","18000","variable-step,threads=1"
"NCIMM_ROUTING\2D.inp","NCIMM_ROUTING","992470","603","1392","1389","0","","0","77272","483708","0","no-end-date"
"NCIMM_ROUTING\AddedPondedArea_SWMM file.inp","NCIMM_ROUTING","25858","21","22","21","0","54","216","365973","20628","19440","variable-step,threads=1"
"NCIMM_ROUTING\Ajax SWMM Model 1.inp","NCIMM_ROUTING","3566616","1982","1998","1984","3","11736","11736","2613631642","787968","140832","variable-step,threads=1,file-refs=3(missing 3)"
"NCIMM_ROUTING\DDC_SWMM_24HR_100YR.inp","NCIMM_ROUTING","12206941","107","351","403","0","48","2880","57551601","238338","172800","variable-step,threads=1"
"NCIMM_ROUTING\Detentionpond.inp","NCIMM_ROUTING","15368","8","13","13","1","3","2160","2230107","20988","2160","variable-step,threads=1"
"NCIMM_ROUTING\Existing System 2008.inp","NCIMM_ROUTING","196314","0","521","526","0","48","2880","66528920","169338","34560","threads=1"
"NCIMM_ROUTING\FM_OFFSET_ISSUE.inp","NCIMM_ROUTING","68492","0","125","132","0","24","1440","8225231","50838","17280","variable-step,threads=1"
"NCIMM_ROUTING\FTR_Prelim_Model_Updated.inp","NCIMM_ROUTING","1439023","471","1625","1470","0","24","240","20128323","518928","115200","variable-step,threads=1"
"NCIMM_ROUTING\SWMM_EHH_Geog_AlvaroMiguel_Cenario1.inp","NCIMM_ROUTING","22389","17","31","31","0","3","360","713127","32598","2160","variable-step,threads=1,file-refs=1(missing 1)"
"NCIMM_ROUTING\Terreno parz. saturo.inp","NCIMM_ROUTING","4961579","4989","4877","5068","0","239","2868","1084741336","1953048","2868","variable-step,threads=1"
"NCIMM_ROUTING\daily_rainfall.inp","NCIMM_ROUTING","19871","2","9","8","0","1023","43","22477","15018","3682800","variable-step,threads=1"
"NCIMM_ROUTING\don.inp","NCIMM_ROUTING","754703","349","892","924","0","","0","49575","316098","0","no-end-date"
"NCIMM_ROUTING\future2050.inp","NCIMM_ROUTING","34359","0","29","30","0","2","120","165310","21138","720","variable-step,threads=1"
"NCIMM_ROUTING\large_rivers.inp","NCIMM_ROUTING","9841518","5415","12209","12895","0","","0","741157","4265238","0","no-end-date"
"NCIMM_ROUTING\outletdividers.inp","NCIMM_ROUTING","269180","0","21","20","0","23","276","269614","18438","11829","variable-step,threads=1"
"NCIMM_ROUTING\parra.inp","NCIMM_ROUTING","37040","0","27","31","0","6.44","1160","1551232","27948","1160","variable-step,threads=1"
"NCIMM_ROUTING\pogg21.inp","NCIMM_ROUTING","1919967","1196","1145","1174","0","0","0","72626","467778","0","zero-duration,variable-step,threads=1"
"NCIMM_ROUTING\river.inp","NCIMM_ROUTING","26666","0","17","18","0","18","540","452413","21738","21600","variable-step,threads=1"
"NCIMM_ROUTING\salmon_restoration.inp","NCIMM_ROUTING","10616","0","7","12","0","8","1920","914530","17418","1920","variable-step,threads=1"
"NCIMM_ROUTING\settling wave.inp","NCIMM_ROUTING","8255","0","12","10","0","6","720","401005","18228","1440","variable-step,threads=1"
"NCIMM_ROUTING\small_si_transects.inp","NCIMM_ROUTING","9981","2","15","14","0","10","2400","1853619","20538","2400","variable-step,threads=1"
"NCIMM_ROUTING\water.inp","NCIMM_ROUTING","11298","0","33","20","0","6","24","31473","20238","720","variable-step,threads=1"
"NCIMM_ROUTING\wqSWMM.inp","NCIMM_ROUTING","487544","555","569","570","0","","0","44928","233088","0","no-end-date"
"OWA_EXTRAN\EDSYPHON.inp","OWA_EXTRAN","7155","0","7","8","0","1","120","48076","16338","120","variable-step,threads=1"
"OWA_EXTRAN\EPANET_SWMMHazenWilliamscomparison.inp","OWA_EXTRAN","5777","0","9","11","0","2","8","4634","15288","720",""
"OWA_EXTRAN\EXAM12_SW5.INP","OWA_EXTRAN","6880","0","7","7","0","2.5","300","113349","16068","300","variable-step,threads=1"
"OWA_EXTRAN\EXAM1_45_days_SW5.INP","OWA_EXTRAN","7939","0","10","9","0","1080","6480","3162882","15138","6480","variable-step,threads=1"
"OWA_EXTRAN\EXAM1_ICM.inp","OWA_EXTRAN","7984","0","10","9","0","8","480","234909","17418","480","variable-step,file-refs=1(missing 1)"
"OWA_EXTRAN\EXAM1_OUTLET_Curve_SI.inp","OWA_EXTRAN","8171","0","10","9","0","8","480","234882","17418","480","variable-step,threads=1"
"OWA_EXTRAN\EXAM1_SW5.inp","OWA_EXTRAN","7930","0","10","9","0","8","480","234882","17418","480","variable-step,file-refs=1(missing 1)"
"OWA_EXTRAN\EXAM1_SW5_external_load_of_tss.inp","OWA_EXTRAN","8872","0","10","9","1","8","480","271385","17418","2880","variable-step,threads=1"
"OWA_EXTRAN\EXAM1_no_adverse_slopes_SW5.INP","OWA_EXTRAN","7925","0","10","9","0","8","144","70914","15138","1440","variable-step,threads=1"
"OWA_EXTRAN\EXAM21_SW5.inp","OWA_EXTRAN","6222","0","9","8","0","4","240","107097","14838","2400","variable-step,threads=1"
"OWA_EXTRAN\EXAM25_SW5.INP","OWA_EXTRAN","4541","0","4","3","0","2.88","104","23643","13338","1038","variable-step,threads=1"
"OWA_EXTRAN\EXAM2_WITH_Fixed_Stage.inp","OWA_EXTRAN","7418","0","10","9","0","8","960","469122","15138","28800","variable-step,threads=1"
"OWA_EXTRAN\EXAM2_WITH_TIDE_SW5.inp","OWA_EXTRAN","7645","0","10","9","0","8","960","469122","15138","960","variable-step,threads=1"
"OWA_EXTRAN\EXAM2_long_step_SW5.inp","OWA_EXTRAN","7462","0","10","9","0","8","96","47490","15138","96","variable-step,threads=1"
"OWA_EXTRAN\EXAM2_with_numerical_problem_SW5.inp","OWA_EXTRAN","8778","0","10","10","0","12","4320","2195219","15288","4320","variable-step,threads=1"
"OWA_EXTRAN\EXAM30_SW5.inp","OWA_EXTRAN","6887","0","11","10","0","4","480","255976","15438","480","variable-step,threads=1"
"OWA_EXTRAN\EXAM32_SW5.inp","OWA_EXTRAN","4655","0","1","2","0","16.67","600","79515","13098","6000","variable-step,threads=1"
"OWA_EXTRAN\EXAM60_SW5.INP","OWA_EXTRAN","8412","0","13","12","0","4","1440","893517","16038","14400","variable-step,threads=1"
"OWA_EXTRAN\EXAM70_SW5.INP","OWA_EXTRAN","4094","0","4","3","0","3","12","3046","14178","1080","variable-step,threads=1"
"OWA_EXTRAN\EXAM7_with_pump3_SW5.INP","OWA_EXTRAN","8320","0","10","10","0","8","96","49446","15288","480","variable-step,threads=1"
"OWA_EXTRAN\EXAM7_with_pump3_TS_Rule.inp","OWA_EXTRAN","8496","0","10","10","0","8","144","73815","15288","1440","variable-step,threads=1"
"OWA_EXTRAN\EXAM80_Storage.inp","OWA_EXTRAN","6342","0","4","5","0","6","360","95429","13638","21600","variable-step,threads=1"
"OWA_EXTRAN\EXAM80a.INP","OWA_EXTRAN","5994","0","6","5","0","6","72","22887","15258","2160","variable-step,threads=1"
"OWA_EXTRAN\PumpRTC_exam1.inp","OWA_EXTRAN","8352","0","10","11","0","8","32","17585","15438","1440","threads=1"
"OWA_EXTRAN\SI_very_simple_cfs_flow_import_ICM_SWMM.inp","OWA_EXTRAN","4223","0","2","1","0","8","480","65562","12738","1440","threads=1"
"OWA_EXTRAN\barrels_custom_shape.inp","OWA_EXTRAN","4538","0","10","9","0","8","32","16258","17418","1440",""
"OWA_EXTRAN\bug_item11_swmm5.1.014_more_links_than_nodes (1).inp","OWA_EXTRAN","8974","0","10","13","0","8","32","18902","15738","1440","threads=1"
"OWA_EXTRAN\bug_item11_swmm5.1.014_more_links_than_nodes (2).inp","OWA_EXTRAN","8974","0","10","13","0","8","32","18902","15738","1440","threads=1"
"OWA_EXTRAN\bug_item11_swmm5.1.014_more_links_than_nodes(1).inp","OWA_EXTRAN","8974","0","10","13","0","8","32","18902","15738","1440","threads=1"
"OWA_EXTRAN\bug_item11_swmm5.1.014_more_links_than_nodes.inp","OWA_EXTRAN","8974","0","10","13","0","8","32","18902","15738","1440","threads=1"
"OWA_EXTRAN\bug_item8_link_seepage.inp","OWA_EXTRAN","10079","0","10","13","0","8","32","18902","15738","1440","threads=1"
"OWA_EXTRAN\emc_exam1.inp","OWA_EXTRAN","8626","0","9","9","1","56","224","120708","14988","10080","threads=1"
"OWA_EXTRAN\exam1.inp","OWA_EXTRAN","7903","0","10","10","0","8","32","16920","15288","1440","threads=1"
"OWA_EXTRAN\exam1_PID_Freeboard.inp","OWA_EXTRAN","7643","0","10","9","0","8","32","16258","15138","1440","threads=1"
"OWA_EXTRAN\exam1_negative_flow_examples.inp","OWA_EXTRAN","7424","0","10","9","0","6","360","176322","17418","4320","threads=1"
"OWA_EXTRAN\extran1.inp","OWA_EXTRAN","7376","0","10","9","0","8","32","16258","15138","1440","threads=1"
"OWA_EXTRAN\extran10.inp","OWA_EXTRAN","6280","0","1","6","0","5","30","6743","13338","300","threads=1"
"OWA_EXTRAN\extran10_slot.inp","OWA_EXTRAN","6301","0","1","6","0","5","30","6743","13338","300","threads=1"
"OWA_EXTRAN\extran1_circular.inp","OWA_EXTRAN","7390","0","10","9","0","8","32","16258","15138","1440","threads=1"
"OWA_EXTRAN\extran1_circular_100_feet_long.inp","OWA_EXTRAN","7415","0","10","9","0","8","32","16258","15138","28800","threads=1"
"OWA_EXTRAN\extran1_control_rules.inp","OWA_EXTRAN","7494","0","10","9","0","8","32","16258","15138","480","threads=1"
"OWA_EXTRAN\extran1_control_rules_wq.inp","OWA_EXTRAN","8127","0","10","9","1","8","32","18713","15138","480","threads=1"
"OWA_EXTRAN\extran1_negative_depth.inp","OWA_EXTRAN","7409","0","10","9","0","8","32","16258","15138","1440","threads=1"
"OWA_EXTRAN\extran1_rectangular.inp","OWA_EXTRAN","7390","0","10","9","0","8","32","16258","15138","1440","threads=1"
"OWA_EXTRAN\extran1_slot.inp","OWA_EXTRAN","7425","0","10","9","0","8","32","16258","15138","1440","threads=1"
"OWA_EXTRAN\extran2.inp","OWA_EXTRAN","7644","0","10","9","0","8","32","16258","15138","1440","threads=1"
"OWA_EXTRAN\extran2_slot.inp","OWA_EXTRAN","7440","0","10","9","0","8","32","16258","15138","1440","threads=1"
"OWA_EXTRAN\extran3.inp","OWA_EXTRAN","7799","0","10","10","0","8","96","49435","15288","1440","threads=1"
"OWA_EXTRAN\extran3_RC.inp","OWA_EXTRAN","8817","0","9","11","0","8","96","49048","15288","1440","threads=1"
"OWA_EXTRAN\extran3_RTC.inp","OWA_EXTRAN","7926","0","10","10","0","8","96","49435","15288","1440","threads=1"
"OWA_EXTRAN\extran3_RTC_Rule.inp","OWA_EXTRAN","8586","0","9","10","0","8","480","232966","17418","1440","threads=1"
"OWA_EXTRAN\extran3_dummy_link.inp","OWA_EXTRAN","7799","0","10","10","0","8","96","49435","15288","1440","threads=1"
"OWA_EXTRAN\extran3_dummy_links.inp","OWA_EXTRAN","7408","0","10","9","0","8","96","47490","17418","1440","threads=1"
"OWA_EXTRAN\extran3_noInflow.inp","OWA_EXTRAN","7353","0","10","10","0","0","5","3207","15288","50","threads=1"
"OWA_EXTRAN\extran3_noInflow_circular_outfall.inp","OWA_EXTRAN","7353","0","10","10","0","0","5","3207","15288","50","threads=1"
"OWA_EXTRAN\extran3_slot.inp","OWA_EXTRAN","7857","0","10","10","0","8","96","49435","15288","1440","threads=1"
"OWA_EXTRAN\extran4.inp","OWA_EXTRAN","7897","0","10","10","0","8","32","16923","15288","1440","threads=1"
"OWA_EXTRAN\extran4_roadway.inp","OWA_EXTRAN","8074","0","10","10","0","8","32","16923","15288","1440","threads=1"
"OWA_EXTRAN\extran4_slot.inp","OWA_EXTRAN","7956","0","10","10","0","8","32","16923","15288","1440","threads=1"
"OWA_EXTRAN\extran4_slot_outlet_bc.inp","OWA_EXTRAN","8418","0","10","10","1","8","480","282933","15288","1440","threads=1"
"OWA_EXTRAN\extran4_slot_outlet_link.inp","OWA_EXTRAN","7849","0","10","10","0","8","32","16923","15288","1440","threads=1"
"OWA_EXTRAN\extran4_slot_zero_width.inp","OWA_EXTRAN","7971","0","10","10","0","8","32","16923","17688","1440","threads=1"
"OWA_EXTRAN\extran5.inp","OWA_EXTRAN","8276","0","10","10","0","8","32","16923","15288","1440","threads=1"
"OWA_EXTRAN\extran5_slot.inp","OWA_EXTRAN","8303","0","10","10","0","8","32","16923","15288","1440","threads=1"
"OWA_EXTRAN\extran6.inp","OWA_EXTRAN","8325","0","11","11","0","8","32","18376","15588","1440","threads=1"
"OWA_EXTRAN\extran6_slot.inp","OWA_EXTRAN","8352","0","11","11","0","8","32","18376","15588","1440","threads=1"
"OWA_EXTRAN\extran6_type1.inp","OWA_EXTRAN","8326","0","11","11","0","8","32","18376","15588","1440","threads=1"
"OWA_EXTRAN\extran7.inp","OWA_EXTRAN","7981","0","10","10","0","8","32","16923","15288","1440","threads=1"
"OWA_EXTRAN\extran7_high_pump_rate.inp","OWA_EXTRAN","7959","0","10","10","0","8","480","244507","15288","1440","threads=1"
"OWA_EXTRAN\extran7_rules.inp","OWA_EXTRAN","8513","0","10","10","0","8","96","49431","15288","1440","threads=1"
"OWA_EXTRAN\extran7_slot.inp","OWA_EXTRAN","8008","0","10","10","0","8","32","16923","15288","1440","threads=1"
"OWA_EXTRAN\extran7_type3_high_pump_rate.inp","OWA_EXTRAN","7959","0","10","10","0","8","480","244507","15288","1440","threads=1"
"OWA_EXTRAN\extran8a.inp","OWA_EXTRAN","7442","0","10","9","0","1","4","2603","15138","180","threads=1"
"OWA_EXTRAN\extran8a_slot.inp","OWA_EXTRAN","7469","0","10","9","0","1","4","2603","15138","180","threads=1"
"OWA_EXTRAN\extran8b.inp","OWA_EXTRAN","7883","0","10","9","0","2.02","13","6995","15138","363","threads=1"
"OWA_EXTRAN\extran8b_slot.inp","OWA_EXTRAN","7910","0","10","9","0","2.02","13","6995","15138","363","threads=1"
"OWA_EXTRAN\extran9.inp","OWA_EXTRAN","5131","0","1","1","0","10","40","4742","12588","120","threads=1"
"OWA_EXTRAN\extran9_slot.inp","OWA_EXTRAN","5156","0","1","1","0","10","40","4742","12588","120","threads=1"
"OWA_EXTRAN\extran9_with_slash.inp","OWA_EXTRAN","5098","0","1","1","0","10","40","4742","12588","120","threads=1"
"OWA_EXTRAN\longTS_extran1.inp","OWA_EXTRAN","7393","0","10","9","0","438320","1753280","855601282","15138","52598400","variable-step,threads=1"
"OWA_EXTRAN\mod_extran1.inp","OWA_EXTRAN","7392","0","10","9","0","8","480","234882","17418","1440","threads=1"
"OWA_EXTRAN\very_simple_cfs_flow_import_ICM_SWMM.inp","OWA_EXTRAN","4226","0","2","1","0","8","480","65562","12738","1440","threads=1"
"OWA_ROUTING\routing_allow_ponding.inp","OWA_ROUTING","6356","0","11","10","0","5","600","319815","15438","3600",""
"OWA_ROUTING\routing_branching_network.inp","OWA_ROUTING","3719","0","7","6","0","8","480","171361","14238","5760",""
"OWA_ROUTING\routing_cms_units.inp","OWA_ROUTING","6374","0","11","10","0","5","600","319815","15438","3600",""
"OWA_ROUTING\routing_combo_all_links.inp","OWA_ROUTING","3699","0","5","6","0","10","600","185243","13938","7200","variable-step"
"OWA_ROUTING\routing_controls_rules.inp","OWA_ROUTING","6549","0","11","10","0","5","600","319815","15438","3600",""
"OWA_ROUTING\routing_culvert_codes.inp","OWA_ROUTING","6281","0","11","10","0","5","600","319815","15438","3600",""
"OWA_ROUTING\routing_divider.inp","OWA_ROUTING","2748","0","5","4","0","8","480","129029","13638","5760",""
"OWA_ROUTING\routing_dwf.inp","OWA_ROUTING","6529","0","11","10","0","5","600","319815","15438","3600",""
"OWA_ROUTING\routing_force_main_dw.inp","OWA_ROUTING","6415","0","11","10","0","5","600","319815","15438","3600",""
"OWA_ROUTING\routing_force_main_hw.inp","OWA_ROUTING","6415","0","11","10","0","5","600","319815","15438","3600",""
"OWA_ROUTING\routing_inertial_full.inp","OWA_ROUTING","6341","0","11","10","0","5","600","319815","15438","3600",""
"OWA_ROUTING\routing_inertial_partial.inp","OWA_ROUTING","6347","0","11","10","0","5","600","319815","15438","3600",""
"OWA_ROUTING\routing_init_depth.inp","OWA_ROUTING","6348","0","11","10","0","5","600","319815","15438","3600",""
"OWA_ROUTING\routing_init_flow.inp","OWA_ROUTING","6346","0","11","10","0","5","600","319815","15438","3600",""
"OWA_ROUTING\routing_kinwave.inp","OWA_ROUTING","6348","0","11","10","0","5","600","319815","15438","3600",""
"OWA_ROUTING\routing_lengthening_step.inp","OWA_ROUTING","6340","0","11","10","0","5","600","319815","15438","3600",""
"OWA_ROUTING\routing_losses_flapgates.inp","OWA_ROUTING","7186","0","11","10","0","5","600","319815","15438","3600",""
"OWA_ROUTING\routing_mixed_shapes.inp","OWA_ROUTING","6354","0","11","10","0","5","600","319815","15438","3600",""
"OWA_ROUTING\routing_multi_barrels.inp","OWA_ROUTING","6249","0","11","10","0","5","600","319815","15438","3600",""
"OWA_ROUTING\routing_multi_inflows.inp","OWA_ROUTING","6435","0","11","10","0","5","600","319815","15438","3600",""
"OWA_ROUTING\routing_normal_froude.inp","OWA_ROUTING","6348","0","11","10","0","5","600","319815","15438","3600",""
"OWA_ROUTING\routing_orifice.inp","OWA_ROUTING","2485","0","4","3","0","8","480","107870","13338","5760",""
"OWA_ROUTING\routing_outfall_fixed.inp","OWA_ROUTING","6347","0","11","10","0","5","600","319815","15438","3600",""
"OWA_ROUTING\routing_outfall_gated.inp","OWA_ROUTING","6355","0","11","10","0","5","600","319815","15438","3600",""
"OWA_ROUTING\routing_outfall_normal.inp","OWA_ROUTING","6347","0","11","10","0","5","600","319815","15438","3600",""
"OWA_ROUTING\routing_outfall_tidal.inp","OWA_ROUTING","7118","0","11","10","0","5","600","319815","15438","3600",""
"OWA_ROUTING\routing_outfall_timeseries.inp","OWA_ROUTING","6667","0","11","10","0","5","600","319815","15438","3600",""
"OWA_ROUTING\routing_outlet_rating.inp","OWA_ROUTING","2806","0","4","3","0","8","480","107871","13338","5760",""
"OWA_ROUTING\routing_pump_type1.inp","OWA_ROUTING","2496","0","2","2","0","8","480","75174","12888","5760",""
"OWA_ROUTING\routing_rect_open.inp","OWA_ROUTING","6342","0","11","10","0","5","600","319815","15438","3600",""
"OWA_ROUTING\routing_skip_steady.inp","OWA_ROUTING","6342","0","11","10","0","5","600","319815","15438","3600",""
"OWA_ROUTING\routing_steadyflow.inp","OWA_ROUTING","6354","0","11","10","0","5","600","319815","15438","3600",""
"OWA_ROUTING\routing_storage_functional.inp","OWA_ROUTING","2610","0","3","3","0","8","480","96330","13188","5760",""
"OWA_ROUTING\routing_storage_tabular.inp","OWA_ROUTING","2847","0","3","3","0","8","480","96330","13188","5760",""
"OWA_ROUTING\routing_surcharge_extran.inp","OWA_ROUTING","6374","0","11","10","0","5","600","319815","15438","3600",""
"OWA_ROUTING\routing_surcharge_slot.inp","OWA_ROUTING","6370","0","11","10","0","5","600","319815","15438","3600",""
"OWA_ROUTING\routing_threads4.inp","OWA_ROUTING","6373","0","11","10","0","5","600","319815","15438","3600","threads=4"
"OWA_ROUTING\routing_trapezoidal.inp","OWA_ROUTING","6344","0","11","10","0","5","600","319815","15438","3600",""
"OWA_ROUTING\routing_variable_step.inp","OWA_ROUTING","6350","0","11","10","0","5","600","319815","15438","3600","variable-step"
"OWA_ROUTING\routing_weir_transverse.inp","OWA_ROUTING","2560","0","4","3","0","8","480","107870","13338","5760",""
"OWA_ROUTING\test1.inp","OWA_ROUTING","6331","0","11","10","0","5","600","319815","15438","3600",""
"OWA_ROUTING\test2.inp","OWA_ROUTING","4901","0","6","5","0","6","720","225063","13938","4320",""
"OWA_ROUTING\test3.inp","OWA_ROUTING","7004","0","13","12","0","6","720","447117","16038","4320",""
"OWA_ROUTING\test4.inp","OWA_ROUTING","6273","0","11","10","0","5","600","319815","15438","3600",""
"OWA_ROUTING\test5.inp","OWA_ROUTING","6804","0","11","10","0","12","720","383655","15438","8640",""
"OWA_USER\user1.inp","OWA_USER","41030","58","60","59","0","7","420","1912032","56598","5040","threads=1"
"OWA_USER\user1_2threads.inp","OWA_USER","41030","58","60","59","0","7","420","1912032","56598","5040","threads=2"
"OWA_USER\user1_8threads.inp","OWA_USER","41030","58","60","59","0","7","420","1912032","56598","5040","threads=8"
"OWA_USER\user1_all_closed_shapes.inp","OWA_USER","41064","58","60","59","0","7","420","1912032","56598","5040","threads=1"
"OWA_USER\user1_all_open_shapes.inp","OWA_USER","41062","58","60","59","0","7","420","1912032","56598","5040","threads=1"
"OWA_USER\user1_arch_varied.inp","OWA_USER","41076","58","60","59","0","7","420","1912032","56598","5040","threads=1"
"OWA_USER\user1_average_report.inp","OWA_USER","41045","58","60","59","0","7","420","1912032","56598","5040","threads=1"
"OWA_USER\user1_baskethandle.inp","OWA_USER","41058","58","60","59","0","7","420","1912032","56598","5040","threads=1"
"OWA_USER\user1_catenary.inp","OWA_USER","41066","58","60","59","0","7","420","1912032","56598","5040","threads=1"
"OWA_USER\user1_custom_shape.inp","OWA_USER","41745","58","60","59","0","7","420","1912032","56598","5040","threads=1"
"OWA_USER\user1_dummy.inp","OWA_USER","41059","58","60","59","0","7","420","1912032","56598","5040","threads=1"
"OWA_USER\user1_egg_trunk.inp","OWA_USER","41048","58","60","59","0","7","420","1912032","56598","5040","threads=1"
"OWA_USER\user1_every_shape.inp","OWA_USER","41731","58","60","59","0","7","420","1912032","56598","5040","threads=1"
"OWA_USER\user1_filled_circular.inp","OWA_USER","41061","58","60","59","0","7","420","1912032","56598","5040","threads=1"
"OWA_USER\user1_force_main_dw.inp","OWA_USER","41063","58","60","59","0","7","420","1912032","56598","5040","threads=1"
"OWA_USER\user1_force_main_hw.inp","OWA_USER","41063","58","60","59","0","7","420","1912032","56598","5040","threads=1"
"OWA_USER\user1_gothic.inp","OWA_USER","41064","58","60","59","0","7","420","1912032","56598","5040","threads=1"
"OWA_USER\user1_horiz_ellipse_varied.inp","OWA_USER","41050","58","60","59","0","7","420","1912032","56598","5040","threads=1"
"OWA_USER\user1_horseshoe.inp","OWA_USER","41067","58","60","59","0","7","420","1912032","56598","5040","threads=1"
"OWA_USER\user1_modbaskethandle.inp","OWA_USER","41061","58","60","59","0","7","420","1912032","56598","5040","threads=1"
"OWA_USER\user1_parabolic.inp","OWA_USER","41068","58","60","59","0","7","420","1912032","56598","5040","threads=1"
"OWA_USER\user1_power.inp","OWA_USER","41064","58","60","59","0","7","420","1912032","56598","5040","threads=1"
"OWA_USER\user1_rect_closed_varied.inp","OWA_USER","41056","58","60","59","0","7","420","1912032","56598","5040","threads=1"
"OWA_USER\user1_rect_round.inp","OWA_USER","41056","58","60","59","0","7","420","1912032","56598","5040","threads=1"
"OWA_USER\user1_rect_triangular.inp","OWA_USER","41061","58","60","59","0","7","420","1912032","56598","5040","threads=1"
"OWA_USER\user1_semi_circular.inp","OWA_USER","41059","58","60","59","0","7","420","1912032","56598","5040","threads=1"
"OWA_USER\user1_semi_elliptical.inp","OWA_USER","41061","58","60","59","0","7","420","1912032","56598","5040","threads=1"
"OWA_USER\user1_slot.inp","OWA_USER","41030","58","60","59","0","7","420","1912032","56598","5040","threads=1"
"OWA_USER\user1_triangular.inp","OWA_USER","41069","58","60","59","0","7","420","1912032","56598","5040","threads=1"
"OWA_USER\user1_vert_ellipse.inp","OWA_USER","41058","58","60","59","0","7","420","1912032","56598","5040","threads=1"
"OWA_USER\user2.inp","OWA_USER","84739","17","44","102","0","36","432","1606491","55278","25920","threads=1"
"OWA_USER\user2_2threads.inp","OWA_USER","84739","17","44","102","0","36","432","1606491","55278","25920","threads=2"
"OWA_USER\user2_8threads.inp","OWA_USER","84739","17","44","102","0","36","432","1606491","55278","25920","threads=8"
"OWA_USER\user2_all_closed_shapes.inp","OWA_USER","84446","17","44","102","0","36","432","1606491","55278","25920","threads=1"
"OWA_USER\user2_all_open_shapes.inp","OWA_USER","84456","17","44","102","0","36","432","1606491","55278","25920","threads=1"
"OWA_USER\user2_arch_varied.inp","OWA_USER","84510","17","44","102","0","36","432","1606491","55278","25920","threads=1"
"OWA_USER\user2_average_report.inp","OWA_USER","84755","17","44","102","0","36","432","1606491","55278","25920","threads=1"
"OWA_USER\user2_baskethandle.inp","OWA_USER","84518","17","44","102","0","36","432","1606491","55278","25920","threads=1"
"OWA_USER\user2_catenary.inp","OWA_USER","84514","17","44","102","0","36","432","1606491","55278","25920","threads=1"
"OWA_USER\user2_custom_shape.inp","OWA_USER","84524","17","44","102","0","36","432","1606491","55278","25920","threads=1"
"OWA_USER\user2_dummy.inp","OWA_USER","84699","17","44","102","0","36","432","1606491","55278","25920","threads=1"
"OWA_USER\user2_egg_trunk.inp","OWA_USER","84513","17","44","102","0","36","432","1606491","55278","25920","threads=1"
"OWA_USER\user2_every_shape.inp","OWA_USER","84334","17","44","102","0","36","432","1606491","55278","25920","threads=1"
"OWA_USER\user2_filled_circular.inp","OWA_USER","84521","17","44","102","0","36","432","1606491","55278","25920","threads=1"
"OWA_USER\user2_force_main_dw.inp","OWA_USER","84522","17","44","102","0","36","432","1606491","55278","25920","threads=1"
"OWA_USER\user2_force_main_hw.inp","OWA_USER","84522","17","44","102","0","36","432","1606491","55278","25920","threads=1"
"OWA_USER\user2_gothic.inp","OWA_USER","84512","17","44","102","0","36","432","1606491","55278","25920","threads=1"
"OWA_USER\user2_horiz_ellipse_varied.inp","OWA_USER","84531","17","44","102","0","36","432","1606491","55278","25920","threads=1"
"OWA_USER\user2_horseshoe.inp","OWA_USER","84515","17","44","102","0","36","432","1606491","55278","25920","threads=1"
"OWA_USER\user2_modbaskethandle.inp","OWA_USER","84557","17","44","102","0","36","432","1606491","55278","25920","threads=1"
"OWA_USER\user2_parabolic.inp","OWA_USER","84515","17","44","102","0","36","432","1606491","55278","25920","threads=1"
"OWA_USER\user2_power.inp","OWA_USER","84511","17","44","102","0","36","432","1606491","55278","25920","threads=1"
"OWA_USER\user2_rect_closed_varied.inp","OWA_USER","84529","17","44","102","0","36","432","1606491","55278","25920","threads=1"
"OWA_USER\user2_rect_round.inp","OWA_USER","84516","17","44","102","0","36","432","1606491","55278","25920","threads=1"
"OWA_USER\user2_rect_triangular.inp","OWA_USER","84521","17","44","102","0","36","432","1606491","55278","25920","threads=1"
"OWA_USER\user2_semi_circular.inp","OWA_USER","84531","17","44","102","0","36","432","1606491","55278","25920","threads=1"
"OWA_USER\user2_semi_elliptical.inp","OWA_USER","84557","17","44","102","0","36","432","1606491","55278","25920","threads=1"
"OWA_USER\user2_slot.inp","OWA_USER","84766","17","44","102","0","36","432","1606491","55278","25920","threads=1"
"OWA_USER\user2_triangular.inp","OWA_USER","84516","17","44","102","0","36","432","1606491","55278","25920","threads=1"
"OWA_USER\user2_vert_ellipse.inp","OWA_USER","84518","17","44","102","0","36","432","1606491","55278","25920","threads=1"
"OWA_USER\user3.inp","OWA_USER","183844","168","11","139","0","6","360","3062572","49908","43200","threads=1"
"OWA_USER\user3_2threads.inp","OWA_USER","183844","168","11","139","0","6","360","3062572","49908","43200","threads=2"
"OWA_USER\user3_8threads.inp","OWA_USER","183844","168","11","139","0","6","360","3062572","49908","43200","threads=8"
"OWA_USER\user3_all_closed_shapes.inp","OWA_USER","183551","168","11","139","0","6","360","3062572","49908","43200","threads=1"
"OWA_USER\user3_all_open_shapes.inp","OWA_USER","183561","168","11","139","0","6","360","3062572","49908","43200","threads=1"
"OWA_USER\user3_arch_varied.inp","OWA_USER","183615","168","11","139","0","6","360","3062572","49908","43200","threads=1"
"OWA_USER\user3_average_report.inp","OWA_USER","183876","168","11","139","0","6","360","3062572","88068","43200","threads=1"
"OWA_USER\user3_baskethandle.inp","OWA_USER","183623","168","11","139","0","6","360","3062572","49908","43200","threads=1"
"OWA_USER\user3_catenary.inp","OWA_USER","183619","168","11","139","0","6","360","3062572","49908","43200","threads=1"
"OWA_USER\user3_custom_shape.inp","OWA_USER","183629","168","11","139","0","6","360","3062572","49908","43200","threads=1"
"OWA_USER\user3_dummy.inp","OWA_USER","183804","168","11","139","0","6","360","3062572","49908","43200","threads=1"
"OWA_USER\user3_egg_trunk.inp","OWA_USER","183618","168","11","139","0","6","360","3062572","49908","43200","threads=1"
"OWA_USER\user3_every_shape.inp","OWA_USER","183439","168","11","139","0","6","360","3062572","49908","43200","threads=1"
"OWA_USER\user3_filled_circular.inp","OWA_USER","183626","168","11","139","0","6","360","3062572","49908","43200","threads=1"
"OWA_USER\user3_force_main_dw.inp","OWA_USER","183627","168","11","139","0","6","360","3062572","49908","43200","threads=1"
"OWA_USER\user3_force_main_hw.inp","OWA_USER","183627","168","11","139","0","6","360","3062572","49908","43200","threads=1"
"OWA_USER\user3_gothic.inp","OWA_USER","183617","168","11","139","0","6","360","3062572","49908","43200","threads=1"
"OWA_USER\user3_horiz_ellipse_varied.inp","OWA_USER","183636","168","11","139","0","6","360","3062572","49908","43200","threads=1"
"OWA_USER\user3_horseshoe.inp","OWA_USER","183620","168","11","139","0","6","360","3062572","49908","43200","threads=1"
"OWA_USER\user3_modbaskethandle.inp","OWA_USER","183662","168","11","139","0","6","360","3062572","49908","43200","threads=1"
"OWA_USER\user3_parabolic.inp","OWA_USER","183620","168","11","139","0","6","360","3062572","49908","43200","threads=1"
"OWA_USER\user3_power.inp","OWA_USER","183616","168","11","139","0","6","360","3062572","49908","43200","threads=1"
"OWA_USER\user3_rect_closed_varied.inp","OWA_USER","183634","168","11","139","0","6","360","3062572","49908","43200","threads=1"
"OWA_USER\user3_rect_round.inp","OWA_USER","183621","168","11","139","0","6","360","3062572","49908","43200","threads=1"
"OWA_USER\user3_rect_triangular.inp","OWA_USER","183626","168","11","139","0","6","360","3062572","49908","43200","threads=1"
"OWA_USER\user3_semi_circular.inp","OWA_USER","183636","168","11","139","0","6","360","3062572","49908","43200","threads=1"
"OWA_USER\user3_semi_elliptical.inp","OWA_USER","183662","168","11","139","0","6","360","3062572","49908","43200","threads=1"
"OWA_USER\user3_slot.inp","OWA_USER","183871","168","11","139","0","6","360","3062572","49908","43200","threads=1"
"OWA_USER\user3_triangular.inp","OWA_USER","183621","168","11","139","0","6","360","3062572","49908","43200","threads=1"
"OWA_USER\user3_vert_ellipse.inp","OWA_USER","183623","168","11","139","0","6","360","3062572","49908","43200","threads=1"
"OWA_USER\user4 _slot.inp","OWA_USER","301014","112","209","209","0","24","288","3715429","148668","17280","threads=1"
"OWA_USER\user4.inp","OWA_USER","300987","112","209","209","0","24","288","3715429","148668","17280","threads=1"
"OWA_USER\user4_2threads.inp","OWA_USER","300987","112","209","209","0","24","288","3715429","148668","17280","threads=2"
"OWA_USER\user4_8threads.inp","OWA_USER","300987","112","209","209","0","24","288","3715429","148668","17280","threads=8"
"OWA_USER\user4_all_closed_shapes.inp","OWA_USER","300694","112","209","209","0","24","288","3715429","148668","17280","threads=1"
"OWA_USER\user4_all_open_shapes.inp","OWA_USER","300704","112","209","209","0","24","288","3715429","148668","17280","threads=1"
"OWA_USER\user4_arch_varied.inp","OWA_USER","300758","112","209","209","0","24","288","3715429","148668","17280","threads=1"
"OWA_USER\user4_average_report.inp","OWA_USER","301003","112","209","209","0","24","288","3715429","148668","17280","threads=1"
"OWA_USER\user4_baskethandle.inp","OWA_USER","300766","112","209","209","0","24","288","3715429","148668","17280","threads=1"
"OWA_USER\user4_catenary.inp","OWA_USER","300762","112","209","209","0","24","288","3715429","148668","17280","threads=1"
"OWA_USER\user4_custom_shape.inp","OWA_USER","301447","112","209","209","0","24","288","3715429","148668","17280","threads=1"
"OWA_USER\user4_dummy.inp","OWA_USER","300947","112","209","209","0","24","288","3715429","148668","17280","threads=1"
"OWA_USER\user4_egg_trunk.inp","OWA_USER","300761","112","209","209","0","24","288","3715429","148668","17280","threads=1"
"OWA_USER\user4_every_shape.inp","OWA_USER","301257","112","209","209","0","24","288","3715429","148668","17280","threads=1"
"OWA_USER\user4_filled_circular.inp","OWA_USER","300769","112","209","209","0","24","288","3715429","148668","17280","threads=1"
"OWA_USER\user4_force_main_dw.inp","OWA_USER","300770","112","209","209","0","24","288","3715429","148668","17280","threads=1"
"OWA_USER\user4_force_main_hw.inp","OWA_USER","300770","112","209","209","0","24","288","3715429","148668","17280","threads=1"
"OWA_USER\user4_gothic.inp","OWA_USER","300760","112","209","209","0","24","288","3715429","148668","17280","threads=1"
"OWA_USER\user4_horiz_ellipse_varied.inp","OWA_USER","300779","112","209","209","0","24","288","3715429","148668","17280","threads=1"
"OWA_USER\user4_horseshoe.inp","OWA_USER","300763","112","209","209","0","24","288","3715429","148668","17280","threads=1"
"OWA_USER\user4_modbaskethandle.inp","OWA_USER","300805","112","209","209","0","24","288","3715429","148668","17280","threads=1"
"OWA_USER\user4_parabolic.inp","OWA_USER","300763","112","209","209","0","24","288","3715429","148668","17280","threads=1"
"OWA_USER\user4_power.inp","OWA_USER","300759","112","209","209","0","24","288","3715429","148668","17280","threads=1"
"OWA_USER\user4_rect_closed_varied.inp","OWA_USER","300777","112","209","209","0","24","288","3715429","148668","17280","threads=1"
"OWA_USER\user4_rect_round.inp","OWA_USER","300764","112","209","209","0","24","288","3715429","148668","17280","threads=1"
"OWA_USER\user4_rect_triangular.inp","OWA_USER","300769","112","209","209","0","24","288","3715429","148668","17280","threads=1"
"OWA_USER\user4_semi_circular.inp","OWA_USER","300779","112","209","209","0","24","288","3715429","148668","17280","threads=1"
"OWA_USER\user4_semi_elliptical.inp","OWA_USER","300805","112","209","209","0","24","288","3715429","148668","17280","threads=1"
"OWA_USER\user4_slot.inp","OWA_USER","301014","112","209","209","0","24","288","3715429","148668","17280","threads=1"
"OWA_USER\user4_triangular.inp","OWA_USER","300764","112","209","209","0","24","288","3715429","148668","17280","threads=1"
"OWA_USER\user4_vert_ellipse.inp","OWA_USER","300766","112","209","209","0","24","288","3715429","148668","17280","threads=1"
"OWA_USER\user5.inp","OWA_USER","199697","145","198","276","0","23.98","288","4327803","96438","2878","variable-step,threads=1"
"OWA_USER\user5_2threads.inp","OWA_USER","199697","145","198","276","0","23.98","288","4327803","96438","2878","variable-step,threads=2"
"OWA_USER\user5_8threads.inp","OWA_USER","199697","145","198","276","0","23.98","288","4327803","96438","2878","variable-step,threads=8"
"OWA_USER\user5_all_closed_shapes.inp","OWA_USER","199404","145","198","276","0","23.98","288","4327803","96438","2878","variable-step,threads=1"
"OWA_USER\user5_all_open_shapes.inp","OWA_USER","199414","145","198","276","0","23.98","288","4327803","96438","2878","variable-step,threads=1"
"OWA_USER\user5_arch_varied.inp","OWA_USER","199468","145","198","276","0","23.98","288","4327803","96438","2878","variable-step,threads=1"
"OWA_USER\user5_average_report.inp","OWA_USER","199729","145","198","276","0","23.98","288","4327803","170718","2878","variable-step,threads=1"
"OWA_USER\user5_baskethandle.inp","OWA_USER","199476","145","198","276","0","23.98","288","4327803","96438","2878","variable-step,threads=1"
"OWA_USER\user5_catenary.inp","OWA_USER","199472","145","198","276","0","23.98","288","4327803","96438","2878","variable-step,threads=1"
"OWA_USER\user5_custom_shape.inp","OWA_USER","199482","145","198","276","0","23.98","288","4327803","96438","2878","variable-step,threads=1"
"OWA_USER\user5_dummy.inp","OWA_USER","199657","145","198","276","0","23.98","288","4327803","96438","2878","variable-step,threads=1"
"OWA_USER\user5_egg_trunk.inp","OWA_USER","199471","145","198","276","0","23.98","288","4327803","96438","2878","variable-step,threads=1"
"OWA_USER\user5_every_shape.inp","OWA_USER","199292","145","198","276","0","23.98","288","4327803","96438","2878","variable-step,threads=1"
"OWA_USER\user5_filled_circular.inp","OWA_USER","199479","145","198","276","0","23.98","288","4327803","96438","2878","variable-step,threads=1"
"OWA_USER\user5_force_main_dw.inp","OWA_USER","199480","145","198","276","0","23.98","288","4327803","96438","2878","variable-step,threads=1"
"OWA_USER\user5_force_main_hw.inp","OWA_USER","199480","145","198","276","0","23.98","288","4327803","96438","2878","variable-step,threads=1"
"OWA_USER\user5_gothic.inp","OWA_USER","199470","145","198","276","0","23.98","288","4327803","96438","2878","variable-step,threads=1"
"OWA_USER\user5_horiz_ellipse_varied.inp","OWA_USER","199489","145","198","276","0","23.98","288","4327803","96438","2878","variable-step,threads=1"
"OWA_USER\user5_horseshoe.inp","OWA_USER","199473","145","198","276","0","23.98","288","4327803","96438","2878","variable-step,threads=1"
"OWA_USER\user5_modbaskethandle.inp","OWA_USER","199515","145","198","276","0","23.98","288","4327803","96438","2878","variable-step,threads=1"
"OWA_USER\user5_parabolic.inp","OWA_USER","199473","145","198","276","0","23.98","288","4327803","96438","2878","variable-step,threads=1"
"OWA_USER\user5_power.inp","OWA_USER","199469","145","198","276","0","23.98","288","4327803","96438","2878","variable-step,threads=1"
"OWA_USER\user5_rect_closed_varied.inp","OWA_USER","199487","145","198","276","0","23.98","288","4327803","96438","2878","variable-step,threads=1"
"OWA_USER\user5_rect_round.inp","OWA_USER","199474","145","198","276","0","23.98","288","4327803","96438","2878","variable-step,threads=1"
"OWA_USER\user5_rect_triangular.inp","OWA_USER","199479","145","198","276","0","23.98","288","4327803","96438","2878","variable-step,threads=1"
"OWA_USER\user5_semi_circular.inp","OWA_USER","199489","145","198","276","0","23.98","288","4327803","96438","2878","variable-step,threads=1"
"OWA_USER\user5_semi_elliptical.inp","OWA_USER","199515","145","198","276","0","23.98","288","4327803","96438","2878","variable-step,threads=1"
"OWA_USER\user5_slot.inp","OWA_USER","199721","145","198","276","0","23.98","288","4327803","96438","8634","variable-step,threads=1"
"OWA_USER\user5_triangular.inp","OWA_USER","199474","145","198","276","0","23.98","288","4327803","96438","2878","variable-step,threads=1"
"OWA_USER\user5_vert_ellipse.inp","OWA_USER","199476","145","198","276","0","23.98","288","4327803","96438","2878","variable-step,threads=1"
"OWA_update_v5111\bioretention.inp","OWA_update_v5111","6909","1","1","0","0","16.02","175","21956","12768","11532",""
"OWA_update_v5111\catchment_as_outfall.inp","OWA_update_v5111","7141","2","5","3","0","6","24","7898","13668","21600","threads=1"
"OWA_update_v5111\events_example.inp","OWA_update_v5111","18213","8","14","13","2","1284","5136","6164066","17058","462240","threads=1,file-refs=1(missing 1)"
"OWA_update_v5111\gate_control_2.inp","OWA_update_v5111","50755","0","111","114","0","28","10080","50526143","73038","10080","variable-step,threads=2"
"OWA_update_v5111\gate_control_3.inp","OWA_update_v5111","50734","0","111","114","0","9","540","2711663","46038","32400","threads=2"
"OWA_update_v5111\ncdc_format.inp","OWA_update_v5111","3795","2","0","0","0","4296","17184","2268522","12468","515520","variable-step,threads=1,file-refs=2(missing 2)"
"OWA_update_v5111\porous_pavement.inp","OWA_update_v5111","4207","1","0","0","0","6","360","36225","12378","720","variable-step"
"OWA_update_v5111\rain_garden.inp","OWA_update_v5111","6973","2","1","0","0","24","96","15250","12618","2880",""
"Orifices\extran3_bottom_orifice.inp","Orifices","7958","0","10","10","0","8","96","49435","15288","1440","threads=1"
"Orifices\extran3_bottom_orifice_pid.inp","Orifices","8055","0","10","10","0","8","96","49435","15288","1440","threads=1"
"Orifices\extran3_bottom_orifice_si_units.inp","Orifices","7958","0","10","10","0","8","96","49435","15288","1440","threads=1"
"Orifices\extran3_bottom_rect_orifice.inp","Orifices","7958","0","10","10","0","8","96","49435","15288","1440","threads=1"
"Orifices\extran3_bottom_rect_orifice_si_units.inp","Orifices","7958","0","10","10","0","8","96","49435","15288","1440","threads=1"
"Orifices\extran3_s_curve.inp","Orifices","8502","0","10","10","0","8","96","49435","15288","1440","threads=1"
"Orifices\extran3_side_open_close_orifice.inp","Orifices","7958","0","10","10","0","8","96","49435","15288","1440","threads=1"
"Orifices\extran3_side_open_close_orifice_si_units.inp","Orifices","7958","0","10","10","0","8","96","49435","15288","1440","threads=1"
"Orifices\extran3_side_open_close_rect_offset_orifice.inp","Orifices","7958","0","10","10","0","8","96","49435","15288","1440","threads=1"
"Orifices\extran3_side_open_close_rect_offset_orifice_si_units.inp","Orifices","7958","0","10","10","0","8","96","49435","15288","1440","threads=1"
"Orifices\extran3_side_open_close_rect_orifice.inp","Orifices","7958","0","10","10","0","8","96","49435","15288","1440","threads=1"
"Orifices\extran3_side_open_close_rect_orifice_si_units.inp","Orifices","7958","0","10","10","0","8","96","49435","15288","1440","threads=1"
"Orifices\extran3_side_orifice.inp","Orifices","7958","0","10","10","0","8","96","49435","15288","1440","threads=1"
"Orifices\extran3_side_orifice_si_units.inp","Orifices","7958","0","10","10","0","8","96","49435","15288","1440","threads=1"
"Orifices\extran3_side_rect_orifice _si_units.inp","Orifices","7958","0","10","10","0","8","96","49435","15288","1440","threads=1"
"Orifices\extran3_side_rect_orifice.inp","Orifices","7958","0","10","10","0","8","96","49435","15288","1440","threads=1"
"Pumps\34Pumps.inp","Pumps","1898927","0","437","471","0","143.92","1727","34521186","148488","51810","variable-step,file-refs=15(missing 15)"
"Pumps\46_pumps.inp","Pumps","389771","0","830","875","0","168","672","25238848","268038","60480","variable-step"
"Pumps\extran6_type1.inp","Pumps","8264","0","11","11","0","8","32","18376","15588","1440","threads=1"
"Pumps\extran6_type1_control_rule.inp","Pumps","8303","0","11","11","0","8","32","18376","15588","960","threads=1"
"Pumps\extran6_type2.inp","Pumps","8295","0","11","11","0","8","32","18376","15588","1440","threads=1"
"Pumps\extran6_type2_control_rule.inp","Pumps","8335","0","11","11","0","8","32","18376","18228","1440","threads=1"
"Pumps\extran6_type3.inp","Pumps","8264","0","11","11","0","8","32","18376","15588","1440","threads=1"
"Pumps\extran6_type3_control_rule.inp","Pumps","8335","0","11","11","0","8","32","18376","18228","960","threads=1"
"Pumps\extran6_type4.inp","Pumps","8264","0","11","11","0","8","32","18376","15588","1440","threads=1"
"Pumps\extran6_type4_control_rule.inp","Pumps","8335","0","11","11","0","8","32","18376","18228","960","threads=1"
"SWMM5_NCIMM\1000_NODE.inp","SWMM5_NCIMM","449813","0","923","913","0","54","648","26272828","287688","38880","variable-step,threads=1"
"SWMM5_NCIMM\10033_H_Elements.inp","SWMM5_NCIMM","2656997","0","4914","5080","0","72","288","63494980","1511388","259200","variable-step,threads=1"
"SWMM5_NCIMM\10070_H_Elements.inp","SWMM5_NCIMM","2139486","0","4994","5076","0","24","288","64084186","1522788","288","variable-step"
"SWMM5_NCIMM\100YR EVENT_EPA SWMM 5.1 TEST.INP","SWMM5_NCIMM","92738","24","1","2","0","143","1716","1545122","14898","17160","variable-step,threads=1"
"SWMM5_NCIMM\100_Subcatchments.inp","SWMM5_NCIMM","159214","100","158","150","0","14","840","8459896","116448","5040","variable-step,threads=1"
"SWMM5_NCIMM\10103_Subs_Nodes.inp","SWMM5_NCIMM","10201632","10103","10103","9708","0","0","0","729850","3893208","0","zero-duration,variable-step,threads=1,file-refs=1(missing 1)"
"SWMM5_NCIMM\101_H&H_Elements.inp","SWMM5_NCIMM","5013995","7","40","57","0","48","576","1381647","27468","34560","variable-step,threads=1"
"SWMM5_NCIMM\10311_H_Elements.inp","SWMM5_NCIMM","2896081","0","5121","5189","0","23","276","62899109","1558788","276","variable-step,threads=1"
"SWMM5_NCIMM\1041_H_Elements.inp","SWMM5_NCIMM","224231","0","525","516","0","12","144","3333919","168438","1440","variable-step,threads=1"
"SWMM5_NCIMM\1042_Elements_DW_SI_Units.inp","SWMM5_NCIMM","196087","0","521","526","0","48","2880","66528920","169338","172800","variable-step,threads=1"
"SWMM5_NCIMM\1045_H&H_Elements.inp","SWMM5_NCIMM","439220","56","522","542","0","21","84","2147083","176928","7560","variable-step,threads=1"
"SWMM5_NCIMM\1046_H&H_Elements.inp","SWMM5_NCIMM","439220","56","522","542","0","21","84","2147083","176928","7560","variable-step,threads=1"
"SWMM5_NCIMM\1050_H&H_SI_Units.inp","SWMM5_NCIMM","443253","344","400","387","0","24","288","8211976","297018","8640","variable-step,threads=1"
"SWMM5_NCIMM\107_Subs.inp","SWMM5_NCIMM","12206941","107","351","403","0","48","2880","57551601","238338","172800","variable-step,threads=1"
"SWMM5_NCIMM\1080_Nodes.inp","SWMM5_NCIMM","378459","0","1080","1094","0","48","288","13833612","338388","17280","variable-step"
"SWMM5_NCIMM\1084_Nodes_84_RDII_SI_Units.inp","SWMM5_NCIMM","1390552","0","1095","1112","0","47","93","4569291","343338","169200","variable-step,threads=1"
"SWMM5_NCIMM\10860_Nodes.inp","SWMM5_NCIMM","5147806","0","10878","10949","0","24","288","138767471","3286338","28800","threads=1"
"SWMM5_NCIMM\108_Pumps_FM.inp","SWMM5_NCIMM","938711","146","994","1122","0","24","96","4954485","614268","86400","variable-step,threads=1"
"SWMM5_NCIMM\1098_Nodes.inp","SWMM5_NCIMM","5562479","3482","1107","1675","0","48","576","98974028","1494648","34560","variable-step,threads=2,file-refs=3(missing 3)"
"SWMM5_NCIMM\10_Outfalls.inp","SWMM5_NCIMM","484512","48","240","251","0","5136","5136","63618197","90258","616320","variable-step,threads=1"
"SWMM5_NCIMM\1100_H&H_Elements.inp","SWMM5_NCIMM","588069","135","391","395","0","48","576","53538","55878","34560","variable-step,threads=1"
"SWMM5_NCIMM\11030_Nodes.inp","SWMM5_NCIMM","3816810","0","11036","11786","0","23","276","138730846","3435588","2760","variable-step"
"SWMM5_NCIMM\110_H_Elements.inp","SWMM5_NCIMM","30117","0","49","54","0","23.92","8610","20011988","27738","43050","variable-step,threads=1"
"SWMM5_NCIMM\11304_Subs.inp","SWMM5_NCIMM","16704844","11304","7874","8094","0","0","0","633226","3424848","0","zero-duration,variable-step,threads=1"
"SWMM5_NCIMM\1138_Nodes.inp","SWMM5_NCIMM","576468","0","1138","1126","0","12","144","7237861","351888","144","variable-step,threads=1"
"SWMM5_NCIMM\115468_Nodes.inp","SWMM5_NCIMM","12488930","0","15503","15830","0","191.92","768","529884015","4712238","46060","variable-step,threads=1"
"SWMM5_NCIMM\1174_H_Elements.inp","SWMM5_NCIMM","184394","0","574","583","0","48","576","14715573","185838","11520","variable-step"
"SWMM5_NCIMM\117_H&H_Elements_SI_Units.inp","SWMM5_NCIMM","197447","6","58","57","0","48","2880","8044081","30078","172800","variable-step,threads=1"
"SWMM5_NCIMM\118_Nodes.inp","SWMM5_NCIMM","8549348","0","119","120","0","50.33","3020","16083992","48138","181200","variable-step,threads=1"
"SWMM5_NCIMM\1190_Nodes.inp","SWMM5_NCIMM","701160","124","1101","1292","0","48","576","32491041","684438","17280","variable-step"
"SWMM5_NCIMM\1195_Nodes.inp","SWMM5_NCIMM","603188","0","1189","1230","0","0","0","65615","375138","0","zero-duration,variable-step,threads=1"
"SWMM5_NCIMM\1199_H&H_Elements.inp","SWMM5_NCIMM","1555320","190","423","519","0","1535","1535","40980227","170688","184200","variable-step,threads=1,file-refs=4(missing 4)"
"SWMM5_NCIMM\1200_Node_Pump.inp","SWMM5_NCIMM","589960","19","1086","1255","0","47","2820","146243517","365148","42300","variable-step"
"SWMM5_NCIMM\1200_Nodes.inp","SWMM5_NCIMM","390592","0","1246","1260","0","96","432","23889606","388188","11520","variable-step"
"SWMM5_NCIMM\121005 - Eastern and Western Forcemains.inp","SWMM5_NCIMM","144041","0","150","230","0","48","8640","71446297","69288","86400","variable-step"
"SWMM5_NCIMM\1218_Nodes.inp","SWMM5_NCIMM","390202","0","1209","1265","0","504","6048","328970100","383388","6048","variable-step"
"SWMM5_NCIMM\1220_Nodes.inp","SWMM5_NCIMM","888370","0","1095","1112","0","47","93","4569291","343338","169200","variable-step"
"SWMM5_NCIMM\12267_Nodes.inp","SWMM5_NCIMM","7961034","0","12294","12420","0","24","288","157156248","3719388","43200","variable-step,threads=1"
"SWMM5_NCIMM\12334_Nodes.inp","SWMM5_NCIMM","9780835","1567","12419","13097","0","47","188","115405868","3980718","16920","variable-step,threads=1"
"SWMM5_NCIMM\12350_H_Elements.inp","SWMM5_NCIMM","89548947","0","6138","6239","0","120","480","131022645","1868838","14400","variable-step,threads=1"
"SWMM5_NCIMM\12450_H&H_Elements.inp","SWMM5_NCIMM","34516748","3612","4223","4203","0","11.98","144","43646390","3045828","2876","variable-step,file-refs=19(missing 19)"
"SWMM5_NCIMM\126000_H&H_Elements.inp","SWMM5_NCIMM","24713757","3655","4417","4402","13","48","192","184571553","1664088","34560","variable-step,threads=4,file-refs=1(missing 1)"
"SWMM5_NCIMM\12840_Nodes.inp","SWMM5_NCIMM","14154445","0","12841","12850","0","48","192","109148869","3865938","2880","threads=1"
"SWMM5_NCIMM\132_Nodes_96_Subs.inp","SWMM5_NCIMM","3353850","96","133","140","2","10","120","1458649","106158","1800","variable-step,threads=1"
"SWMM5_NCIMM\133_Nodes.inp","SWMM5_NCIMM","69020","0","135","133","0","0","0","5941","52488","0","zero-duration,variable-step,threads=1"
"SWMM5_NCIMM\133_Weirs.inp","SWMM5_NCIMM","6179272","118","106","250","0","48","2880","32808615","76308","3456000","variable-step,threads=1"
"SWMM5_NCIMM\1350_H&H_Elements.inp","SWMM5_NCIMM","513762","208","354","628","0","96","5760","160042391","321108","34560","variable-step,threads=4"
"SWMM5_NCIMM\1350_Nodes.inp","SWMM5_NCIMM","1035548","0","1365","1400","0","24","87","5366131","427038","43200","variable-step,file-refs=1(missing 1)"
"SWMM5_NCIMM\1365_Nodes.inp","SWMM5_NCIMM","4461080","0","1366","1372","0","48","1920","115827141","422988","5760","variable-step,threads=1"
"SWMM5_NCIMM\1369_Nodes.inp","SWMM5_NCIMM","3948407","0","1366","1372","0","48","1920","158632","121808","86400","variable-step,threads=1"
"SWMM5_NCIMM\13Mile_Run_SWMM5_Calib9.inp","SWMM5_NCIMM","1846832","143","4","429","0","63575.98","2649","35303361","159228","3814559","variable-step,threads=1,file-refs=3(missing 3)"
"SWMM5_NCIMM\13_Orifices.inp","SWMM5_NCIMM","5511997","84","173","258","0","132","132","1605620","84498","47520","variable-step,threads=1"
"SWMM5_NCIMM\1400_Nodes.inp","SWMM5_NCIMM","671117","0","1367","1400","0","0","0","74057","427338","0","zero-duration,variable-step,threads=1"
"SWMM5_NCIMM\1405_Nodes.inp","SWMM5_NCIMM","503259","0","1374","1415","0","6","72","4485923","430638","72","variable-step,file-refs=1(missing 1)"
"SWMM5_NCIMM\1415_Nodes.inp","SWMM5_NCIMM","6715393","3474","1432","1998","0","31.58","379","28358003","1667928","22740","variable-step,threads=2,file-refs=3(missing 3)"
"SWMM5_NCIMM\14400_H&H_Elements.inp","SWMM5_NCIMM","2379169","403","6851","6949","0","72","852","269857238","2118558","25920","variable-step"
"SWMM5_NCIMM\14434_Nodes.inp","SWMM5_NCIMM","7350540","0","14371","14365","0","48","48","31114962","4322688","5760","variable-step,threads=1"
"SWMM5_NCIMM\14600_Nodes.inp","SWMM5_NCIMM","67904832","0","14262","14585","0","2520","71280","45196243235","4339338","302400","variable-step"
"SWMM5_NCIMM\1465_Nodes.inp","SWMM5_NCIMM","479628","0","1461","1479","0","48","576","37346898","453288","576","variable-step"
"SWMM5_NCIMM\1481_Nodes.inp","SWMM5_NCIMM","958057","0","1475","1482","0","12","144","9441125","455838","144","variable-step,threads=1"
"SWMM5_NCIMM\1482_Nodes.inp","SWMM5_NCIMM","958057","0","1475","1482","0","12","144","9441125","455838","144","variable-step,threads=1"
"SWMM5_NCIMM\14_Outfalls.inp","SWMM5_NCIMM","183433","172","250","316","0","48","5760","103073610","201228","5760","variable-step"
"SWMM5_NCIMM\14_Pumps.inp","SWMM5_NCIMM","1082564","0","101","114","0","23","276","1322330","44538","1380","variable-step"
"SWMM5_NCIMM\1500_H&H_Elements_w7_WQ.inp","SWMM5_NCIMM","574681","248","515","702","8","69390","69390","5640329747","217158","832680","variable-step,threads=1,file-refs=29(missing 29)"
"SWMM5_NCIMM\151_Nodes.inp","SWMM5_NCIMM","149034","78","151","151","0","0","0","10369","64608","0","zero-duration,variable-step,threads=1,file-refs=13(missing 13)"
"SWMM5_NCIMM\153_Storages.inp","SWMM5_NCIMM","7298754","186","27","173","0","240","1440","14595505","59028","172800","variable-step,threads=1"
"SWMM5_NCIMM\1546_Nodes.inp","SWMM5_NCIMM","829190","0","1533","1562","0","12","144","9886698","476538","144","variable-step,threads=1"
"SWMM5_NCIMM\1551_H&H_SI_Units_Elements.inp","SWMM5_NCIMM","291044","45","734","723","0","3.25","195","6581454","234888","1170","variable-step,threads=1,file-refs=1(missing 1)"
"SWMM5_NCIMM\1561_H&H_Elements.inp","SWMM5_NCIMM","591547","140","699","712","0","48","576","20521795","236538","17280","variable-step,threads=1"
"SWMM5_NCIMM\1563_Nodes_SI_Units.inp","SWMM5_NCIMM","932434","0","1466","1473","0","23","276","42725","129848","41400","variable-step,threads=1"
"SWMM5_NCIMM\15_Storage_Nodes.inp","SWMM5_NCIMM","1459427","14","39","71","0","456","1824","5242145","44928","820800","variable-step,threads=1,file-refs=1(missing 1)"
"SWMM5_NCIMM\16000_Nodes.inp","SWMM5_NCIMM","5081747","201","16001","15975","0","23","92","66112188","4826778","16560","variable-step"
"SWMM5_NCIMM\1610_Nodes_600_Subs_SI.inp","SWMM5_NCIMM","1394902","606","1642","1639","0","6","720","66075489","558978","4320","variable-step,threads=1"
"SWMM5_NCIMM\161_H_Elements.inp","SWMM5_NCIMM","27132","0","81","80","0","24","288","1044290","36438","288","variable-step"
"SWMM5_NCIMM\1650_Nodes_500_Subs.inp","SWMM5_NCIMM","1439023","471","1625","1470","0","24","240","20128323","518928","115200","variable-step,threads=1"
"SWMM5_NCIMM\1658_H&H_Elements.inp","SWMM5_NCIMM","3012537","184","488","488","0","78","936","25698551","175248","28080","variable-step,threads=1"
"SWMM5_NCIMM\167_Subs_1600_Nodes_SI_Units.inp","SWMM5_NCIMM","1220803","197","1690","1792","0","36","432","35859935","552318","12960","variable-step,threads=1"
"SWMM5_NCIMM\1710 - 2014 - 20year R3.inp","SWMM5_NCIMM","60820","15","39","57","0","24","96","254311","28038","86400","variable-step,threads=1"
"SWMM5_NCIMM\1711_H&H_Elements.inp","SWMM5_NCIMM","572435","248","515","702","8","8760","8760","712080828","217158","525600","variable-step,threads=1,file-refs=29(missing 29)"
"SWMM5_NCIMM\173_Subs.inp","SWMM5_NCIMM","7886885","173","478","724","0","216","864","27300433","373158","77760","variable-step,threads=1"
"SWMM5_NCIMM\174_Nodes.inp","SWMM5_NCIMM","79147","0","176","174","0","24","1440","11202146","64788","1440","variable-step,threads=1"
"SWMM5_NCIMM\1758_H_Elements.inp","SWMM5_NCIMM","419803","0","879","879","0","6","72","2838633","275988","720","variable-step,threads=1"
"SWMM5_NCIMM\1765_Nodes.inp","SWMM5_NCIMM","979484","0","1754","1725","0","12","144","11116545","534138","144","threads=1"
"SWMM5_NCIMM\1771_H_Elements.inp","SWMM5_NCIMM","512210","0","868","886","0","143","1716","66319760","275388","17160","variable-step,threads=1"
"SWMM5_NCIMM\180_Nodes.inp","SWMM5_NCIMM","181138","114","179","182","0","24","288","3367026","76698","8640","variable-step"
"SWMM5_NCIMM\1845_H&H_Elements.inp","SWMM5_NCIMM","459046","0","915","954","0","23","276","11386122","292638","8280","variable-step,threads=1"
"SWMM5_NCIMM\185_H&H_Elements_SI_Units.inp","SWMM5_NCIMM","100097","65","64","63","0","6","72","359545","37188","720","variable-step,threads=1"
"SWMM5_NCIMM\1870_Nodes.inp","SWMM5_NCIMM","1581527","797","1856","1995","0","23.75","284","31347569","1219428","8550","variable-step,threads=1,file-refs=21(missing 21)"
"SWMM5_NCIMM\187_H_Elements.inp","SWMM5_NCIMM","98900","0","94","93","0","48","576","2415361","40338","5760","variable-step,threads=1"
"SWMM5_NCIMM\1898_H&H_Elements.inp","SWMM5_NCIMM","570666","124","876","898","0","71","852","36701209","289548","51120","variable-step"
"SWMM5_NCIMM\1900_Nodes.inp","SWMM5_NCIMM","536131","0","1878","1889","0","24","240","19988165","577338","2880",""
"SWMM5_NCIMM\190_H_Elements.inp","SWMM5_NCIMM","52042","0","96","95","0","12","24","107325","40938","4320","variable-step,threads=1"
"SWMM5_NCIMM\193_H&H_SI_Units_Elements.inp","SWMM5_NCIMM","124191","72","59","59","4","6","24","195763","36468","720","variable-step,threads=1"
"SWMM5_NCIMM\1943_H&H_Elements_SI_Units.inp","SWMM5_NCIMM","3897207","592","449","444","1","24","288","12883336","199518","8640","variable-step,threads=1"
"SWMM5_NCIMM\1950_H&H_Elements.inp","SWMM5_NCIMM","468300","452","757","779","0","24","96","4684135","521928","1440","variable-step,threads=1"
"SWMM5_NCIMM\1988_Nodes.inp","SWMM5_NCIMM","3566616","1982","1998","1984","3","11736","11736","2613631642","787968","140832","variable-step,threads=1,file-refs=3(missing 3)"
"SWMM5_NCIMM\1990_Nodes_450_Subs.inp","SWMM5_NCIMM","1709658","463","1986","0","0","48","2880","180190087","351858","5760","variable-step,threads=1"
"SWMM5_NCIMM\1996_H_Elements.inp","SWMM5_NCIMM","742327","0","961","1015","0","52","588","25589161","308688","37440","variable-step,threads=1"
"SWMM5_NCIMM\2009_Nodes_SI.inp","SWMM5_NCIMM","1865412","0","2013","2028","0","24","288","25727946","1103358","4320","variable-step,threads=4"
"SWMM5_NCIMM\200_Nodes.inp","SWMM5_NCIMM","73569","0","220","230","0","23","276","2757410","79788","8280","variable-step"
"SWMM5_NCIMM\2012_H_Elements.inp","SWMM5_NCIMM","0","0","0","0","0","","0","216","12288","0","no-end-date"
"SWMM5_NCIMM\2015_H&H_Elements.inp","SWMM5_NCIMM","712974","528","743","738","1","12","144","8344581","281958","1440","variable-step,threads=1"
"SWMM5_NCIMM\2015_Simple_Yet_Interesting_Network_InfoSWMM_13.inp","SWMM5_NCIMM","20277","3","5","6","5","30","1800","1231824","14208","10800","variable-step,threads=1"
"SWMM5_NCIMM\201_RG.inp","SWMM5_NCIMM","0","0","0","0","0","","0","216","12288","0","no-end-date"
"SWMM5_NCIMM\2020_Nodes_Low_DWF.inp","SWMM5_NCIMM","780101","0","2022","2096","0","2","24","2278247","1124148","3600","variable-step"
"SWMM5_NCIMM\20395_H_SI_Units_Elements.inp","SWMM5_NCIMM","3484561","0","10109","10221","0","24","288","129278738","3061788","43200","variable-step"
"SWMM5_NCIMM\2079_Nodes.inp","SWMM5_NCIMM","910108","0","2079","2100","0","12","144","13355984","639138","144","variable-step,threads=1"
"SWMM5_NCIMM\2092_Nodes_190_Subs.inp","SWMM5_NCIMM","2016243","121","2092","2113","0","6","72","7058839","653928","360","variable-step,threads=1"
"SWMM5_NCIMM\209_H&H_SI_Units.inp","SWMM5_NCIMM","1097401","37","88","96","0","25","18000","95117270","69738","45000","variable-step,threads=1"
"SWMM5_NCIMM\20_Pumps_26_RGs.inp","SWMM5_NCIMM","5353411","228","149","596","0","816","9792","223872966","144558","293760","variable-step,threads=1"
"SWMM5_NCIMM\20_Subs_1050_Nodes.inp","SWMM5_NCIMM","616811","35","1038","1102","0","24","288","13927084","336438","17280","variable-step,threads=1"
"SWMM5_NCIMM\210_H&H_Elements.inp","SWMM5_NCIMM","1459903","97","50","57","0","8759","8759","48283563","37068","525540","variable-step,threads=1"
"SWMM5_NCIMM\211_H&H_Elements.inp","SWMM5_NCIMM","102449","38","74","108","0","119","714","3731809","43008","85680","variable-step,threads=1"
"SWMM5_NCIMM\21491_Nodes.inp","SWMM5_NCIMM","10888330","0","21589","21937","0","72","864","828342863","6541188","25920","variable-step,threads=1"
"SWMM5_NCIMM\2169_H&H_Elements.inp","SWMM5_NCIMM","935859","146","994","1122","0","24","1440","73546922","614268","8640","variable-step,threads=1"
"SWMM5_NCIMM\2170_Nodes.inp","SWMM5_NCIMM","21930901","0","2194","2374","0","168","2016","202127746","697488","302400","variable-step,threads=1"
"SWMM5_NCIMM\2180_Nodes.inp","SWMM5_NCIMM","2679058","0","2177","2189","0","12","144","13938484","667188","144","variable-step,threads=1"
"SWMM5_NCIMM\219_Elements_DW_SI_Units.inp","SWMM5_NCIMM","90064","59","70","74","0","5","1800","9212617","39198","1800","variable-step,threads=1"
"SWMM5_NCIMM\21_H&H_Elements.inp","SWMM5_NCIMM","385578","10","9","9","0","172360","2068320","1621563613","15888","2068320","variable-step,threads=1"
"SWMM5_NCIMM\21_H_Elements_SI_Units.inp","SWMM5_NCIMM","8187","0","11","10","0","2","7200","3831159","15438","7200","variable-step,threads=1,file-refs=10(missing 10)"
"SWMM5_NCIMM\2200_Nodes.inp","SWMM5_NCIMM","1825858","2309","2567","2641","0","27","108","20504327","1001298","3240","variable-step"
"SWMM5_NCIMM\2227_Nodes_RDII.inp","SWMM5_NCIMM","1883177","0","2227","2274","0","47.92","575","57024276","687438","5750","variable-step,threads=1"
"SWMM5_NCIMM\222_Pumps.inp","SWMM5_NCIMM","1008560","0","1217","1444","0","24","480","27984866","411438","2880","variable-step"
"SWMM5_NCIMM\22500_H&H_Elements.inp","SWMM5_NCIMM","5914246","0","10579","11604","0","54","648","315451679","3339738","19440","variable-step,threads=1"
"SWMM5_NCIMM\2250_H_Elements.inp","SWMM5_NCIMM","1353826","178","943","997","0","192","2304","111413083","319308","23040","variable-step,threads=1,file-refs=1(missing 1)"
"SWMM5_NCIMM\225_H_Elements.inp","SWMM5_NCIMM","57706","0","126","127","0","4","48","275648","50238","480","threads=1"
"SWMM5_NCIMM\2293_H_Elements.inp","SWMM5_NCIMM","595662","0","1127","1152","0","119","119","6021858","354138","14280","variable-step,threads=1"
"SWMM5_NCIMM\2300_H&H_Elements.inp","SWMM5_NCIMM","1921953","1196","1145","1174","0","24","96","8645426","467778","2880","variable-step,threads=1"
"SWMM5_NCIMM\2348_Nodes.inp","SWMM5_NCIMM","3950676","235","2378","2507","0","144","1728","198521309","766188","51840","variable-step,threads=1"
"SWMM5_NCIMM\235_Subs_RDII.inp","SWMM5_NCIMM","7832586","235","2378","2523","0","768","8928","1027938934","768588","276480","variable-step,threads=1"
"SWMM5_NCIMM\23754_Nodes.inp","SWMM5_NCIMM","12071425","6119","23911","24642","0","36","432","547040503","7845948","4320","variable-step,threads=1"
"SWMM5_NCIMM\23865_Nodes.inp","SWMM5_NCIMM","13291013","6000","24018","24734","0","24","24","31926063","14435328","2880","variable-step,threads=1"
"SWMM5_NCIMM\23900_Nodes.inp","SWMM5_NCIMM","11698280","0","23854","23931","0","23","276","291315725","7180038","2760","variable-step,threads=1"
"SWMM5_NCIMM\23_H&H_Elements.inp","SWMM5_NCIMM","19745","3","9","10","0","72","4320","2506375","18048","129600","variable-step,threads=1,file-refs=1(missing 1)"
"SWMM5_NCIMM\23_H_Elements.inp","SWMM5_NCIMM","8401","0","11","10","0","23","276","147455","15438","2760","variable-step,threads=1"
"SWMM5_NCIMM\2425_H_SI_Units_Elements.inp","SWMM5_NCIMM","600498","0","1189","1230","0","4","48","2619407","375138","1440","variable-step,threads=7"
"SWMM5_NCIMM\2431_H&H_Elements.inp","SWMM5_NCIMM","1724431","438","573","662","0","28","1680","69045154","236958","3360","variable-step,threads=1"
"SWMM5_NCIMM\2451_H&H_Elements_SI_Units.inp","SWMM5_NCIMM","3195597","308","1153","1259","0","71.92","863","54239254","401808","25890","variable-step,threads=1"
"SWMM5_NCIMM\24567_H&H_SI_Units_Elements.inp","SWMM5_NCIMM","0","0","0","0","0","","0","216","12288","0","no-end-date"
"SWMM5_NCIMM\245_H&H_Si_Units.inp","SWMM5_NCIMM","154274","162","43","44","0","4","240","1723274","39918","720","variable-step,threads=1"
"SWMM5_NCIMM\24650_Nodes.inp","SWMM5_NCIMM","21097197","0","24846","24791","0","96","576","630489563","13414278","34560","variable-step,threads=1"
"SWMM5_NCIMM\2557_H_SI_Units.inp","SWMM5_NCIMM","619343","0","1270","1281","0","24.17","10","622343","394938","2900","variable-step,threads=1"
"SWMM5_NCIMM\2588_Nodes.inp","SWMM5_NCIMM","863260","0","2581","2605","0","24","288","32998542","790188","288","variable-step"
"SWMM5_NCIMM\2594_Nodes.inp","SWMM5_NCIMM","4006486","2305","2597","2672","0","0","0","157843","1010088","0","zero-duration,variable-step,threads=1"
"SWMM5_NCIMM\2600_Nodes_450_Subs.inp","SWMM5_NCIMM","1803982","451","2598","0","0","24","96","7442899","442578","2880","variable-step,threads=1"
"SWMM5_NCIMM\2607_Nodes.inp","SWMM5_NCIMM","17747265","141","2629","2686","0","0.25","2","370228","822228","3","variable-step,threads=1"
"SWMM5_NCIMM\26500_H_Elements_SI_Units.inp","SWMM5_NCIMM","7122796","0","11363","12190","0","48","2880","1488320205","3545238","2880","variable-step,threads=1"
"SWMM5_NCIMM\26570_Nodes.inp","SWMM5_NCIMM","10900030","0","26465","27461","0","24","288","342503780","8101188","288","variable-step"
"SWMM5_NCIMM\266_H&H_SI_Unit_Elements.inp","SWMM5_NCIMM","97803","66","102","100","0","24","1440","9550141","80688","86400","variable-step,threads=1"
"SWMM5_NCIMM\270_H&H_Elements.inp","SWMM5_NCIMM","112964","87","88","90","3","4","240","2391434","46818","1440","threads=1"
"SWMM5_NCIMM\27354_Nodes.inp","SWMM5_NCIMM","16057307","1655","27357","27411","0","0","0","1366334","8376438","0","zero-duration,variable-step,threads=1"
"SWMM5_NCIMM\275000_H&H_Elements.inp","SWMM5_NCIMM","67000205","75177","91270","93312","0","0","0","5384112","34465518","0","zero-duration,variable-step,threads=1"
"SWMM5_NCIMM\2750_H&H_Elements.inp","SWMM5_NCIMM","551033","731","870","944","0","25","100","6381634","350178","90000","variable-step,threads=1,file-refs=10(missing 10)"
"SWMM5_NCIMM\275_Subs_1_GW_3500_Nodes.inp","SWMM5_NCIMM","2387291","275","3842","3627","0","1","12","2303373","2086668","720","variable-step,threads=1"
"SWMM5_NCIMM\276_Nodes.inp","SWMM5_NCIMM","137693","46","277","276","0","24","5760","78974698","171258","8640","variable-step,threads=1"
"SWMM5_NCIMM\2780_H&H_Elements.inp","SWMM5_NCIMM","1340056","528","1126","1126","0","48","5760","383150484","397608","17280","variable-step,threads=1"
"SWMM5_NCIMM\28000_Nodes.inp","SWMM5_NCIMM","13707032","0","27936","29299","0","0","0","1659457","8597538","0","zero-duration,variable-step,threads=1"
"SWMM5_NCIMM\2920_Subs.inp","SWMM5_NCIMM","4150937","2910","3222","3257","0","0","0","197915","1246038","0","zero-duration,variable-step,threads=1"
"SWMM5_NCIMM\29358_H_Elements_SI_Units.inp","SWMM5_NCIMM","4295071","0","14468","14771","0","6","72","46963374","4398138","72","variable-step"
"SWMM5_NCIMM\296_H&H_Elements.inp","SWMM5_NCIMM","296234","48","68","148","0","24","288","1792055","80688","8640","variable-step,threads=1"
"SWMM5_NCIMM\29_H&H_Elements_SI_Units.inp","SWMM5_NCIMM","13407","6","11","10","0","1","60","44223","15978","3600","variable-step,threads=1"
"SWMM5_NCIMM\2YEAR_vsp_master_4.inp","SWMM5_NCIMM","50752","1","60","58","0","18294","1097640","2963631002","30078","1097640","variable-step,threads=1,file-refs=1(missing 1)"
"SWMM5_NCIMM\2_Pumps_2_Subs.inp","SWMM5_NCIMM","40295","2","64","69","0","72","864","2636452","32418","8640","variable-step,threads=1,file-refs=1(missing 1)"
"SWMM5_NCIMM\2d_lid_wq5_swmm5.inp","SWMM5_NCIMM","247213","133","199","207","2","8","96","1696730","85158","5760","variable-step,threads=1"
"SWMM5_NCIMM\3000_NodeModel.inp","SWMM5_NCIMM","4539096","1221","3089","3243","1","144","1728","360236314","1071978","103680","variable-step"
"SWMM5_NCIMM\3000_Nodes_3000_Subs.inp","SWMM5_NCIMM","4150233","2910","3222","3257","0","0","0","186275","1246038","0","zero-duration,variable-step,threads=1"
"SWMM5_NCIMM\3005_H&H_Elements.inp","SWMM5_NCIMM","1013942","1053","913","955","0","5","598","44808238","387258","18000","threads=1"
"SWMM5_NCIMM\3010_H&H_Elements.inp","SWMM5_NCIMM","374470","0","942","997","0","119","5700","242960860","303138","42840","variable-step"
"SWMM5_NCIMM\304_Nodes_234_Subs.inp","SWMM5_NCIMM","755651","246","306","306","0","24","96","2070866","126228","2880","variable-step,threads=1"
"SWMM5_NCIMM\305_H&H_Elements.inp","SWMM5_NCIMM","697026","65","121","134","0","72","864","6688311","56388","25920","variable-step,threads=1"
"SWMM5_NCIMM\3060_Nodes.inp","SWMM5_NCIMM","2200279","2925","3044","3071","0","72","864","197381752","1192788","864","variable-step,file-refs=1(missing 1)"
"SWMM5_NCIMM\30_H_Elements.inp","SWMM5_NCIMM","17638","0","16","15","0","23","276","208691","16938","2760","variable-step,threads=1"
"SWMM5_NCIMM\30_Orifices.inp","SWMM5_NCIMM","263060","0","95","101","0","71.98","288","1262489","41688","259140","variable-step,threads=1"
"SWMM5_NCIMM\3105_H_Elements.inp","SWMM5_NCIMM","963375","0","1536","1570","0","19","6840","467495009","478188","13680","variable-step,threads=1"
"SWMM5_NCIMM\312_H&H_Elements.inp","SWMM5_NCIMM","1636385","43","96","145","0","174","1044","6949183","52308","20880","variable-step,threads=1"
"SWMM5_NCIMM\314_H&H_Elements.inp","SWMM5_NCIMM","144688","91","157","157","0","23.9","239","2371261","67578","17208","variable-step,threads=1"
"SWMM5_NCIMM\319_H&H_Elements.inp","SWMM5_NCIMM","853","0","0","0","0","167","1428","97320","12288","200400",""
"SWMM5_NCIMM\3224_Nodes.inp","SWMM5_NCIMM","1935669","2746","3225","3363","0","25","300","69979072","1247628","1500","variable-step,threads=1"
"SWMM5_NCIMM\325_Nodes.inp","SWMM5_NCIMM","139667","0","324","321","0","12","144","2068649","109038","144","variable-step,threads=1"
"SWMM5_NCIMM\32_Subs_DW_SI_Units.inp","SWMM5_NCIMM","672005","32","46","45","0","12","48","151613","28818","1440","variable-step,threads=1"
"SWMM5_NCIMM\32_Subs_KW_SI_Units.inp","SWMM5_NCIMM","672005","32","46","45","0","12","48","151613","28818","1440","variable-step,threads=1"
"SWMM5_NCIMM\32_Weirs.inp","SWMM5_NCIMM","212581","133","163","245","0","48","5760","75674939","150378","5760","variable-step"
"SWMM5_NCIMM\3363_Nodes.inp","SWMM5_NCIMM","4620045","1394","3386","3575","0","96","1152","227693230","2184498","345600","variable-step,threads=1"
"SWMM5_NCIMM\337_Nodes.inp","SWMM5_NCIMM","3725206","378","337","369","0","24","1380","38161636","282288","8640","variable-step,threads=1"
"SWMM5_NCIMM\3390_Aquifers.inp","SWMM5_NCIMM","13088690","3458","4282","4513","0","70","840","300838","1146328","16800","variable-step,threads=1,file-refs=1(missing 1)"
"SWMM5_NCIMM\3440_H&H_Elements.inp","SWMM5_NCIMM","1541444","279","1393","1752","0","95","1140","88415958","509148","11400","variable-step,threads=1"
"SWMM5_NCIMM\3470_Nodes.inp","SWMM5_NCIMM","1382647","0","3650","3827","0","119.92","1439","236498127","1133838","43170","variable-step,threads=1"
"SWMM5_NCIMM\3472_Nodes.inp","SWMM5_NCIMM","27553910","0","3474","3502","0","96","1152","176975039","1895808","11520","variable-step,threads=1"
"SWMM5_NCIMM\3487_H_Elements_SI_Units.inp","SWMM5_NCIMM","942792","0","1732","1752","0","24","1440","110494004","534888","86400","variable-step,threads=1"
"SWMM5_NCIMM\3525_Nodes.inp","SWMM5_NCIMM","2744346","633","3619","3794","0","24","288","120710","365778","2880","variable-step,threads=1"
"SWMM5_NCIMM\35_H&H_Elements_SI_Units.inp","SWMM5_NCIMM","20390","10","13","12","0","9033","541980","509462087","16938","1083960","variable-step,threads=2,file-refs=1(missing 1)"
"SWMM5_NCIMM\3600_H_Elements.inp","SWMM5_NCIMM","272943","0","612","635","0","48","240","6620512","199338","5760","variable-step,threads=1"
"SWMM5_NCIMM\3650_H&H_Elements.inp","SWMM5_NCIMM","1439023","471","1625","1470","0","24","240","20128323","518928","115200","variable-step,threads=1"
"SWMM5_NCIMM\375_H&H_Elements.inp","SWMM5_NCIMM","202659","0","184","197","0","47","47","405942","69438","18800","variable-step,threads=1"
"SWMM5_NCIMM\3815_Nodes.inp","SWMM5_NCIMM","20070218","65089","3818","3885","0","0","0","1283081","7025748","0","zero-duration,variable-step,threads=1"
"SWMM5_NCIMM\3817_Subs.inp","SWMM5_NCIMM","6116673","3817","1424","1919","0","48","576","112365980","1716468","17280","variable-step,threads=2,file-refs=4(missing 4)"
"SWMM5_NCIMM\3900_H&H_Elements.inp","SWMM5_NCIMM","1395043","606","1642","1639","0","6","720","66075489","558978","4320","variable-step,threads=1"
"SWMM5_NCIMM\392_Nodes.inp","SWMM5_NCIMM","367420","79","392","412","0","48","576","11682067","139998","34560","variable-step,threads=1"
"SWMM5_NCIMM\393_H_Elements.inp","SWMM5_NCIMM","96804","0","189","196","0","12","144","1237344","70038","1440","variable-step,threads=1"
"SWMM5_NCIMM\3998_H_Elements.inp","SWMM5_NCIMM","942594","0","1788","1882","0","10","720","58129048","562788","3600","variable-step,threads=1"
"SWMM5_NCIMM\399_H&H_Elements.inp","SWMM5_NCIMM","262033","29","163","225","0","24","288","2719061","73098","17280","variable-step,threads=1"
"SWMM5_NCIMM\3Pumps.inp","SWMM5_NCIMM","46596","0","59","60","0","6","24","67452","30138","720","variable-step,threads=1"
"SWMM5_NCIMM\401_H_Elements.inp","SWMM5_NCIMM","488526","0","196","201","0","12","48","432284","71838","4320","threads=8"
"SWMM5_NCIMM\405_H&H_Elements.inp","SWMM5_NCIMM","590157","30","151","233","0","24","288","2691428","72588","8640","variable-step,threads=1"
"SWMM5_NCIMM\408_H&H_Elements.inp","SWMM5_NCIMM","159214","100","158","150","0","14","840","8459896","116448","5040","variable-step,threads=1"
"SWMM5_NCIMM\409_Nodes_180_Subs.inp","SWMM5_NCIMM","2989517","183","457","455","0","6","72","1895698","165558","720","variable-step,threads=1"
"SWMM5_NCIMM\40_Subs_327_Links.inp","SWMM5_NCIMM","778940","40","328","333","0","24","8640","137222429","115038","8640","variable-step,threads=1"
"SWMM5_NCIMM\4137_Nodes.inp","SWMM5_NCIMM","25166346","3612","4212","4203","0","11.98","144","170292","2117208","2876","variable-step,threads=1,file-refs=19(missing 19)"
"SWMM5_NCIMM\4138_Nodes.inp","SWMM5_NCIMM","25403388","3612","4212","4203","0","11.98","144","43607940","3042858","2876","variable-step,threads=1,file-refs=19(missing 19)"
"SWMM5_NCIMM\4188_H_SI_Units.inp","SWMM5_NCIMM","780144","0","2022","2096","0","2","24","2278247","1124148","3600","variable-step"
"SWMM5_NCIMM\418_Subs_4300_Nodes.inp","SWMM5_NCIMM","2686272","418","2367","2386","0","47","276","32725276","762858","33840","variable-step,threads=1"
"SWMM5_NCIMM\4190_Nodes.inp","SWMM5_NCIMM","1760281","0","4141","4246","0","8","96","17897706","1270338","96","variable-step"
"SWMM5_NCIMM\4275_Nodes.inp","SWMM5_NCIMM","1259401","0","4215","4265","0","23","276","51685541","1284288","2760",""
"SWMM5_NCIMM\43_H&H_Elements.inp","SWMM5_NCIMM","90357","9","18","17","0","144","576","651048","18348","17280","variable-step,threads=1"
"SWMM5_NCIMM\43a_H&H_Elements.inp","SWMM5_NCIMM","90357","9","18","17","0","48","192","217896","18348","5760","variable-step,threads=1"
"SWMM5_NCIMM\4406_Nodes.inp","SWMM5_NCIMM","2168374","0","4438","4503","0","36","432","85222034","1353438","129600","variable-step,threads=1"
"SWMM5_NCIMM\4430_Nodes_700_Subs.inp","SWMM5_NCIMM","3839289","727","4430","4496","0","24","96","21366195","2574978","2880","variable-step,threads=1"
"SWMM5_NCIMM\443_RDII.inp","SWMM5_NCIMM","9258074","1659","2680","2850","1","24","96","19691497","1853778","2880","variable-step,threads=1,file-refs=1(missing 1)"
"SWMM5_NCIMM\4441_Nodes.inp","SWMM5_NCIMM","4087873","3974","4416","4509","0","0","0","269236","1708698","0","zero-duration,variable-step,threads=1"
"SWMM5_NCIMM\4450_Nodes_18_Pumps.inp","SWMM5_NCIMM","1723263","0","4304","4364","0","48","96","18528280","1312488","5760","variable-step,file-refs=1(missing 1)"
"SWMM5_NCIMM\449_H_Elements.inp","SWMM5_NCIMM","121514","53","201","206","0","48.25","193","2078231","133308","17370","variable-step,threads=1"
"SWMM5_NCIMM\4500_Nodes_1100_Subs.inp","SWMM5_NCIMM","2852328","1160","4563","4786","0","48","192","46813004","2780118","2880","variable-step,threads=1"
"SWMM5_NCIMM\450_Nodes.inp","SWMM5_NCIMM","258561","1","439","452","0","24","2880","56691202","146028","17280","variable-step"
"SWMM5_NCIMM\4569_Nodes.inp","SWMM5_NCIMM","20063594","0","4571","4587","0","30","1800","362946376","1385988","21600","variable-step,threads=1"
"SWMM5_NCIMM\4610_H&H_Elements.inp","SWMM5_NCIMM","1610584","797","1857","1995","0","23.75","285","31464448","1219698","2850","variable-step,threads=1"
"SWMM5_NCIMM\4614_H&H_Elements.inp","SWMM5_NCIMM","2215585","348","2088","2158","0","48","192","20176846","680508","17280","variable-step,threads=1"
"SWMM5_NCIMM\4614_H&H_SI_Units_Elements.inp","SWMM5_NCIMM","1022138","0","2231","2286","0","24","1440","143140634","689838","8640","threads=1"
"SWMM5_NCIMM\463_H_SI_Units_Elements.inp","SWMM5_NCIMM","263461","0","232","231","0","0.25","900","9241039","81738","900","threads=1"
"SWMM5_NCIMM\4666_Nodes.inp","SWMM5_NCIMM","2528413","0","4638","4731","0","12","144","29897675","1417638","144","variable-step,threads=1"
"SWMM5_NCIMM\470_H&H_Elements.inp","SWMM5_NCIMM","790085","39","224","232","0","86","327","27936","93438","15480","variable-step,threads=1"
"SWMM5_NCIMM\4740_H_Elements.inp","SWMM5_NCIMM","1170418","0","2404","2476","0","4","48","5256483","744288","480","threads=1"
"SWMM5_NCIMM\4750_Nodes.inp","SWMM5_NCIMM","445528","0","4747","0","0","24","288","32924897","724338","288","variable-step"
"SWMM5_NCIMM\476_H&H_Elements.inp","SWMM5_NCIMM","217534","114","181","180","0","16","64","757452","76698","11520","threads=1"
"SWMM5_NCIMM\480_Nodes.inp","SWMM5_NCIMM","234285","0","491","490","0","12","48","1062122","159438","720","variable-step,threads=8"
"SWMM5_NCIMM\4873_Nodes.inp","SWMM5_NCIMM","4961585","4989","4877","5068","0","239","2868","1084741336","1953048","28680","variable-step,threads=8"
"SWMM5_NCIMM\487_Nodes_Copper.inp","SWMM5_NCIMM","19317933","104","497","467","2","5238","20952","695801888","294408","314280","variable-step,threads=1"
"SWMM5_NCIMM\48_H&H_Elements.inp","SWMM5_NCIMM","82205","12","18","19","0","48","576","729360","24798","34560","variable-step,threads=1"
"SWMM5_NCIMM\4900_Nodes.inp","SWMM5_NCIMM","2838454","0","4900","4924","0","72","576","124803575","1485888","8640","variable-step,threads=1"
"SWMM5_NCIMM\4902_H_Elements.inp","SWMM5_NCIMM","917392","0","2424","2471","0","24","288","31125069","746538","288","variable-step"
"SWMM5_NCIMM\490_KW_H&H_Elements.inp","SWMM5_NCIMM","262033","29","163","225","0","24","288","2719061","73098","17280","variable-step,threads=1"
"SWMM5_NCIMM\4913_Nodes.inp","SWMM5_NCIMM","48213515","0","4914","5075","0","72","288","63466037","1510638","51840","variable-step,threads=1"
"SWMM5_NCIMM\491_Nodes_490_Circular_Links.inp","SWMM5_NCIMM","234285","0","491","490","0","4","16","369258","159438","240","variable-step,threads=8"
"SWMM5_NCIMM\49500_H&H_SI_Units_Elements.inp","SWMM5_NCIMM","21097197","0","24846","24791","0","96","576","630489563","13414278","34560","variable-step,threads=1"
"SWMM5_NCIMM\495_Subs.inp","SWMM5_NCIMM","6066984","495","1018","1023","0","95","1140","69361003","362988","11400","variable-step,threads=1"
"SWMM5_NCIMM\5000_Subcatchments.inp","SWMM5_NCIMM","3992863","5210","6082","12216","0","","0","586592","3225888","0","no-end-date"
"SWMM5_NCIMM\500_H&H_Elements.inp","SWMM5_NCIMM","787157","128","174","214","0","6","360","4555146","82008","2160","variable-step,threads=1"
"SWMM5_NCIMM\505_H&H_Elements.inp","SWMM5_NCIMM","395146","64","207","287","0","48","576","7401466","92148","17280","variable-step,threads=1"
"SWMM5_NCIMM\505_Nodes.inp","SWMM5_NCIMM","156200","0","511","511","0","24","288","6519022","165588","288","variable-step"
"SWMM5_NCIMM\50_Transects.inp","SWMM5_NCIMM","11738572","0","6","5","0","24","96","30477","13938","8640","variable-step,threads=1"
"SWMM5_NCIMM\510_Nodes.inp","SWMM5_NCIMM","156200","0","511","511","0","24","288","6519022","165588","288","variable-step"
"SWMM5_NCIMM\5120_Nodes.inp","SWMM5_NCIMM","2197278","0","5121","5190","0","24","288","65625922","1558938","288","variable-step"
"SWMM5_NCIMM\512_Nodes.inp","SWMM5_NCIMM","137146","0","524","517","0","24","288","6643055","168438","288","variable-step"
"SWMM5_NCIMM\5250_H_Elements.inp","SWMM5_NCIMM","1355533","0","2485","2540","0","98","392","43430103","766038","11760","variable-step,threads=1"
"SWMM5_NCIMM\527_H_Elements.inp","SWMM5_NCIMM","104042","0","267","263","0","24","1440","16912307","155388","8640","variable-step,threads=1"
"SWMM5_NCIMM\5320_GW.inp","SWMM5_NCIMM","3706236","1846","634","638","0","31.58","379","33092943","743388","22740","variable-step,threads=2,file-refs=2(missing 2)"
"SWMM5_NCIMM\534_Node_Tunnel_Network_300_Subs.inp","SWMM5_NCIMM","816866","213","535","536","0","30","360","10994617","192108","108000","variable-step,threads=1"
"SWMM5_NCIMM\5370_Nodes.inp","SWMM5_NCIMM","3035543","0","5372","5374","0","0","0","257104","1624188","0","zero-duration,variable-step,threads=1"
"SWMM5_NCIMM\5436_H&H_SI_Units.inp","SWMM5_NCIMM","3767095","948","2679","2741","0","144","8640","1292031056","910608","103680","variable-step,threads=1"
"SWMM5_NCIMM\5438_Nodes.inp","SWMM5_NCIMM","2731180","0","5423","5508","0","12","144","34883623","1651938","144","variable-step,threads=1"
"SWMM5_NCIMM\54_H_Elements_No_Outfall_SI_Units.inp","SWMM5_NCIMM","18463","0","28","26","0","6","2160","2723202","20388","4320","variable-step,threads=1"
"SWMM5_NCIMM\54_Nodes_KW.inp","SWMM5_NCIMM","11619288","0","54","53","0","2976","177120","429341494","41178","2142720","variable-step,threads=2"
"SWMM5_NCIMM\5500_Nodes.inp","SWMM5_NCIMM","1726320","0","5265","5329","0","12","144","33789647","1601388","43200",""
"SWMM5_NCIMM\557_H&H_Elements.inp","SWMM5_NCIMM","320945","1","219","215","0","78","936","9050585","77478","9360","variable-step,threads=1"
"SWMM5_NCIMM\559_H&H_Elements.inp","SWMM5_NCIMM","307540","92","232","241","0","47.92","287","3860464","91518","5750","variable-step,threads=1"
"SWMM5_NCIMM\5600_Nodes.inp","SWMM5_NCIMM","2191104","0","5574","5668","0","192","2304","569845930","1698588","2304","variable-step"
"SWMM5_NCIMM\5750_Nodes.inp","SWMM5_NCIMM","0","0","0","0","0","","0","216","12288","0","no-end-date"
"SWMM5_NCIMM\57736_H_Elements_SI_Units.inp","SWMM5_NCIMM","4042831","0","7900","8023","0","24","288","101211058","2400738","10800","variable-step,threads=1"
"SWMM5_NCIMM\589_H_Elements.inp","SWMM5_NCIMM","157213","0","287","295","0","12","144","1866215","99588","1440","variable-step,threads=1"
"SWMM5_NCIMM\58_Subs_13_Orifices.inp","SWMM5_NCIMM","1543493","58","33","94","1","246","1476","7880947","36558","88560","variable-step,threads=1"
"SWMM5_NCIMM\590_H&H_Elements.inp","SWMM5_NCIMM","157338","133","233","257","0","24","288","4349971","97758","1440","variable-step,threads=1"
"SWMM5_NCIMM\5920_Nodes.inp","SWMM5_NCIMM","4352603","0","5912","6180","0","12","144","38550940","1826088","144","variable-step,threads=1"
"SWMM5_NCIMM\5931_H_Elements_SI_Units.inp","SWMM5_NCIMM","1588172","0","2832","3011","0","26","312","40187086","888738","9360","threads=1"
"SWMM5_NCIMM\59_Nodes.inp","SWMM5_NCIMM","32749","0","59","70","0","24","1440","4155766","47118","86400","threads=1"
"SWMM5_NCIMM\5Node_Pump_Model.inp","SWMM5_NCIMM","7497","0","6","6","0","12","144","48266","14088","1440","variable-step,threads=1"
"SWMM5_NCIMM\6000_Nodes.inp","SWMM5_NCIMM","4131746","6639","6699","6822","0","24","288","147361803","2637948","8640","variable-step"
"SWMM5_NCIMM\600_Nodes_540_Subs.inp","SWMM5_NCIMM","962497","616","598","622","0","216","864","91805","336848","25920","variable-step,threads=1,file-refs=85(missing 85)"
"SWMM5_NCIMM\6058_H&H_Elements.inp","SWMM5_NCIMM","2635683","83","2907","3066","0","48","576","77231322","915708","17280","variable-step,threads=1"
"SWMM5_NCIMM\605_Nodes_70_Subs.inp","SWMM5_NCIMM","579393","69","605","840","0","24","96","3268084","235248","2880","variable-step,threads=1"
"SWMM5_NCIMM\6070_Nodes.inp","SWMM5_NCIMM","6457421","5211","6082","12224","0","36","2160","1204255192","6049218","25920","variable-step,threads=1"
"SWMM5_NCIMM\6150_Nodes.inp","SWMM5_NCIMM","2364903","0","6138","6239","0","120","480","131019249","1868838","14400","variable-step"
"SWMM5_NCIMM\6250+H&H_Elements.inp","SWMM5_NCIMM","1990038","182","2921","2960","0","48","192","26116150","910818","5760","variable-step,threads=1"
"SWMM5_NCIMM\6250_H&H_Elements.inp","SWMM5_NCIMM","1990191","182","2921","2960","0","48","192","26116150","910818","5760","variable-step,threads=1"
"SWMM5_NCIMM\630_H&H_Elements.inp","SWMM5_NCIMM","259871","84","7","390","0","2","120","1300583","79398","3600","threads=1"
"SWMM5_NCIMM\633_H&H_Elements.inp","SWMM5_NCIMM","157314","133","233","257","0","24","288","4349971","97758","2880","variable-step,threads=1"
"SWMM5_NCIMM\634_Nodes.inp","SWMM5_NCIMM","3902933","1846","634","638","0","31.58","379","33092943","369228","22740","variable-step,threads=1,file-refs=2(missing 2)"
"SWMM5_NCIMM\6450_H&H_Elements.inp","SWMM5_NCIMM","3444138","4344","1235","1231","0","24","96","18687863","773148","2880","variable-step,threads=1"
"SWMM5_NCIMM\6453_Nodes.inp","SWMM5_NCIMM","4062812","4968","6469","6682","0","7","420","188550899","4606338","2520","variable-step,threads=1"
"SWMM5_NCIMM\6469_Nodes.inp","SWMM5_NCIMM","11412391","3053","7082","7523","0","216","216","294854","2477808","25920","variable-step,threads=1"
"SWMM5_NCIMM\6499_Nodes.inp","SWMM5_NCIMM","4095414","4969","6514","6779","0","7","420","189836529","4644888","2520","variable-step,threads=1"
"SWMM5_NCIMM\64_Pumps_7000_FM_DW_H&H_Elements.inp","SWMM5_NCIMM","1170417","0","2404","2476","0","12","144","15555747","744288","1440","threads=1"
"SWMM5_NCIMM\6500_Nodes.inp","SWMM5_NCIMM","4053849","0","6378","6549","0","24","720","204862164","1951338","17280","variable-step,threads=1"
"SWMM5_NCIMM\65089_Subs.inp","SWMM5_NCIMM","20070218","65089","3818","3885","0","0","0","1283081","7025748","0","zero-duration,variable-step,threads=1"
"SWMM5_NCIMM\653_H&H_Elements.inp","SWMM5_NCIMM","2403016","190","223","163","0","48","2880","42519562","87288","17280","variable-step,threads=1"
"SWMM5_NCIMM\65_Nodes.inp","SWMM5_NCIMM","51406","0","65","64","0","23","276","805629","47118","8280","variable-step,threads=1"
"SWMM5_NCIMM\669_Subs_4500_Nodes.inp","SWMM5_NCIMM","2429767","669","4434","4477","0","744","744","162054927","1409148","44640","variable-step,threads=1"
"SWMM5_NCIMM\6715_Nodes_400_Subs.inp","SWMM5_NCIMM","4555093","407","6762","6903","3","120","480","231815081","2098668","14400","variable-step,threads=1"
"SWMM5_NCIMM\675_H&H_Elements.inp","SWMM5_NCIMM","307750","175","260","321","0","144","17280","316724438","115188","51840","variable-step"
"SWMM5_NCIMM\6867_H_Elements.inp","SWMM5_NCIMM","1516245","0","3400","3449","0","6","72","10999231","1039638","72","variable-step,threads=1"
"SWMM5_NCIMM\6869_H_Elements.inp","SWMM5_NCIMM","1516250","0","3400","3449","0","6","72","10999231","1039638","72","variable-step,threads=1"
"SWMM5_NCIMM\698_Nodes.inp","SWMM5_NCIMM","354918","0","697","713","0","12","144","4505270","223788","144","variable-step,threads=1"
"SWMM5_NCIMM\699_H&H_Elements.inp","SWMM5_NCIMM","641025","129","290","397","0","24","1440","27515382","126948","8640","variable-step,threads=1"
"SWMM5_NCIMM\7001_Zero_Roughness_H&H_Elements.inp","SWMM5_NCIMM","1675840","2111","2318","2347","0","0","0","156136","902028","0","zero-duration,variable-step,threads=1"
"SWMM5_NCIMM\700_H_Elements.inp","SWMM5_NCIMM","188613","0","381","382","0","12","144","2443880","126738","720","variable-step,threads=1"
"SWMM5_NCIMM\700_Nodes.inp","SWMM5_NCIMM","253451","0","699","732","0","24","288","9105396","226938","288","variable-step"
"SWMM5_NCIMM\70100_H_Elements.inp","SWMM5_NCIMM","27553910","0","3474","3502","0","96","1152","176975039","1895808","11520","variable-step,threads=1"
"SWMM5_NCIMM\701_Nodes.inp","SWMM5_NCIMM","10104993","0","702","815","0","30","1800","59830692","239838","216000","threads=1"
"SWMM5_NCIMM\7145_Nodes.inp","SWMM5_NCIMM","3563956","0","7145","7325","0","23","276","88202278","2182788","41400","variable-step,threads=1"
"SWMM5_NCIMM\71_H&H_Elements_SI_Units.inp","SWMM5_NCIMM","29689","7","31","33","0","23.92","1435","2435666","31038","8610","variable-step,threads=1"
"SWMM5_NCIMM\72_H_Elements.inp","SWMM5_NCIMM","22637","0","37","37","0","3","1080","1833460","23388","2700","variable-step,threads=1"
"SWMM5_NCIMM\735_H&H_Elements.inp","SWMM5_NCIMM","321723","45","333","363","0","119","714","11984189","209658","85680","variable-step,threads=1"
"SWMM5_NCIMM\73_Subs_70_Links.inp","SWMM5_NCIMM","2157702","73","80","74","0","120","240","1398235","69198","7200","variable-step,threads=1"
"SWMM5_NCIMM\7405_Subs.inp","SWMM5_NCIMM","19884879","7405","1750","1761","0","0","0","217131","1205388","0","zero-duration,variable-step,threads=1"
"SWMM5_NCIMM\750_Nodes.inp","SWMM5_NCIMM","320238","0","748","798","0","72","864","29398321","244188","864","variable-step"
"SWMM5_NCIMM\751_Nodes.inp","SWMM5_NCIMM","474830","0","748","798","0","12","144","4932721","244188","8640","variable-step,threads=1"
"SWMM5_NCIMM\7574_H&H_Elements.inp","SWMM5_NCIMM","23424191","463","3094","4000","0","24","288","48985825","1118058","17280","variable-step,threads=1,file-refs=173(missing 173)"
"SWMM5_NCIMM\757_Nodes.inp","SWMM5_NCIMM","1406337","67","767","772","0","72","864","31194897","249168","51840","variable-step,threads=1"
"SWMM5_NCIMM\761_Nodes.inp","SWMM5_NCIMM","5685934","383","757","779","0","96","384","17739659","507438","69120","variable-step,threads=8"
"SWMM5_NCIMM\77_H&H_Elements.inp","SWMM5_NCIMM","22389","17","31","31","0","3","360","713127","32598","2160","variable-step,threads=1,file-refs=1(missing 1)"
"SWMM5_NCIMM\780_H&H_SI_Units_Elements.inp","SWMM5_NCIMM","343028","0","374","403","0","8","480","8228119","128838","2880","variable-step,threads=1"
"SWMM5_NCIMM\78121_H&H_Elements.inp","SWMM5_NCIMM","46149823","36333","20832","20949","0","24","288","601086247","9549408","8640","variable-step,threads=1"
"SWMM5_NCIMM\783_Nodes.inp","SWMM5_NCIMM","756261","455","749","849","0","0","0","49848","292938","0","zero-duration,variable-step,threads=1,file-refs=4(missing 4)"
"SWMM5_NCIMM\79_Pumps_440_H&H_Elements.inp","SWMM5_NCIMM","144348","0","182","260","0","24","1440","13888190","78588","17280","variable-step,threads=1"
"SWMM5_NCIMM\7`14_Nodes_SI.inp","SWMM5_NCIMM","518388","14","714","776","0","23.92","287","9553979","237048","17220","variable-step,threads=1"
"SWMM5_NCIMM\8000_Nodes.inp","SWMM5_NCIMM","2665224","0","8061","8281","0","24","288","103818133","2463588","17280","variable-step"
"SWMM5_NCIMM\800_Node_Sewer.inp","SWMM5_NCIMM","270907","0","788","775","0","26","93600","3227363791","246738","93600","variable-step"
"SWMM5_NCIMM\80_Subs.inp","SWMM5_NCIMM","13028265","80","180","221","0","767","3068","34889410","79638","276120","variable-step,threads=1"
"SWMM5_NCIMM\8117_Nodes.inp","SWMM5_NCIMM","6265437","3060","8248","8631","0","24","288","336629","5212218","2880","variable-step,threads=1"
"SWMM5_NCIMM\82_Subs.inp","SWMM5_NCIMM","184809","82","0","0","0","0","0","1204","29508","0","zero-duration,variable-step,threads=1"
"SWMM5_NCIMM\830_H&H_Elements.inp","SWMM5_NCIMM","251623","1","422","440","0","123","1476","28108842","141678","14760","variable-step,threads=1"
"SWMM5_NCIMM\831_H&H_SI_Units_Elements.inp","SWMM5_NCIMM","419918","41","377","418","0","96","1152","21665859","235548","11520","variable-step,threads=1"
"SWMM5_NCIMM\8342_Nodes.inp","SWMM5_NCIMM","4103834","1969","8547","8654","0","36","432","191200883","2769648","2160","variable-step,threads=1"
"SWMM5_NCIMM\8367_Nodes.inp","SWMM5_NCIMM","4156644","0","8289","8362","0","12","144","53156798","2509938","144","variable-step,threads=1"
"SWMM5_NCIMM\8394_H&H_Elements.inp","SWMM5_NCIMM","4620048","1394","3386","3575","0","96","1152","227693230","2184498","345600","variable-step,threads=1"
"SWMM5_NCIMM\8485_Nodes.inp","SWMM5_NCIMM","4164228","0","8465","8568","0","192","672","252140024","4611198","11520","threads=1"
"SWMM5_NCIMM\8515_Nodes.inp","SWMM5_NCIMM","4198580","0","8495","8644","0","95","284","107438824","2583138","17100","variable-step,threads=1"
"SWMM5_NCIMM\853_Storage_Nodes.inp","SWMM5_NCIMM","5140902","851","219","13382","0","24","1440","432690286","3863268","1440","variable-step,threads=1"
"SWMM5_NCIMM\855_H_Elements.inp","SWMM5_NCIMM","211308","0","414","439","0","6","72","1370684","140238","720","variable-step,threads=1"
"SWMM5_NCIMM\860_Nodes.inp","SWMM5_NCIMM","435503","0","859","825","0","0","0","36110","264888","0","zero-duration,variable-step,threads=1"
"SWMM5_NCIMM\860_Nodes_RDII.inp","SWMM5_NCIMM","2672035","126","880","881","0","52632","52632","2254814190","287778","3157920","variable-step,threads=1,file-refs=1(missing 1)"
"SWMM5_NCIMM\869_Nodes_122_Subs.inp","SWMM5_NCIMM","2442000","122","869","861","0","1823.92","21887","920362741","282768","656610","variable-step,threads=1,file-refs=78(missing 78)"
"SWMM5_NCIMM\872_H&H_Elements.inp","SWMM5_NCIMM","12206925","107","351","403","0","48","2880","57551601","238338","172800","variable-step,threads=1"
"SWMM5_NCIMM\8_Subs.inp","SWMM5_NCIMM","34208","8","13","20","0","2","120","125277","22878","240","variable-step,threads=1"
"SWMM5_NCIMM\904_H&H_Elements.inp","SWMM5_NCIMM","2451310","116","390","396","0","95","1140","24027782","140628","34200","variable-step,threads=1"
"SWMM5_NCIMM\90_H&H_SI_Units_Elements.inp","SWMM5_NCIMM","22323","17","31","31","0","3","360","713127","32598","2160","variable-step,threads=1"
"SWMM5_NCIMM\915_Nodes.inp","SWMM5_NCIMM","511107","0","915","907","0","47","564","22694484","504228","2820","variable-step,threads=1"
"SWMM5_NCIMM\917_H_Elements.inp","SWMM5_NCIMM","2353138","0","434","468","0","143.92","1727","34290697","147588","51810","variable-step"
"SWMM5_NCIMM\924_Nodes.inp","SWMM5_NCIMM","572856","0","916","929","0","24","24","1019446","289038","288",""
"SWMM5_NCIMM\9368_Nodes.inp","SWMM5_NCIMM","7675473","0","9369","9541","0","48","192","80373265","2848788","5760","variable-step,threads=1"
"SWMM5_NCIMM\950Nodes.inp","SWMM5_NCIMM","634644","308","939","905","0","72","864","43733383","316608","0","variable-step"
"SWMM5_NCIMM\950_H&H_Elements.inp","SWMM5_NCIMM","434318","4","509","477","0","767","9204","202072920","160548","92040","variable-step,threads=1,file-refs=1(missing 1)"
"SWMM5_NCIMM\950_Subs_600_Nodes_SI_Units.inp","SWMM5_NCIMM","768620","952","510","529","0","9","540","28844788","253818","1080","variable-step,threads=1"
"SWMM5_NCIMM\952_Nodes.inp","SWMM5_NCIMM","323659","0","952","949","0","24","288","12109212","297438","288","variable-step"
"SWMM5_NCIMM\95_Linear_H_Elements.inp","SWMM5_NCIMM","18427","0","34","33","0","36","420","650309","22338","2160","variable-step,threads=1"
"SWMM5_NCIMM\960_H&H_Elements_SI_Units.inp","SWMM5_NCIMM","205509","257","356","364","0","28","336","8124543","260658","20160","variable-step,threads=1"
"SWMM5_NCIMM\960_Nodes.inp","SWMM5_NCIMM","362130","0","939","970","0","24","288","12138436","298638","288","variable-step"
"SWMM5_NCIMM\9651_Nodes.inp","SWMM5_NCIMM","5036334","0","9637","9696","0","12","144","61741688","2912238","144","variable-step,threads=1"
"SWMM5_NCIMM\967_Subs.inp","SWMM5_NCIMM","11499586","976","1756","1823","0","23.75","95","73654","789888","2850","variable-step,threads=1,file-refs=282(missing 282)"
"SWMM5_NCIMM\969_Nodes.inp","SWMM5_NCIMM","732663","0","959","1016","0","52","588","25572687","308538","37440","variable-step,threads=1"
"SWMM5_NCIMM\970_Nodes_180_Subs.inp","SWMM5_NCIMM","1354987","178","943","997","0","3528","42271","2043257995","319308","423360","variable-step,threads=1,file-refs=2(missing 2)"
"SWMM5_NCIMM\977_H&H_Si_Units_Elements.inp","SWMM5_NCIMM","307812","0","479","491","0","119.92","1439","30795962","157788","43170","variable-step,threads=1"
"SWMM5_NCIMM\97_H&H_SI_Units_Elements.inp","SWMM5_NCIMM","23043","17","33","38","0","24","96","209725","24468","2880","variable-step,threads=1"
"SWMM5_NCIMM\980_H&H_Elements.inp","SWMM5_NCIMM","389718","49","451","461","0","2927.92","35135","761749452","268818","351350","variable-step,threads=1,file-refs=4(missing 4)"
"SWMM5_NCIMM\99188_H_Elements.inp","SWMM5_NCIMM","29071825","0","41619","43071","0","48","192","359772798","12715788","5760","variable-step,threads=1"
"SWMM5_NCIMM\99_H&H_SI_ElementsElements.inp","SWMM5_NCIMM","300048","225","357","356","0","1","60","1395647","252048","360","variable-step,threads=1"
"SWMM5_NCIMM\A5.inp","SWMM5_NCIMM","6616079","0","18019","19171","0","48","288","236106956","5590788","172800","variable-step"
"SWMM5_NCIMM\ALLWEIRS_ORIFICES.inp","SWMM5_NCIMM","10460","0","20","15","0","4","240","204443","17538","1440","variable-step"
"SWMM5_NCIMM\ALLWQ.inp","SWMM5_NCIMM","81667","6","1","6","23","7560","315","505250","13878","453600","variable-step"
"SWMM5_NCIMM\ALL_Outfall_Types.inp","SWMM5_NCIMM","7254","0","6","5","0","12","48","15481","15258","720","variable-step,threads=1"
"SWMM5_NCIMM\BANORA.inp","SWMM5_NCIMM","596582","0","1788","1882","0","10","720","58129048","562788","0","variable-step"
"SWMM5_NCIMM\Boone_Trace.inp","SWMM5_NCIMM","5630","0","4","4","0","72","4320","1054491","13488","25920","variable-step"
"SWMM5_NCIMM\CONTINUOUS_EXAMPLE_UNIFORM_FLOW.inp","SWMM5_NCIMM","8086","0","10","9","0","438288","36524","17824354","15138","36524","variable-step,threads=1"
"SWMM5_NCIMM\CRITICAL_DOWNSTREAM_EXAMPLE.inp","SWMM5_NCIMM","7375","0","11","10","0","4","14400","7661491","15438","14400","variable-step,threads=1"
"SWMM5_NCIMM\CRITICAL_DOWNSTREAM_EXAMPLE_SW5.INP","SWMM5_NCIMM","6926","0","11","10","0","0.42","1500","798691","15438","1500","variable-step,threads=1"
"SWMM5_NCIMM\CRITICAL_UPSTREAM_DOWNSTREAM_EXAMPLE_SW5.INP","SWMM5_NCIMM","6855","0","11","10","0","0.5","180","96451","15438","180","variable-step,threads=1"
"SWMM5_NCIMM\CRITICAL_UPSTREAM_EXAMPLE_SW5.INP","SWMM5_NCIMM","7928","0","11","10","0","3","180","96451","17958","10800","variable-step,threads=1"
"SWMM5_NCIMM\Consecutive Flows.inp","SWMM5_NCIMM","90056","59","70","74","0","5","1800","9212617","39198","1800","variable-step,threads=1"
"SWMM5_NCIMM\DDC_SWMM_24HR_100YR.inp","SWMM5_NCIMM","12206941","107","351","403","0","48","2880","57551601","238338","172800","variable-step,threads=1"
"SWMM5_NCIMM\DR6.INP","SWMM5_NCIMM","2352490","490","1424","1359","0","72","288","22280489","866598","25920","variable-step,threads=1,file-refs=4(missing 4)"
"SWMM5_NCIMM\Doomben.inp","SWMM5_NCIMM","36621","0","139","138","0","744","744","4593432","53838","133920",""
"SWMM5_NCIMM\Driveway.inp","SWMM5_NCIMM","9645","1","4","3","0","24","48","12676","13428","8640","variable-step"
"SWMM5_NCIMM\Dummy_Polygon_for_Subcatchments.inp","SWMM5_NCIMM","751144","709","977","1283","0","48","5760","413999256","771378","5760","variable-step"
"SWMM5_NCIMM\Dynamic wave_2_overflows.INP","SWMM5_NCIMM","950388","1","5","6","0","87647","87647","29800445","14028","10517640","variable-step"
"SWMM5_NCIMM\EDSYPHON.inp","SWMM5_NCIMM","7155","0","7","8","0","1","120","48076","16338","120","variable-step,threads=1"
"SWMM5_NCIMM\EPANET_SWMM Hazen Williams comparison.inp","SWMM5_NCIMM","5777","0","9","11","0","2","8","4634","15288","720",""
"SWMM5_NCIMM\EXAM12_SW5.INP","SWMM5_NCIMM","6880","0","7","7","0","2.5","300","113349","16068","300","variable-step,threads=1"
"SWMM5_NCIMM\EXAM1_45_days_SW5.INP","SWMM5_NCIMM","7939","0","10","9","0","1080","6480","3162882","15138","6480","variable-step,threads=1"
"SWMM5_NCIMM\EXAM1_SW5.inp","SWMM5_NCIMM","7930","0","10","9","0","8","480","234882","17418","480","variable-step,file-refs=1(missing 1)"
"SWMM5_NCIMM\EXAM1_no_adverse_slopes_SW5.INP","SWMM5_NCIMM","7925","0","10","9","0","8","144","70914","15138","1440","variable-step,threads=1"
"SWMM5_NCIMM\EXAM21_SW5.inp","SWMM5_NCIMM","6222","0","9","8","0","4","240","107097","14838","2400","variable-step,threads=1"
"SWMM5_NCIMM\EXAM25_SW5.INP","SWMM5_NCIMM","4541","0","4","3","0","2.88","104","23643","13338","1038","variable-step,threads=1"
"SWMM5_NCIMM\EXAM2_WITH_TIDE_SW5.inp","SWMM5_NCIMM","7645","0","10","9","0","8","960","469122","15138","960","variable-step,threads=1"
"SWMM5_NCIMM\EXAM2_long_step_SW5.inp","SWMM5_NCIMM","7462","0","10","9","0","8","96","47490","15138","96","variable-step,threads=1"
"SWMM5_NCIMM\EXAM2_with_numerical_problem_SW5.inp","SWMM5_NCIMM","8778","0","10","10","0","12","4320","2195219","15288","4320","variable-step,threads=1"
"SWMM5_NCIMM\EXAM30_SW5.inp","SWMM5_NCIMM","6887","0","11","10","0","4","480","255976","15438","480","variable-step,threads=1"
"SWMM5_NCIMM\EXAM32_SW5.inp","SWMM5_NCIMM","4655","0","1","2","0","16.67","600","79515","13098","6000","variable-step,threads=1"
"SWMM5_NCIMM\EXAM60_SW5.INP","SWMM5_NCIMM","8412","0","13","12","0","4","1440","893517","16038","14400","variable-step,threads=1"
"SWMM5_NCIMM\EXAM70_SW5.INP","SWMM5_NCIMM","4094","0","4","3","0","3","12","3046","14178","1080","variable-step,threads=1"
"SWMM5_NCIMM\EXAM73_SW5.INP","SWMM5_NCIMM","2523","0","1","0","0","3","360","33353","12438","1080","variable-step,threads=1"
"SWMM5_NCIMM\EXAM7_with_pump3_SW5.INP","SWMM5_NCIMM","8308","0","10","10","0","8","144","73830","15288","1440","variable-step,threads=1"
"SWMM5_NCIMM\EXAM80_Storage.inp","SWMM5_NCIMM","6342","0","4","5","0","6","360","95429","13638","21600","variable-step,threads=1"
"SWMM5_NCIMM\EXAM80a.INP","SWMM5_NCIMM","5994","0","6","5","0","6","72","22887","15258","2160","variable-step,threads=1"
"SWMM5_NCIMM\Existing_Network.inp","SWMM5_NCIMM","1464682","672","1735","1746","0","0","0","100974","594918","0","zero-duration,variable-step"
"SWMM5_NCIMM\Extran_Master_One_Sub.inp","SWMM5_NCIMM","52093","1","60","60","0","10","120","331865","44898","600","variable-step,threads=1"
"SWMM5_NCIMM\ExtrmelySmallModels.inp","SWMM5_NCIMM","4337","0","3","2","0","1","360","65120","13038","3600000","variable-step,threads=1"
"SWMM5_NCIMM\FALSEPUMPS.inp","SWMM5_NCIMM","87079","0","196","191","0","1","60","523910","116778","3600000","variable-step"
"SWMM5_NCIMM\FORCE_MAIN_REYNOLDS.inp","SWMM5_NCIMM","7433","0","15","12","0","30","1800","1203132","19578","10800","variable-step,threads=1"
"SWMM5_NCIMM\Fixed_NEID3_ExistingB&M.inp","SWMM5_NCIMM","269306","185","419","516","0","27","405","10704686","169188","9720","variable-step,threads=1"
"SWMM5_NCIMM\Gov_run.inp","SWMM5_NCIMM","214294","1","20","20","0","68","816","800692","18378","48960","threads=1"
"SWMM5_NCIMM\Greenville_EPA.INP","SWMM5_NCIMM","774398","30","156","233","2","2","24","316553","73338","240","variable-step,threads=1"
"SWMM5_NCIMM\Greenville_SI_1_Month.inp","SWMM5_NCIMM","774915","30","152","233","2","720","720","9121971","72738","86400","variable-step,threads=1"
"SWMM5_NCIMM\H&H_storage_example.inp","SWMM5_NCIMM","22254","8","17","18","2","24","288","414595","18258","8640","variable-step,threads=1"
"SWMM5_NCIMM\HIGH_BC_CRITICAL_UPSTREAM_DOWNSTREAM_EXAMPLE_SW5.INP","SWMM5_NCIMM","6801","0","11","10","0","1.67","600","319891","15438","600","variable-step,threads=1"
"SWMM5_NCIMM\HUFF_DISTRIBUTIONS.inp","SWMM5_NCIMM","15254","4","1","0","0","36","432","95342","12798","2160","variable-step,threads=1"
"SWMM5_NCIMM\HW_ForceMain_Calculation.inp","SWMM5_NCIMM","7430","0","15","12","0","30","1800","1203132","19578","108000","variable-step,threads=1"
"SWMM5_NCIMM\Hydraulic Model_LL.inp","SWMM5_NCIMM","36591","10","28","27","0","24","288","462331","21438","2880","variable-step,threads=1"
"SWMM5_NCIMM\II_Groundwater_2A.inp","SWMM5_NCIMM","79273","1","1","0","0","312","312","38937","12528","3744","variable-step,threads=1"
"SWMM5_NCIMM\IRR & ABS LAN_Cont Sim_2014_03_24 Pond Adjusted.INP","SWMM5_NCIMM","107648","26","1","4","5","438311","438311","711818016","15378","26298660","variable-step,threads=1,file-refs=4(missing 4)"
"SWMM5_NCIMM\InfoSWMM_Chapter7_780_SI_Units_Elements.inp","SWMM5_NCIMM","211622","16","368","378","0","30","1800","30566754","217068","5400","variable-step,threads=1,file-refs=2(missing 2)"
"SWMM5_NCIMM\Inlets.inp","SWMM5_NCIMM","5508","0","5","4","0","20","80","21839","13638","2400","variable-step,threads=1"
"SWMM5_NCIMM\J.E. BALL SAMPLE DRAINAGE NETWORK # 2.inp","SWMM5_NCIMM","7282","0","10","9","0","5","18","9360","15138","1800","variable-step,threads=1"
"SWMM5_NCIMM\Kevin_test_model.inp","SWMM5_NCIMM","4790","0","4","4","0","12","720","176048","13488","2160","variable-step,threads=1"
"SWMM5_NCIMM\Kevin_test_model_v12.inp","SWMM5_NCIMM","4786","0","4","4","0","12","720","176048","13488","2160","variable-step,threads=1"
"SWMM5_NCIMM\LID_ImperviousCapture.INP","SWMM5_NCIMM","132489","16","19","17","3","60","120","241160","19128","7200","variable-step"
"SWMM5_NCIMM\LL_Export_2.inp","SWMM5_NCIMM","13024243","80","180","221","0","767","3068","34889410","79638","276120","variable-step"
"SWMM5_NCIMM\LNA_SW5-2005-Sam.inp","SWMM5_NCIMM","1032198","224","276","287","0","48","192","3783526","116898","17280","variable-step,file-refs=63(missing 63)"
"SWMM5_NCIMM\LOOPED_EXAMPLE_1_SW5.INP","SWMM5_NCIMM","9707","0","19","18","0","1.67","100","89459","17838","6000","variable-step,threads=1"
"SWMM5_NCIMM\Large_GW.inp","SWMM5_NCIMM","3165685","1846","634","638","0","7.58","455","39713759","369228","5460","variable-step,file-refs=2(missing 2)"
"SWMM5_NCIMM\Letort Model 1-31-14S-Changes.INP","SWMM5_NCIMM","336548","220","424","755","0","48","576","18685236","376818","172800","variable-step,file-refs=1(missing 1)"
"SWMM5_NCIMM\Letortpad-1-6-2014 Test.inp","SWMM5_NCIMM","263013","226","432","434","0","24","288","7611749","293568","86400","variable-step,file-refs=1(missing 1)"
"SWMM5_NCIMM\Lid_NO_Lid.inp","SWMM5_NCIMM","12579","8","6","5","0","6","72","41438","16938","2160","variable-step"
"SWMM5_NCIMM\Linear_Force_Main.inp","SWMM5_NCIMM","150765","0","254","270","0","47","82800","957512482","90888","169200","variable-step"
"SWMM5_NCIMM\Long_PS_Model.inp","SWMM5_NCIMM","7387265","0","53","56","0","4872","19488","47943516","28638","17539200","variable-step,threads=1"
"SWMM5_NCIMM\MJTestOfNoSlope.inp","SWMM5_NCIMM","198125","189","247","303","0","23","1380","25001462","111798","2760","variable-step"
"SWMM5_NCIMM\MWHBaltimore.inp","SWMM5_NCIMM","4320","1","1","0","0","580638","580638","71999354","12528","6967656","variable-step,file-refs=1(missing 1)"
"SWMM5_NCIMM\MainRivers-SW5-Feb09OFupdate.inp","SWMM5_NCIMM","5077812","1544","2109","2184","0","2352","9408","1352754165","1495638","282240","variable-step,file-refs=596(missing 596)"
"SWMM5_NCIMM\Many_Flow_Splits.inp","SWMM5_NCIMM","7797","0","15","22","0","48","1728","1500931","22278","5760","variable-step"
"SWMM5_NCIMM\Many_LInks_to_One_Node.inp","SWMM5_NCIMM","583647","93","157","186","0","25","500","3802857","72108","90000","variable-step,threads=1"
"SWMM5_NCIMM\Many_Natural_Channels.inp","SWMM5_NCIMM","9080501","113","244","422","0","174","1044","18797024","122358","62640","variable-step,threads=1"
"SWMM5_NCIMM\MiddleMillCreek_SW5.inp","SWMM5_NCIMM","378070","408","592","613","0","48","576","22849897","423318","34560","variable-step,threads=1"
"SWMM5_NCIMM\MikeUrbanCN.inp","SWMM5_NCIMM","28686","5","10","8","0","24","96","60975","15438","2880","variable-step"
"SWMM5_NCIMM\Mod_1710 - 2014 - 20year R3.inp","SWMM5_NCIMM","61219","15","39","57","0","24","96","254311","28038","8640","variable-step"
"SWMM5_NCIMM\Modified_Doomben.inp","SWMM5_NCIMM","70704","0","139","138","0","744","2976","18351480","53838","89280",""
"SWMM5_NCIMM\More Process 100 Bio Cell.inp","SWMM5_NCIMM","9733","1","3","2","1","5","60","14505","13848","3600","variable-step,threads=1"
"SWMM5_NCIMM\Myakka (2).INP","SWMM5_NCIMM","1111075","354","356","354","0","8760","8759","236687227","150648","1051200","variable-step,file-refs=1(missing 1)"
"SWMM5_NCIMM\NEID3_ExistingB&M.inp","SWMM5_NCIMM","258365","185","419","516","0","27","405","10704686","303588","9720","variable-step"
"SWMM5_NCIMM\New_MikeUrbanCN.inp","SWMM5_NCIMM","33763","10","9","8","0","24","96","74094","15738","2880","variable-step"
"SWMM5_NCIMM\New_RTCExample.inp","SWMM5_NCIMM","46750","0","60","59","0","6","72","196567","30138","2160","variable-step,threads=1"
"SWMM5_NCIMM\OCP_NEID123_Base_Alt_V3_H.inp","SWMM5_NCIMM","234006","151","619","624","0","48.25","579","18699272","212328","34740","variable-step"
"SWMM5_NCIMM\OrificeDelay.inp","SWMM5_NCIMM","3007","0","1","1","0","6","2160","242174","12588","2160","variable-step,threads=1"
"SWMM5_NCIMM\Other_Loss_Network.inp","SWMM5_NCIMM","13609","0","28","21","0","6","24","29300","25518","21600","variable-step,threads=1"
"SWMM5_NCIMM\PCSWMM 3.2 EXERCISE 1C.inp","SWMM5_NCIMM","15609","1","1","0","0","34.17","137","17234","12768","4100","variable-step,threads=1"
"SWMM5_NCIMM\PROJECT.inp","SWMM5_NCIMM","75521","74","69","62","0","6","24","131798","38598","720","variable-step"
"SWMM5_NCIMM\PhantomStorage.inp","SWMM5_NCIMM","19110","0","1","26","1","12","720","519477","16338","43200","variable-step,threads=1"
"SWMM5_NCIMM\PhantomStoragev13b.inp","SWMM5_NCIMM","19252","0","1","26","1","12","720","519477","16338","43200","variable-step,threads=1"
"SWMM5_NCIMM\PierA_Oct_2008_model_Relief.inp","SWMM5_NCIMM","3088265","74","136","168","0","3276","39312","356175491","64548","786240","variable-step,threads=1,file-refs=2(missing 2)"
"SWMM5_NCIMM\Project15.inp","SWMM5_NCIMM","107756","15","41","40","0","23.83","286","668991","37308","1430","variable-step"
"SWMM5_NCIMM\Pump_Cycling.inp","SWMM5_NCIMM","26190","0","59","59","1","8","2880","9034719","44148","2880","variable-step"
"SWMM5_NCIMM\RTCExample.inp","SWMM5_NCIMM","26173","0","60","58","0","6","360","963486","29988","360","variable-step"
"SWMM5_NCIMM\RUNOFF11_SW5.INP","SWMM5_NCIMM","4627","1","1","0","0","4.17","17","2354","12528","50","variable-step,threads=1"
"SWMM5_NCIMM\RUNOFF25a_SW5.INP","SWMM5_NCIMM","5860","1","1","0","0","25","100","12646","12528","300","variable-step,threads=1"
"SWMM5_NCIMM\RUNOFF29_SW5.inp","SWMM5_NCIMM","6578","1","3","2","0","36","432","91903","13848","4320","variable-step,threads=1"
"SWMM5_NCIMM\RUNOFF2_SW5.INP","SWMM5_NCIMM","5258","1","2","1","0","2","8","1636","13308","240","variable-step,threads=1"
"SWMM5_NCIMM\Run4 Blocks A to D GR Rain B LID.inp","SWMM5_NCIMM","1461780","97","50","57","0","8759","8759","48283563","37068","525540","variable-step,threads=1"
"SWMM5_NCIMM\STEEP_adverse_example_2_SW5.INP","SWMM5_NCIMM","6790","0","11","10","0","1.67","600","319891","15438","600","threads=1"
"SWMM5_NCIMM\STEEP_drop_example_1_SW5.INP","SWMM5_NCIMM","7059","0","11","10","0","5.55","666","355003","15438","666","variable-step,threads=1"
"SWMM5_NCIMM\STEEP_drop_example_2_SW5.INP","SWMM5_NCIMM","6998","0","11","10","0","1.67","600","319891","15438","600","variable-step,threads=1"
"SWMM5_NCIMM\SWMM_ForceMain_Calculation-Dynamic.inp","SWMM5_NCIMM","4545","0","5","4","0","30","1440","386349","13638","3600","variable-step,threads=1"
"SWMM5_NCIMM\Small_Pump_FM.inp","SWMM5_NCIMM","5316","0","3","3","0","12","720","144379","13188","4320","variable-step,threads=1"
"SWMM5_NCIMM\Small_SnowPack_Model.inp","SWMM5_NCIMM","3086466","74","136","168","0","3276","39312","356175491","64548","786240","variable-step,threads=1,file-refs=2(missing 2)"
"SWMM5_NCIMM\Storm_Cut.inp","SWMM5_NCIMM","1175490","15","49","53","11","48","2880","22847430","28938","2880","variable-step"
"SWMM5_NCIMM\SubcatchAdjust.inp","SWMM5_NCIMM","7097","4","0","0","0","16","64","12796","12648","1920","variable-step,threads=1"
"SWMM5_NCIMM\Subcatchments_No_Infiltration.inp","SWMM5_NCIMM","69679","12","18","19","0","48","2880","3641617","24798","17280","variable-step"
"SWMM5_NCIMM\SurchargeModel.inp","SWMM5_NCIMM","6222","0","10","10","0","4","1440","732131","15288","14400","threads=1"
"SWMM5_NCIMM\TIMECLOSED_OPEN.inp","SWMM5_NCIMM","12595","4","5","4","5","3.75","225","148184","15558","450","variable-step,threads=1"
"SWMM5_NCIMM\TRANS13a_SW5.INP","SWMM5_NCIMM","12212","0","21","20","0","4","480","467585","23358","2880","variable-step,threads=1"
"SWMM5_NCIMM\Test7_continuous.inp","SWMM5_NCIMM","112890","5","6","4","0","696","41760","18876012","14238","501120",""
"SWMM5_NCIMM\Test_Base.inp","SWMM5_NCIMM","4607340","2","28","59","0","9072","36288","71998006","36198","6531840","variable-step"
"SWMM5_NCIMM\Test_Inet_Offset_3Foot.inp","SWMM5_NCIMM","1927834","0","352","366","0","96","1152","18263286","206148","11520","variable-step,threads=1"
"SWMM5_NCIMM\TreatTest1.inp","SWMM5_NCIMM","19554","8","14","13","2","36","36","44066","17058","2160","variable-step,threads=1"
"SWMM5_NCIMM\TunnelMH.inp","SWMM5_NCIMM","5538","0","3","3","0","5","1210","242375","13188","3600","variable-step"
"SWMM5_NCIMM\Two_Basins.inp","SWMM5_NCIMM","39183","11","17","38","0","8742","34968","55530885","21528","6294240","variable-step,threads=1,file-refs=1(missing 1)"
"SWMM5_NCIMM\USGS_NURP_BrowardCounty_WQ.INP","SWMM5_NCIMM","5447","0","0","0","0","","0","216","12288","0","no-end-date"
"SWMM5_NCIMM\Weir_OverTopping.inp","SWMM5_NCIMM","9015","2","2","2","0","47","47","10691","13068","33840","variable-step,threads=1"
"SWMM5_NCIMM\Youville parking lot.INP","SWMM5_NCIMM","789970","470","1670","1804","0","24","96","8859981","575688","2880","variable-step"
"SWMM5_NCIMM\advancedFlowSplit.inp","SWMM5_NCIMM","14700","0","17","25","0","12","144","141622","18588","144","variable-step,threads=1"
"SWMM5_NCIMM\all_culverts.inp","SWMM5_NCIMM","86272","0","228","171","0","5","300","2697957","120018","600","variable-step,threads=1"
"SWMM5_NCIMM\all_scs.inp","SWMM5_NCIMM","281625","8","1","0","0","27","1620","564168","13158","9720","variable-step"
"SWMM5_NCIMM\attenuation_10foot_example_SW5.inp","SWMM5_NCIMM","33206","0","66","63","1","1.33","80","277508","47118","160","variable-step,threads=1"
"SWMM5_NCIMM\bend.inp","SWMM5_NCIMM","1018567","0","1883","1946","0","51","2880","242522831","586638","3060","variable-step,threads=1"
"SWMM5_NCIMM\bioretention.inp","SWMM5_NCIMM","7089","1","1","0","0","16.02","175","21956","12768","11532","threads=1"
"SWMM5_NCIMM\catchment_as_outfall.inp","SWMM5_NCIMM","7141","2","5","3","0","6","24","7898","13668","21600","threads=1"
"SWMM5_NCIMM\constant_inflow_example.inp","SWMM5_NCIMM","7156","0","8","9","0","12","144","63922","14838","144","threads=1"
"SWMM5_NCIMM\culverts_BR.inp","SWMM5_NCIMM","29657","1","3","2","0","24","1440","305598","13848","17280","variable-step,threads=1"
"SWMM5_NCIMM\dividers_in_dynamic_wave.inp","SWMM5_NCIMM","5416","0","3","4","0","4","240","53184","13338","1440","variable-step,threads=1"
"SWMM5_NCIMM\dual_drainage.inp","SWMM5_NCIMM","8216","0","15","17","0","6","216","166853","20928","720","variable-step"
"SWMM5_NCIMM\duoBioCell.inp","SWMM5_NCIMM","4338","1","3","2","1","5","60","14505","13848","3600","variable-step"
"SWMM5_NCIMM\extran_master_swmm34_example_SW5.INP","SWMM5_NCIMM","47847","0","60","58","1","8","2880","9046229","44148","2880","variable-step,threads=1"
"SWMM5_NCIMM\extran_pid_master.INP","SWMM5_NCIMM","47554","0","60","58","0","6","360","963499","44148","360","variable-step,threads=1"
"SWMM5_NCIMM\flat_example_1.inp","SWMM5_NCIMM","7140","0","11","10","0","5","600","319891","15438","600","variable-step,threads=1"
"SWMM5_NCIMM\force_main_example.inp","SWMM5_NCIMM","126098","0","295","298","0","96","5760","75514543","172398","86400","variable-step"
"SWMM5_NCIMM\force_main_gravity_example.inp","SWMM5_NCIMM","122841","0","295","298","0","96","5760","902771","172398","86400","variable-step"
"SWMM5_NCIMM\fullparkinglot.inp","SWMM5_NCIMM","11332","4","10","9","0","6","24","15410","15498","720","variable-step,threads=1"
"SWMM5_NCIMM\future2050.inp","SWMM5_NCIMM","34357","0","29","30","0","8","480","656350","21138","2880","variable-step,threads=1"
"SWMM5_NCIMM\gate_control_3.inp","SWMM5_NCIMM","50734","0","111","114","0","9","540","2711663","46038","32400","threads=2"
"SWMM5_NCIMM\great_miami.inp","SWMM5_NCIMM","58553","0","34","33","0","24","1440","2225624","22338","17280","variable-step,threads=1"
"SWMM5_NCIMM\gw.inp","SWMM5_NCIMM","228836","48","68","148","0","72","864","5361064","80688","25920","variable-step"
"SWMM5_NCIMM\hechms.inp","SWMM5_NCIMM","226490","1","1","0","0","12","144","18111","12768","1440","variable-step"
"SWMM5_NCIMM\indy_small.inp","SWMM5_NCIMM","5668431","6199","8248","8630","0","25","300","171281696","5871138","3000","variable-step"
"SWMM5_NCIMM\joe_li_problem.inp","SWMM5_NCIMM","1138868","88","357","393","0","5160","5136","99206979","132708","309600","variable-step"
"SWMM5_NCIMM\kedric_model.inp","SWMM5_NCIMM","3353850","96","133","140","2","10","120","1458649","106158","1800","variable-step,threads=1"
"SWMM5_NCIMM\kembla.inp","SWMM5_NCIMM","29621","11","17","38","6","8736","34944","110844212","29448","6289920","variable-step,file-refs=1(missing 1)"
"SWMM5_NCIMM\killian_new.inp","SWMM5_NCIMM","10215801","4286","8843","9026","0","47.92","192","102255609","3078378","17250","variable-step"
"SWMM5_NCIMM\lakes.inp","SWMM5_NCIMM","1758894","1653","2289","2921","0","48","5760","958157528","1766118","5760","variable-step"
"SWMM5_NCIMM\lid1d.inp","SWMM5_NCIMM","326815","228","228","333","4","24","1440","46271078","211638","8640","variable-step"
"SWMM5_NCIMM\longFM.inp","SWMM5_NCIMM","8638","0","21","20","0","3","1080","1050770","23358","10800","variable-step"
"SWMM5_NCIMM\m.inp","SWMM5_NCIMM","6222","0","10","10","0","4","1440","732131","15288","14400","threads=1"
"SWMM5_NCIMM\many_gages.inp","SWMM5_NCIMM","2371977","1645","2847","2825","0","24","288","51371637","1011138","17280","variable-step"
"SWMM5_NCIMM\many_lakes.inp","SWMM5_NCIMM","275210","0","508","676","0","24","17280","445508110","189888","17280","variable-step"
"SWMM5_NCIMM\many_transects_vertex.inp","SWMM5_NCIMM","238167","61","129","140","0","78","936","7416125","58128","9360","variable-step"
"SWMM5_NCIMM\mj_dubai.inp","SWMM5_NCIMM","4822450","1053","3011","3090","1","72","4320","848838342","1022208","8640","variable-step,threads=1"
"SWMM5_NCIMM\ncdc_format.inp","SWMM5_NCIMM","3627","2","0","0","0","4296","17184","2268522","12468","515520","variable-step,threads=1,file-refs=2(missing 2)"
"SWMM5_NCIMM\newII°.inp","SWMM5_NCIMM","80227","0","177","176","1","24","2880","26642292","65238","8640",""
"SWMM5_NCIMM\new_node674_pollutant.inp","SWMM5_NCIMM","80099","0","176","176","1","24","144","1335713","65088","43200","variable-step"
"SWMM5_NCIMM\nimmer.inp","SWMM5_NCIMM","719958","100","694","763","1","48","192","7991627","239838","5760","variable-step,threads=1"
"SWMM5_NCIMM\noInflow_1200Nodes.inp","SWMM5_NCIMM","354650","0","1269","1282","0","48","288","16235899","394938","576","variable-step"
"SWMM5_NCIMM\node674_pollutant.inp","SWMM5_NCIMM","79710","0","177","176","1","24","144","1339764","65238","86400",""
"SWMM5_NCIMM\offset_CRITICAL_UPSTREAM_DOWNSTREAM_EXAMPLE_4b_SW5.INP","SWMM5_NCIMM","6922","0","11","10","0","1","3600","1915891","15438","3600","variable-step,threads=1"
"SWMM5_NCIMM\one_orifice_model.inp","SWMM5_NCIMM","5843","0","13","13","0","4","240","154415","19308","2880","variable-step"
"SWMM5_NCIMM\oneyear_extran1.inp","SWMM5_NCIMM","7449","0","10","9","0","438296","438296","213889090","15138","26297760","threads=1"
"SWMM5_NCIMM\orifice.inp","SWMM5_NCIMM","197444","0","4","4","0","191.83","1151","281256","13488","69060","variable-step,threads=1"
"SWMM5_NCIMM\orifice_closing_rules.INP","SWMM5_NCIMM","48863","0","60","58","0","6","360","963486","44148","360","variable-step"
"SWMM5_NCIMM\pitfalls.inp","SWMM5_NCIMM","62953","0","134","143","0","30","360","2220088","53838","108000","variable-step"
"SWMM5_NCIMM\planning_model.inp","SWMM5_NCIMM","14119","0","36","36","0","23","276","457975","23088","276",""
"SWMM5_NCIMM\porous_pavement.inp","SWMM5_NCIMM","4207","1","0","0","0","6","360","36225","12378","720","variable-step"
"SWMM5_NCIMM\project220yrfinal2inp.INP","SWMM5_NCIMM","21107","16","14","13","0","4","240","283181","17778","480","variable-step"
"SWMM5_NCIMM\pump3_scatter.inp","SWMM5_NCIMM","5239","0","3","3","0","30","10800","2160361","13908","10800","variable-step,threads=1"
"SWMM5_NCIMM\pump3_scatter_HW.inp","SWMM5_NCIMM","5239","0","3","3","0","30","10800","2160361","13908","10800","variable-step,threads=1"
"SWMM5_NCIMM\pump4_rating_curve_comparison.INP","SWMM5_NCIMM","46385","0","60","58","0","6","360","963511","44148","1080","variable-step,threads=1"
"SWMM5_NCIMM\pump_scatter_SI_Units.inp","SWMM5_NCIMM","5246","0","3","3","0","30","10800","2160361","13908","10800","variable-step,threads=1"
"SWMM5_NCIMM\rdii_exportICM.inp","SWMM5_NCIMM","509397","8","14","13","2","8735","8735","10482866","17058","524100","variable-step,threads=1"
"SWMM5_NCIMM\reverse_flow.inp","SWMM5_NCIMM","3202","0","4","3","0","0.1","36","8455","13338","36",""
"SWMM5_NCIMM\riverhills.inp","SWMM5_NCIMM","193389","199","307","334","0","48","576","11816547","227148","5760","variable-step"
"SWMM5_NCIMM\road.inp","SWMM5_NCIMM","23184","4","5","6","2","48","96","53946","14298","5760","variable-step,threads=1"
"SWMM5_NCIMM\rtk.inp","SWMM5_NCIMM","2625575","1","2","1","0","2183.92","8736","1467938","13308","131035","variable-step"
"SWMM5_NCIMM\rtk_usgs_runoff.inp","SWMM5_NCIMM","20076","4","4","5","5","54","3240","2113062","15558","19440","variable-step"
"SWMM5_NCIMM\rules.inp","SWMM5_NCIMM","7692588","633","2213","3078","0","0","0","149267","862908","0","zero-duration,variable-step,threads=1"
"SWMM5_NCIMM\sampleRam.inp","SWMM5_NCIMM","24529","0","24","23","0","23","276","306048","19338","4140","threads=1"
"SWMM5_NCIMM\sd.inp","SWMM5_NCIMM","7289","4","4","4","5","192","23040","14101050","15288","69120","variable-step"
"SWMM5_NCIMM\sea_level_fm.inp","SWMM5_NCIMM","63858","0","132","142","0","36","12960","78753136","53388","129600","variable-step"
"SWMM5_NCIMM\seepage.inp","SWMM5_NCIMM","307702","175","260","321","0","144","17280","316724438","115188","51840","variable-step"
"SWMM5_NCIMM\si_nippean.inp","SWMM5_NCIMM","67228","27","72","71","0","720","2880","11754493","36168","86400","variable-step"
"SWMM5_NCIMM\singapore.inp","SWMM5_NCIMM","107578","15","41","40","0","23.83","286","668991","37308","1430","variable-step,threads=1"
"SWMM5_NCIMM\siphon_1_SW5.INP","SWMM5_NCIMM","7117","0","11","10","0","5","1800","958291","15438","1800","variable-step,threads=1"
"SWMM5_NCIMM\siphon_flat.inp","SWMM5_NCIMM","4048","0","8","7","0","23","1380","552576","16338","8280","variable-step"
"SWMM5_NCIMM\siphon_large_SW5.INP","SWMM5_NCIMM","7035","0","11","10","0","5","1800","958291","15438","18000","variable-step,threads=1"
"SWMM5_NCIMM\skeleton.inp","SWMM5_NCIMM","52346","0","85","83","0","23","2760","10403778","37488","16560","variable-step"
"SWMM5_NCIMM\small_rdii_example.inp","SWMM5_NCIMM","2800061","1","1","0","0","61727","740724","91850034","12528","7407240","variable-step,threads=1"
"SWMM5_NCIMM\small_snowmelt_model.inp","SWMM5_NCIMM","4264","1","2","1","0","35","140","23802","13308","4200","variable-step"
"SWMM5_NCIMM\somerville.inp","SWMM5_NCIMM","1134567","470","1670","1781","0","0","0","96641","572238","0","zero-duration,variable-step,threads=1"
"SWMM5_NCIMM\steep_adverse_example_1_SW5.INP","SWMM5_NCIMM","7200","0","11","10","0","1.1","396","211363","15438","396","variable-step,threads=1"
"SWMM5_NCIMM\storm_cut_SW5.INP","SWMM5_NCIMM","52029","15","43","52","0","48","6","18572","41088","2880","variable-step,file-refs=1(missing 1)"
"SWMM5_NCIMM\surcharge_example1_1_SW5.INP","SWMM5_NCIMM","6967","0","11","10","0","1","3600","1915891","15438","3600","variable-step,threads=1"
"SWMM5_NCIMM\surcharge_example3_1_SW5.INP","SWMM5_NCIMM","6896","0","11","10","0","0.5","1800","958291","15438","1800","threads=1"
"SWMM5_NCIMM\surcharge_level_example.inp","SWMM5_NCIMM","11514","0","7","6","0","12","4320","1538387","14238","4320","variable-step,threads=1"
"SWMM5_NCIMM\surcharge_level_example_with_50footsurchageLevels&ponding.inp","SWMM5_NCIMM","11510","0","7","6","0","12","4320","1538387","14238","4320","variable-step,threads=1"
"SWMM5_NCIMM\swmm5_pid_example.inp","SWMM5_NCIMM","42947","0","60","57","0","6","72","193636","29838","1080","variable-step"
"SWMM5_NCIMM\swsflooding.inp","SWMM5_NCIMM","550099","0","661","680","0","47","2760","81539025","213438","169200","variable-step,threads=1"
"SWMM5_NCIMM\tarp.inp","SWMM5_NCIMM","4855276","0","119","120","0","50.33","3020","16083992","48138","181200","variable-step,threads=1"
"SWMM5_NCIMM\testExport.inp","SWMM5_NCIMM","31764","9","18","17","0","","0","1302","18348","0","no-end-date"
"SWMM5_NCIMM\timeoff.inp","SWMM5_NCIMM","47912","0","59","58","1","30","1800","5604606","43878","10800","variable-step,threads=1"
"SWMM5_NCIMM\transect.INP","SWMM5_NCIMM","11990113","12","42","46","0","767","3068","7304761","26568","276120","variable-step"
"SWMM5_NCIMM\transect_small.inp","SWMM5_NCIMM","11738309","0","6","5","0","24","96","30477","13938","8640","variable-step"
"SWMM5_NCIMM\treatment.INP","SWMM5_NCIMM","12805","4","4","4","5","3.75","45","28104","15288","450","variable-step,threads=1"
"SWMM5_NCIMM\triangleImportfromSWMM5toICM.INP","SWMM5_NCIMM","48966","0","60","58","1","6","2160","6785429","44148","2160","variable-step,file-refs=2(missing 2)"
"SWMM5_NCIMM\two_outfalls.inp","SWMM5_NCIMM","7755","0","24","23","0","3","180","199927","24978","10800","variable-step"
"SWMM5_NCIMM\uf_dw.inp","SWMM5_NCIMM","6379","0","6","5","0","8","960","299982","13938","960","variable-step,threads=1"
"SWMM5_NCIMM\uf_kw_dw.inp","SWMM5_NCIMM","6368","0","6","5","0","8","960","299982","13938","960","variable-step,threads=1"
"SWMM5_NCIMM\uphill_example_1.inp","SWMM5_NCIMM","6934","0","11","10","0","5","1800","958291","15438","1800","variable-step,threads=1"
"SWMM5_NCIMM\usgsTest.inp","SWMM5_NCIMM","5199","4","4","4","0","","0","451","13848","0","no-end-date,file-refs=2(missing 2)"
"SWMM5_NCIMM\usgs_5_pollutants.inp","SWMM5_NCIMM","6882","4","6","7","1","12.75","765","419806","14598","9180","variable-step"
"SWMM5_NCIMM\usgs_runoff.inp","SWMM5_NCIMM","14410","4","5","6","2","24","144","80634","14298","2880","variable-step"
"SWMM5_NCIMM\v13_force_main_example.inp","SWMM5_NCIMM","131492","0","295","298","0","96","5760","75514543","172398","86400","variable-step,threads=1"
"SWMM5_NCIMM\v14force_main_example.inp","SWMM5_NCIMM","126169","0","295","298","0","96","5760","75514543","172398","86400","variable-step"
"SWMM5_NCIMM\voss.inp","SWMM5_NCIMM","128942","19","56","53","0","48.75","191","591452","30348","17550","variable-step"
"SWMM5_NCIMM\vsp_master.inp","SWMM5_NCIMM","50359","0","60","60","0","6","360","977939","44688","720","threads=1"
"SWMM5_NCIMM\vsp_master_4.inp","SWMM5_NCIMM","48087","0","60","58","0","6","2160","5765873","29988","2160","variable-step,threads=1"
"SWMM5_NCIMM\washington.inp","SWMM5_NCIMM","154613","88","358","345","0","30","360","6633060","125658","3600","variable-step"
"SWMM5_NCIMM\weir_rtc.inp","SWMM5_NCIMM","48691","0","60","58","0","6","21600","57631793","29988","21600","variable-step,threads=1"
"SWMM5_NCIMM\zero_pressure_outfall_with_negative_inverts.inp","SWMM5_NCIMM","4543","0","10","9","0","48","1728","843906","17418","5760","variable-step"
"Semi_Real_Models\1045_H&H_Elements.inp","Semi_Real_Models","439220","56","522","542","0","21","84","2147083","176928","7560","variable-step,threads=1"
"Semi_Real_Models\1046_H&H_Elements(1).inp","Semi_Real_Models","439220","56","522","542","0","21","84","2147083","176928","7560","variable-step,threads=1"
"Semi_Real_Models\1050_H&H_SI_Units(1).inp","Semi_Real_Models","443280","344","400","387","0","24","288","8211976","297018","8640","variable-step,threads=1"
"Semi_Real_Models\1100_H&H_Elements.inp","Semi_Real_Models","588069","135","391","395","0","48","576","53538","55878","34560","variable-step,threads=1"
"Semi_Real_Models\117_H&H_Elements_SI_Units (2).inp","Semi_Real_Models","197447","6","58","57","0","48","2880","8044081","30078","172800","variable-step,threads=1"
"Semi_Real_Models\126000_H&H_Elements (1).inp","Semi_Real_Models","24707080","3655","4417","4402","13","48","192","184571553","1664088","34560","variable-step,threads=4,file-refs=1(missing 1)"
"Semi_Real_Models\126000_H&H_Elements (2).inp","Semi_Real_Models","24707080","3655","4417","4402","13","48","192","184571553","1664088","34560","variable-step,threads=4,file-refs=1(missing 1)"
"Semi_Real_Models\1551_H&H_SI_Units_Elements.inp","Semi_Real_Models","291044","45","734","723","0","3.25","195","6581454","234888","1170","variable-step,threads=1,file-refs=1(missing 1)"
"Semi_Real_Models\1561_H&H_Elements (2).inp","Semi_Real_Models","591547","140","699","712","0","48","576","20521795","236538","17280","variable-step,threads=1"
"Semi_Real_Models\1711_H&H_Elements(1).inp","Semi_Real_Models","572435","248","515","702","8","8760","8760","712080828","217158","525600","variable-step,threads=1,file-refs=29(missing 29)"
"Semi_Real_Models\1845_H&H_Elements (1).inp","Semi_Real_Models","459046","0","915","954","0","23","276","11386122","292638","8280","variable-step,threads=1"
"Semi_Real_Models\185_H&H_Elements_SI_Units (1).inp","Semi_Real_Models","100097","65","64","63","0","6","72","359545","37188","720","variable-step,threads=1"
"Semi_Real_Models\185_H&H_Elements_SI_Units.inp","Semi_Real_Models","100097","65","64","63","0","6","72","359545","37188","720","variable-step,threads=1"
"Semi_Real_Models\1898_H&H_Elements (1).inp","Semi_Real_Models","570666","124","876","898","0","71","852","36701209","289548","51120","variable-step"
"Semi_Real_Models\193_H&H_SI_Units_Elements(2).inp","Semi_Real_Models","124191","72","59","59","4","6","24","195763","36468","720","variable-step,threads=1"
"Semi_Real_Models\193_H&H_SI_Units_Elements.inp","Semi_Real_Models","124191","72","59","59","4","6","24","195763","36468","720","variable-step,threads=1"
"Semi_Real_Models\209_H&H_SI_Units (2).inp","Semi_Real_Models","1097401","37","88","96","0","25","18000","95117270","69738","45000","variable-step,threads=1"
"Semi_Real_Models\210_H&H_Elements.inp","Semi_Real_Models","1459903","97","50","57","0","8759","8759","48283563","37068","525540","variable-step,threads=1"
"Semi_Real_Models\211_H&H_Elements (2).inp","Semi_Real_Models","102449","38","74","108","0","119","714","3731809","43008","85680","variable-step,threads=1"
"Semi_Real_Models\2300_H&H_Elements.inp","Semi_Real_Models","1921953","1196","1145","1174","0","24","96","8645426","467778","2880","variable-step,threads=1"
"Semi_Real_Models\2431_H&H_Elements(2).inp","Semi_Real_Models","1724431","438","573","662","0","28","1680","69045154","236958","3360","variable-step,threads=1"
"Semi_Real_Models\245_H&H_Si_Units(1).inp","Semi_Real_Models","154274","162","43","44","0","4","240","1723274","39918","720","variable-step,threads=1"
"Semi_Real_Models\245_H&H_Si_Units.inp","Semi_Real_Models","154274","162","43","44","0","4","240","1723274","39918","720","variable-step,threads=1"
"Semi_Real_Models\266_H&H_SI_Unit_Elements(2).inp","Semi_Real_Models","97803","66","102","100","0","24","1440","9550141","80688","86400","variable-step,threads=1"
"Semi_Real_Models\266_H&H_SI_Unit_Elements.inp","Semi_Real_Models","97803","66","102","100","0","24","1440","9550141","80688","86400","variable-step,threads=1"
"Semi_Real_Models\270_H&H_Elements(1).inp","Semi_Real_Models","112964","87","88","90","3","4","240","2391434","46818","1440","threads=1"
"Semi_Real_Models\2750_H&H_Elements.inp","Semi_Real_Models","551033","731","870","944","0","25","100","6381634","350178","90000","variable-step,threads=1,file-refs=10(missing 10)"
"Semi_Real_Models\296_H&H_Elements(2).inp","Semi_Real_Models","296234","48","68","148","0","24","288","1792055","80688","8640","variable-step,threads=1"
"Semi_Real_Models\29_H&H_Elements_SI_Units(1).inp","Semi_Real_Models","13407","6","11","10","0","1","60","44223","15978","3600","variable-step,threads=1"
"Semi_Real_Models\3005_H&H_Elements.inp","Semi_Real_Models","1013942","1053","913","955","0","5","598","44808238","387258","18000","threads=1"
"Semi_Real_Models\3010_H&H_Elements.inp","Semi_Real_Models","374470","0","942","997","0","119","5700","242960860","303138","42840","variable-step"
"Semi_Real_Models\305_H&H_Elements (1).inp","Semi_Real_Models","697026","65","121","134","0","72","864","6688311","56388","25920","variable-step,threads=1"
"Semi_Real_Models\305_H&H_Elements(1).inp","Semi_Real_Models","697026","65","121","134","0","72","864","6688311","56388","25920","variable-step,threads=1"
"Semi_Real_Models\305_H&H_Elements.inp","Semi_Real_Models","697026","65","121","134","0","72","864","6688311","56388","25920","variable-step,threads=1"
"Semi_Real_Models\314_H&H_Elements(2).inp","Semi_Real_Models","144688","91","157","157","0","23.9","239","2371261","67578","17208","variable-step,threads=1"
"Semi_Real_Models\3440_H&H_Elements (1).inp","Semi_Real_Models","1541444","279","1393","1752","0","95","1140","88415958","509148","11400","variable-step,threads=1"
"Semi_Real_Models\35_H&H_Elements_SI_Units(2).inp","Semi_Real_Models","20390","10","13","12","0","9033","541980","509462087","16938","1083960","variable-step,threads=2,file-refs=1(missing 1)"
"Semi_Real_Models\375_H&H_Elements (1).inp","Semi_Real_Models","202659","0","184","197","0","47","47","405942","69438","18800","variable-step,threads=1"
"Semi_Real_Models\375_H&H_Elements(2).inp","Semi_Real_Models","202659","0","184","197","0","47","47","405942","69438","18800","variable-step,threads=1"
"Semi_Real_Models\375_H&H_Elements.inp","Semi_Real_Models","202659","0","184","197","0","47","47","405942","69438","18800","variable-step,threads=1"
"Semi_Real_Models\399_H&H_Elements(1).inp","Semi_Real_Models","262033","29","163","225","0","24","288","2719061","73098","17280","variable-step,threads=1"
"Semi_Real_Models\408_H&H_Elements (1).inp","Semi_Real_Models","159214","100","158","150","0","14","840","8459896","116448","5040","variable-step,threads=1"
"Semi_Real_Models\408_H&H_Elements(1).inp","Semi_Real_Models","159214","100","158","150","0","14","840","8459896","116448","5040","variable-step,threads=1"
"Semi_Real_Models\43_H&H_Elements (1).inp","Semi_Real_Models","90357","9","18","17","0","144","576","651048","18348","17280","variable-step,threads=1"
"Semi_Real_Models\43_H&H_Elements(1).inp","Semi_Real_Models","90357","9","18","17","0","144","576","651048","18348","17280","variable-step,threads=1"
"Semi_Real_Models\43a_H&H_Elements(1).inp","Semi_Real_Models","90357","9","18","17","0","48","192","217896","18348","5760","variable-step,threads=1"
"Semi_Real_Models\43a_H&H_Elements(2).inp","Semi_Real_Models","90357","9","18","17","0","48","192","217896","18348","5760","variable-step,threads=1"
"Semi_Real_Models\43a_H&H_Elements.inp","Semi_Real_Models","90357","9","18","17","0","48","192","217896","18348","5760","variable-step,threads=1"
"Semi_Real_Models\443_RDII.inp","Semi_Real_Models","9258074","1659","2680","2850","1","24","96","19691497","1853778","2880","variable-step,threads=1,file-refs=1(missing 1)"
"Semi_Real_Models\4569_Nodes.inp","Semi_Real_Models","20063594","0","4571","4587","0","30","1800","362946376","1385988","21600","variable-step,threads=1"
"Semi_Real_Models\470_H&H_Elements(1).inp","Semi_Real_Models","790085","39","224","232","0","86","327","27936","93438","15480","variable-step,threads=1"
"Semi_Real_Models\470_H&H_Elements.inp","Semi_Real_Models","790085","39","224","232","0","86","327","27936","93438","15480","variable-step,threads=1"
"Semi_Real_Models\476_H&H_Elements(2).inp","Semi_Real_Models","217534","114","181","180","0","16","64","757452","76698","11520","threads=1"
"Semi_Real_Models\490_KW_H&H_Elements.inp","Semi_Real_Models","262033","29","163","225","0","24","288","2719061","73098","17280","variable-step,threads=1"
"Semi_Real_Models\505_H&H_Elements(2).inp","Semi_Real_Models","395146","64","207","287","0","48","576","7401466","92148","17280","variable-step,threads=1"
"Semi_Real_Models\559_H&H_Elements(2).inp","Semi_Real_Models","307540","92","232","241","0","47.92","287","3860464","91518","5750","variable-step,threads=1"
"Semi_Real_Models\590_H&H_Elements.inp","Semi_Real_Models","157338","133","233","257","0","24","288","4349971","97758","1440","variable-step,threads=1"
"Semi_Real_Models\6250+H&H_Elements.inp","Semi_Real_Models","1990038","182","2921","2960","0","48","192","26116150","910818","5760","variable-step,threads=1"
"Semi_Real_Models\630_H&H_Elements (1).inp","Semi_Real_Models","259871","84","7","390","0","2","120","1300583","79398","3600","threads=1"
"Semi_Real_Models\630_H&H_Elements(2).inp","Semi_Real_Models","259871","84","7","390","0","2","120","1300583","79398","3600","threads=1"
"Semi_Real_Models\633_H&H_Elements(1).inp","Semi_Real_Models","157314","133","233","257","0","24","288","4349971","97758","2880","variable-step,threads=1"
"Semi_Real_Models\7574_H&H_Elements (1).inp","Semi_Real_Models","23423439","463","3094","4000","0","24","288","48985825","1118058","17280","variable-step,threads=1,file-refs=173(missing 173)"
"Semi_Real_Models\77_H&H_Elements (1).inp","Semi_Real_Models","22389","17","31","31","0","3","360","713127","32598","2160","variable-step,threads=1,file-refs=1(missing 1)"
"Semi_Real_Models\79_Pumps_440_H&H_Elements.inp","Semi_Real_Models","144348","0","182","260","0","24","1440","13888190","78588","17280","variable-step,threads=1"
"Semi_Real_Models\830_H&H_Elements(2).inp","Semi_Real_Models","251623","1","422","440","0","123","1476","28108842","141678","14760","variable-step,threads=1"
"Semi_Real_Models\831_H&H_SI_Units_Elements(1).inp","Semi_Real_Models","419918","41","377","418","0","96","1152","21665859","235548","11520","variable-step,threads=1"
"Semi_Real_Models\90_H&H_SI_Units_Elements (1).inp","Semi_Real_Models","22323","17","31","31","0","3","360","713127","32598","2160","variable-step,threads=1"
"Semi_Real_Models\90_H&H_SI_Units_Elements(2).inp","Semi_Real_Models","22323","17","31","31","0","3","360","713127","32598","2160","variable-step,threads=1"
"Semi_Real_Models\960_H&H_Elements_SI_Units (1).inp","Semi_Real_Models","205509","257","356","364","0","28","336","8124543","260658","20160","variable-step,threads=1"
"Semi_Real_Models\977_H&H_Si_Units_Elements.inp","Semi_Real_Models","307812","0","479","491","0","119.92","1439","30795962","157788","43170","variable-step,threads=1"
"Semi_Real_Models\97_H&H_SI_Units_Elements.inp","Semi_Real_Models","23043","17","33","38","0","24","96","209725","24468","2880","variable-step,threads=1"
"Semi_Real_Models\980_H&H_Elements (1).inp","Semi_Real_Models","389718","49","451","461","0","2927.92","35135","761749452","268818","351350","variable-step,threads=1,file-refs=4(missing 4)"
"Semi_Real_Models\Fixed_NEID3_ExistingB&M(1).inp","Semi_Real_Models","269306","185","419","516","0","27","405","10704686","169188","9720","variable-step,threads=1"
"Semi_Real_Models\Fixed_NEID3_ExistingB&M(2).inp","Semi_Real_Models","269306","185","419","516","0","27","405","10704686","169188","9720","variable-step,threads=1"
"Semi_Real_Models\H&H_storage_example(2).inp","Semi_Real_Models","22254","8","17","18","2","24","288","414595","18258","8640","variable-step,threads=1"
"Semi_Real_Models\PCSWMM 3.2 EXERCISE 1C(1).inp","Semi_Real_Models","15609","1","1","0","0","34.17","137","17234","12768","4100","variable-step,threads=1"
"Simon_EPA\Exported_ICM_SWMM_Session4_40_Subs_327_Links.inp","Simon_EPA","822939","40","328","333","0","24","1440","22886429","115038","2880","variable-step,threads=1"
"Simon_EPA\Exported_ICM_SWMM_Session80_user4.inp","Simon_EPA","321551","112","209","209","0","24","288","3715429","148668","17280","variable-step"
"Simon_EPA\Nathan_Session79_SquareModel.inp","Simon_EPA","174705","110","134","137","0","20","240","2298802","108558","2400","variable-step,threads=1"
"Simon_EPA\Session10_OutfallBC_65_H_Element.inp","Simon_EPA","17956","0","37","34","0","25","60","99833","31458","900000","variable-step,threads=1"
"Simon_EPA\Session11_Continuous_Groundwater.inp","Simon_EPA","1579860","7","45","44","1","4344","17376","45805797","26268","260640","variable-step,threads=1"
"Simon_EPA\Session12_WestCampusWatershed.inp","Simon_EPA","45014","30","52","49","4","8783.92","8784","47014671","30138","105407","threads=8,file-refs=1(missing 1)"
"Simon_EPA\Session13_user5_sub_patterns.inp","Simon_EPA","255717","145","198","276","0","8.98","108","1631403","96438","1078","variable-step,threads=1"
"Simon_EPA\Session14_usgs_mami_cumulative_rainfall.inp","Simon_EPA","16439","4","5","4","5","3.75","165","108824","15558","450","variable-step,threads=1"
"Simon_EPA\Session14_usgs_miami.inp","Simon_EPA","17254","4","5","4","5","3.75","45","30104","15558","450","variable-step,threads=1"
"Simon_EPA\Session15_runoff47_sw5.inp","Simon_EPA","17114","4","5","4","5","3.75","45","30104","15558","450","variable-step,threads=1"
"Simon_EPA\Session16_rtk_long.inp","Simon_EPA","3390319","1","2","1","0","5807.92","23232","3903266","13308","348475","variable-step,threads=1"
"Simon_EPA\Session17_Extran_Master_Hydrology.inp","Simon_EPA","57596","6","60","60","0","8770","35080","101735110","45948","526200","variable-step,threads=1,file-refs=1(missing 1)"
"Simon_EPA\Session18_GreenvilleSnowmelt.inp","Simon_EPA","2175876","75","926","942","0","120","1440","62734209","299238","14400","variable-step,threads=1"
"Simon_EPA\Session19_CN_Hydrology.inp","Simon_EPA","65585","39","6","5","0","30","1800","2808842","23448","10800","variable-step,threads=1"
"Simon_EPA\Session1_user1.inp","Simon_EPA","41029","58","60","59","0","7","420","1912032","56598","5040","threads=1"
"Simon_EPA\Session20_5_H&H_Elements.inp","Simon_EPA","36755","10","28","27","0","24","288","462331","21438","2880","variable-step,threads=1"
"Simon_EPA\Session21_Horton_Huff_Distribution.inp","Simon_EPA","35306","8","1","0","0","36","2160","752175","13158","2160","variable-step,threads=1"
"Simon_EPA\Session22_31_Subs.inp","Simon_EPA","53255","31","48","47","0","24","96","305398","29328","2880","variable-step,threads=1"
"Simon_EPA\Session23_10_Subs_Continuous.inp","Simon_EPA","385591","10","9","9","0","5824","69888","54792865","15888","69888","variable-step,threads=1"
"Simon_EPA\Session24_LID_SI_Units.inp","Simon_EPA","18032","11","1","0","0","5","48","21680","13428","300","variable-step,threads=1"
"Simon_EPA\Session25_Greenville_6LIDControls_All_LID_Usage.inp","Simon_EPA","804995","30","158","234","2","26.12","314","4052877","73788","3134","variable-step,threads=1"
"Simon_EPA\Session26_KW_No_Links_Swmm5_Runoff.inp","Simon_EPA","496961","27","29","0","0","24","96","157311","19068","1440","variable-step,threads=1"
"Simon_EPA\Session27_link_seepage.inp","Simon_EPA","11193","0","10","9","0","6","4","2599","17418","360","variable-step,threads=1"
"Simon_EPA\Session28_One_Sub_Pump_Model.inp","Simon_EPA","197440","0","4","4","0","191.83","1151","281256","13488","69060","variable-step,threads=1"
"Simon_EPA\Session29_292_Storage_Nodes_200_Subs.inp","Simon_EPA","844999","238","120","625","0","24","96","2235896","145458","4320","variable-step,threads=1"
"Simon_EPA\Session2_user2.inp","Simon_EPA","84738","17","44","102","0","36","432","1606491","55278","25920","threads=1"
"Simon_EPA\Session30_LID_SUDS_MASTER_FILE.inp","Simon_EPA","21689","7","10","9","0","23.83","96","69208","18888","2860","variable-step,threads=1"
"Simon_EPA\Session31_w_wo_BC_2Subcatchments.inp","Simon_EPA","7747","2","1","0","0","48","48","7744","12978","5760","variable-step,threads=1"
"Simon_EPA\Session32_w_wo_SWALE_2Subcatchments.inp","Simon_EPA","7462","2","1","0","0","48","576","90118","12978","5760","variable-step,threads=1"
"Simon_EPA\Session33_w_wo_GR_2Subcatchments.inp","Simon_EPA","6762","2","1","0","0","48","192","30208","12978","5760","variable-step,threads=1"
"Simon_EPA\Session34_8_LID_Example_8_Subs.inp","Simon_EPA","11488","8","4","0","0","263.98","3168","1331088","15048","190068","threads=1"
"Simon_EPA\Session35_LID_Pre_Post.inp","Simon_EPA","7824","2","2","0","0","47","235","42582","12768","33840","variable-step,threads=1"
"Simon_EPA\Session36_221_H&H_SI_Units_Elements.inp","Simon_EPA","1097565","37","88","96","0","36","4320","22832150","69738","12960","variable-step,threads=1"
"Simon_EPA\Session37_101_H&H_Elements.inp","Simon_EPA","5014171","7","40","57","0","48","576","1381647","27468","34560","variable-step,threads=1"
"Simon_EPA\Session38_100_Control_Rules.inp","Simon_EPA","5810881","793","4075","4573","0","264","15840","3401144149","2513778","15840","variable-step,threads=1,file-refs=11(missing 11)"
"Simon_EPA\Session39_Continuous_Model__WQ.inp","Simon_EPA","693834","7","45","44","1","4344","17376","45805797","26268","260640","variable-step,threads=1,file-refs=2(missing 2)"
"Simon_EPA\Session3_user3.inp","Simon_EPA","183843","168","11","139","0","6","360","3062572","49908","43200","threads=1"
"Simon_EPA\Session40_PID extran_master_swmm34_example_SW5.inp","Simon_EPA","51704","0","60","58","1","6","2160","6785427","29988","2160","threads=1"
"Simon_EPA\Session41_extran1_KW_Divider.inp","Simon_EPA","7870","0","10","10","0","8","32","16924","15288","1440","threads=1"
"Simon_EPA\Session42_uphill_example_1.inp","Simon_EPA","7142","0","11","10","0","5","1800","958291","15438","1800","variable-step,threads=1"
"Simon_EPA\Session43_Clocktime_Pump_Rules.inp","Simon_EPA","47423","0","57","61","1","6","360","1129113","44148","2160","variable-step,threads=1"
"Simon_EPA\Session44_all_culverts.inp","Simon_EPA","86305","0","228","171","0","5","300","2697957","120018","600","variable-step,threads=1"
"Simon_EPA\Session45_transect.inp","Simon_EPA","11991236","12","42","46","0","767","3068","7304761","26568","276120","variable-step,threads=1"
"Simon_EPA\Session46_TunnelMH.inp","Simon_EPA","5006","0","3","3","0","5","1210","242375","13188","3600","variable-step,threads=1"
"Simon_EPA\Session47_pressure_net.inp","Simon_EPA","24968","18","19","19","0","23","276","409860","19608","2760","variable-step,threads=1"
"Simon_EPA\Session48_SurchargedWeirs.inp","Simon_EPA","6413","0","6","6","0","6","360","119992","15528","360","variable-step,threads=1"
"Simon_EPA\Session49_sea_level_pump_model_290_H_Elements.inp","Simon_EPA","86972","0","134","143","0","30","1800","11067448","53838","108000","variable-step,threads=1"
"Simon_EPA\Session4_40_Subs_327_Links.inp","Simon_EPA","773574","40","328","333","0","24","1440","22886430","115038","2880","variable-step,threads=1"
"Simon_EPA\Session50_model_pump_setting.inp","Simon_EPA","13119","3","3","3","0","58","3480","1030449","13458","208800","variable-step,threads=1"
"Simon_EPA\Session51_Many_Flow_Splits.inp","Simon_EPA","13235","0","15","22","0","48","1728","1500931","22278","5760","variable-step,threads=1"
"Simon_EPA\Session52_looped_fm.inp","Simon_EPA","14952","0","18","23","0","4","48","47134","18438","1440","variable-step,threads=1"
"Simon_EPA\Session53_looped_example_1.inp","Simon_EPA","9861","0","19","18","0","1.67","100","89459","17838","200","variable-step,threads=1"
"Simon_EPA\Session54_longFM.inp","Simon_EPA","15958","0","20","20","0","3","1080","1024833","23088","10800","variable-step,threads=1"
"Simon_EPA\Session55_leaping_weir_2nd.inp","Simon_EPA","21480","0","5","5","0","8","480","138686","13788","14400","variable-step,threads=1"
"Simon_EPA\Session56_KW_No_Links_Swmm5_Runoff.inp","Simon_EPA","497099","27","29","0","0","24","96","157311","19068","86400","variable-step,threads=1"
"Simon_EPA\Session57_Storage_test_model.inp","Simon_EPA","4790","0","4","4","0","12","720","176048","13488","2160","variable-step,threads=1"
"Simon_EPA\Session58_Interceptor.inp","Simon_EPA","720618","0","941","986","0","30","360","15303567","301338","21600","variable-step,threads=1"
"Simon_EPA\Session59_FORCE2.inp","Simon_EPA","8415","0","11","12","0","25","18000","10296763","18498","18000","variable-step,threads=1"
"Simon_EPA\Session5_PhantomStorage.inp","Simon_EPA","19144","0","1","26","1","12","720","519477","16338","43200","variable-step,threads=1"
"Simon_EPA\Session60_froude_dampen.inp","Simon_EPA","979337","0","1864","1891","0","30","1800","148818680","575538","3600","variable-step,threads=1"
"Simon_EPA\Session61_Cycling_pumps.inp","Simon_EPA","44896","0","59","59","0","8","2880","7675335","44148","2880","variable-step,threads=1"
"Simon_EPA\Session61_InflowOrificeRule.inp","Simon_EPA","48743","0","60","58","0","6","360","963473","29988","360","variable-step,threads=1"
"Simon_EPA\Session62_ALLWEIR.inp","Simon_EPA","10074","0","3","12","0","2","240","91781","16338","240","variable-step,threads=1"
"Simon_EPA\Session63_ALLORF.inp","Simon_EPA","10062","0","3","14","0","2","720","303034","16878","720","variable-step,threads=1"
"Simon_EPA\Session64_custom_shapes.inp","Simon_EPA","8248","0","10","9","0","8","32","16258","15138","1440","variable-step,threads=1"
"Simon_EPA\Session65_ALL_Outfall_Types.inp","Simon_EPA","8287","0","6","5","0","126","504","157753","15258","7560","variable-step,threads=1"
"Simon_EPA\Session66_InfoSewer_ICM.inp","Simon_EPA","15846","0","18","25","0","23","1380","1381102","18738","41400","variable-step,threads=1"
"Simon_EPA\Session67_EPANET_SWMM Hazen Williams comparison.inp","Simon_EPA","6881","0","9","11","0","2","8","4634","15288","7200","variable-step,threads=1"
"Simon_EPA\Session68_46_pumps.inp","Simon_EPA","560258","0","830","875","0","24","96","3645760","268038","8640","variable-step,threads=1"
"Simon_EPA\Session69_2_Weirs_4Subs.inp","Simon_EPA","24939","4","8","7","0","24","288","152733","14898","86400","variable-step,threads=1"
"Simon_EPA\Session6_singapore.inp","Simon_EPA","108119","15","41","40","0","23.83","286","668991","37308","1430","variable-step,threads=1"
"Simon_EPA\Session70_usgs_5_pollutants.inp","Simon_EPA","669314","4","6","7","2","4344","17376","10704224","14598","260640","variable-step,threads=1,file-refs=1(missing 1)"
"Simon_EPA\Session71_epaswmm5_tutorial.inp","Simon_EPA","16168","3","5","4","2","12","144","66713","13908","720","variable-step,threads=1"
"Simon_EPA\Session72_CS_epaswmm5_tutorial.inp","Simon_EPA","16154","3","5","4","2","17532","210384","96777113","13908","210384","variable-step,threads=1,file-refs=1(missing 1)"
"Simon_EPA\Session73_527_H_Elements.inp","Simon_EPA","104023","0","267","263","0","24","1440","16912307","155388","8640","variable-step,threads=1"
"Simon_EPA\Session74_449_H_Elements.inp","Simon_EPA","121506","53","201","206","0","48.25","193","2078231","133308","5790","variable-step,threads=1"
"Simon_EPA\Session75_InfoSWMM_Chapter7_780_SI_Units_Elements.inp","Simon_EPA","210397","16","368","378","0","30","1800","30566754","217068","5400","variable-step,threads=1,file-refs=2(missing 2)"
"Simon_EPA\Session76_tunnels.inp","Simon_EPA","4855278","0","119","120","0","50.33","3020","16083992","48138","181200","variable-step,threads=1"
"Simon_EPA\Session77_myStorm_ALL.inp","Simon_EPA","101271","6","60","58","0","120","7200","20594739","45408","43200","variable-step,threads=1"
"Simon_EPA\Session78_Storage units vs junctions for surcharged conduits.inp","Simon_EPA","5027","0","4","4","0","12","720","176048","13488","8640","variable-step,threads=1"
"Simon_EPA\Session79_SquareModel.inp","Simon_EPA","174585","110","134","137","0","20","240","2298802","108558","2400","variable-step,threads=1"
"Simon_EPA\Session7_siphon_larger_SW5.inp","Simon_EPA","7189","0","11","10","0","5","1800","958291","15438","3600","variable-step,threads=1"
"Simon_EPA\Session80_user4.inp","Simon_EPA","300986","112","209","209","0","24","288","3715429","148668","17280","variable-step,threads=1"
"Simon_EPA\Session81_small_pump_fm_model.inp","Simon_EPA","7289","0","7","8","0","12","144","57546","14538","144","variable-step,threads=1"
"Simon_EPA\Session8_Yarra8.inp","Simon_EPA","25874","6","12","9","0","24","1440","1049079","19218","1440","variable-step,threads=1"
"Simon_EPA\Session9_SI_PUMP_MID.inp","Simon_EPA","307954","0","479","491","0","119.92","1439","30798900","157788","14390","variable-step,threads=1"
"Special\many_Isolated_Nodes.inp","Special","269267","185","419","516","0","459","6885","181543406","169188","1652400","variable-step,threads=1"
"WQ\CONTINUOUS_EXAMPLE_UNIFORM_FLOW.inp","WQ","8086","0","10","9","0","438288","36524","17824354","15138","36524","variable-step,threads=1"
"WQ\ContinuousModelWQ.inp","WQ","693606","7","45","44","1","4344","17376","45805797","26268","260640","variable-step,threads=1,file-refs=1(missing 1)"
"WQ\Continuous_Model__WQ.inp","WQ","693606","7","45","44","1","4344","17376","45805797","26268","260640","variable-step,threads=1,file-refs=1(missing 1)"
"WQ\ERR_CYCLIC_TREATMENT.inp","WQ","9938","0","10","9","2","8","32","21168","15138","1440","threads=1"
"WQ\Peter Klaver_WQ_Tracer.inp","WQ","17433","2","5","2","2","744","2976","1083735","13518","1339200","variable-step,threads=4"
"WQ\PeterKlaver_WQ_Tracer.inp","WQ","17433","2","5","2","2","744","2976","1083735","13518","1339200","variable-step,threads=4"
"WQ\SWMM5BuildupWashoff.inp","WQ","10565","1","3","2","4","5","60","18902","13848","3600","variable-step,threads=1"
"WQ\wq_extran1.inp","WQ","9796","0","10","9","2","8","32","21168","15138","1440","threads=1"
"WQ\wq_mass_extran1.inp","WQ","9664","0","10","9","2","8","32","21168","15138","1440","threads=1"
"Weirs\2_Weirs_4Subs.inp","Weirs","7674","4","8","8","0","24","288","158523","15048","86400","variable-step"
"Weirs\extran3_bottom_orifice.inp","Weirs","7958","0","10","10","0","8","96","49435","15288","1440","threads=1"
"Weirs\extran3_bottom_orifice_pid.inp","Weirs","8023","0","10","10","0","8","96","49435","15288","1440","threads=1"
"Weirs\extran3_bottom_orifice_si_units.inp","Weirs","7958","0","10","10","0","8","96","49435","15288","1440","threads=1"
"Weirs\extran3_bottom_rect_orifice.inp","Weirs","7958","0","10","10","0","8","96","49435","15288","1440","threads=1"
"Weirs\extran3_bottom_rect_orifice_si_units.inp","Weirs","7958","0","10","10","0","8","96","49435","15288","1440","threads=1"
"Weirs\extran3_side_open_close_orifice.inp","Weirs","7958","0","10","10","0","8","96","49435","15288","1440","threads=1"
"Weirs\extran3_side_open_close_orifice_si_units.inp","Weirs","7958","0","10","10","0","8","96","49435","15288","1440","threads=1"
"Weirs\extran3_side_open_close_rect_offset_orifice.inp","Weirs","7958","0","10","10","0","8","96","49435","15288","1440","threads=1"
"Weirs\extran3_side_open_close_rect_offset_orifice_si_units.inp","Weirs","7958","0","10","10","0","8","96","49435","15288","1440","threads=1"
"Weirs\extran3_side_open_close_rect_orifice.inp","Weirs","7958","0","10","10","0","8","96","49435","15288","1440","threads=1"
"Weirs\extran3_side_open_close_rect_orifice_si_units.inp","Weirs","7958","0","10","10","0","8","96","49435","15288","1440","threads=1"
"Weirs\extran3_side_orifice.inp","Weirs","7958","0","10","10","0","8","96","49435","15288","1440","threads=1"
"Weirs\extran3_side_orifice_si_units.inp","Weirs","7958","0","10","10","0","8","96","49435","15288","1440","threads=1"
"Weirs\extran3_side_rect_orifice _si_units.inp","Weirs","7958","0","10","10","0","8","96","49435","15288","1440","threads=1"
"Weirs\extran3_side_rect_orifice.inp","Weirs","7958","0","10","10","0","8","96","49435","15288","1440","threads=1"
"Weirs\extran4.inp","Weirs","8088","0","10","10","0","8","32","16923","15288","1440","threads=1"
"Weirs\extran4_no_surcharge.inp","Weirs","8088","0","10","10","0","8","32","16923","15288","1440","threads=1"
"Weirs\extran4_roadway.inp","Weirs","8110","0","10","10","0","8","32","16923","15288","1440","threads=1"
"Weirs\extran4_sideflow.inp","Weirs","8088","0","10","10","0","8","32","16923","15288","1440","threads=1"
"Weirs\extran4_trapezoidal.inp","Weirs","8088","0","10","10","0","8","32","16923","15288","1440","threads=1"
"Weirs\extran4_vnotch.inp","Weirs","8001","0","10","10","0","8","32","16923","15288","1440","threads=1"
"Weirs\v14RTCManyRules.inp","Weirs","31588","0","59","60","0","6","360","969276","30138","720",""
"XPSWMM\ALLORF.inp","XPSWMM","9910","0","3","14","0","2","720","303034","16878","720","variable-step,threads=1"
"XPSWMM\ALLWEIR.inp","XPSWMM","9895","0","3","12","0","2","240","91781","16338","240","variable-step,threads=1"
"XPSWMM\CollapsingWeir.inp","XPSWMM","1459362","14","39","71","0","456","1824","5242145","44928","328320","variable-step,threads=1"
"XPSWMM\Session8_Yarra8.inp","XPSWMM","25717","6","12","9","0","24","1440","1049079","19218","1440","variable-step,threads=1"
"XPSWMM\Sprenger.inp","XPSWMM","147918","168","11","139","0","4","480","4081127","49908","480","variable-step,threads=1"
"XPSWMM\Yarra8.inp","XPSWMM","25893","6","12","9","0","24","1440","1049079","19218","1440","variable-step,threads=1"
"z1000Years\1000yearSimulation_Case0.inp","z1000Years","7111","1","2","1","1","8771664","8771664","1613986509","12828","35086656","variable-step,threads=1,file-refs=1"
"z1000Years\1000yearSimulation_Case0_wq.inp","z1000Years","7225","1","2","1","1","8771664","8771664","1613986509","12828","35086656","variable-step,threads=1,file-refs=1"
"z1000Years\1000yearSimulation_Case1.inp","z1000Years","6604","1","2","1","0","8771664","8771664","1473639863","12828","35086656","variable-step,threads=1,file-refs=1"
"z1000Years\1000yearSimulation_Case2.inp","z1000Years","6598","1","2","1","0","8771664","8771664","1473639863","12828","35086656","variable-step,threads=1,file-refs=1"
"z1000Years\1000yearSimulation_Case3.inp","z1000Years","7353","1","2","1","0","14592","14592","2451767","12828","58368","variable-step,threads=1"
"z1000Years\1000yearSimulation_Case5.inp","z1000Years","6614","1","2","1","0","4388736","4388736","737307959","13308","17554944","variable-step,threads=1,file-refs=1"
"z1000Years\1000yearSimulation_Case6.inp","z1000Years","6598","1","2","1","0","9648240","9648240","1620904631","12828","38592960","variable-step,threads=1,file-refs=1"
"z1000Years\1000yearSimulation_Case7.inp","z1000Years","6598","1","2","1","0","23352","23352","3923447","12828","93408","variable-step,threads=1,file-refs=1"
"z1000Years\HALF_A_MiLLION.INP","z1000Years","41807694","0","108006","108004","1","6","2160","12137053753","58334988","2160","variable-step,file-refs=2(missing 2)"